#VRML V2.0 utf8
# 3D model generated by easyeda2kicad.py (https://github.com/uPesy/easyeda2kicad.py)

Shape{
    appearance Appearance {
        material  Material 	{
            diffuseColor 0.20784313725490197 0.20784313725490197 0.20784313725490197
            specularColor 0.01568627450980392 0.01568627450980392 0.01568627450980392
            ambientIntensity 0.298
            transparency 0.0
            shininess 0.5
        }
    }
    geometry IndexedFaceSet {
        ccw TRUE
        solid FALSE
        coord DEF co Coordinate {
            point [
                -0.5077 -0.6342 0.4335, -0.5077 -0.6744 0.4335, -0.4896 -0.6744 0.4335, 0.835 -0.8858 0.4335, 0.8858 -0.8858 0.4335, 0.8858 -0.77 0.4335, 0.2034 -0.8858 0.4335, 0.835 -0.77 0.4335, -0.436 -0.7518 0.4335, -0.4379 -0.752 0.4335, -0.4265 -0.752 0.4335, -0.3246 -0.68 0.4335, -0.3313 -0.6796 0.4335, -0.3378 -0.6796 0.4335, -0.3424 -0.6672 0.4335, -0.3591 -0.6672 0.4335, -0.3591 -0.68 0.4335, -0.3486 -0.6342 0.4335, -0.3246 -0.6338 0.4335, -0.3591 -0.6338 0.4335, -0.3613 -0.6672 0.4335, -0.3657 -0.6796 0.4335, -0.3734 -0.68 0.4335, -0.3722 -0.6796 0.4335, -0.3734 -0.6338 0.4335, -0.3591 -0.6453 0.4335, -0.3549 -0.6342 0.4335, -0.4644 -0.6388 0.4335, -0.4557 -0.673 0.4335, -0.4588 -0.6394 0.4335, -0.4557 -0.6406 0.4335, -0.4667 -0.6389 0.4335, -0.4706 -0.6397 0.4335, -0.4741 -0.6415 0.4335, -0.4768 -0.6438 0.4335, -0.4771 -0.6441 0.4335, -0.4793 -0.6473 0.4335, -0.4808 -0.6512 0.4335, -0.4816 -0.6574 0.4335, -0.4815 -0.6597 0.4335, -0.4807 -0.6641 0.4335, -0.4633 -0.6751 0.4335, -0.4582 -0.6741 0.4335, -0.4732 -0.6734 0.4335, -0.47 -0.6746 0.4335, -0.4655 -0.6752 0.4335, -0.4791 -0.6677 0.4335, -0.4771 -0.6704 0.4335, -0.4762 -0.6713 0.4335, -0.4542 -0.6412 0.4335, -0.4537 -0.6721 0.4335, -0.4537 -0.6414 0.4335, -0.4473 -0.68 0.4335, -0.4473 -0.6338 0.4335, -0.4596 -0.6338 0.4335, -0.4585 -0.6339 0.4335, -0.4557 -0.6338 0.4335, -0.4557 -0.6348 0.4335, -0.4537 -0.6353 0.4335, -0.4857 -0.6338 0.4335, -0.4845 -0.6444 0.4335, -0.4812 -0.6401 0.4335, -0.4801 -0.6391 0.4335, -0.4758 -0.6361 0.4335, -0.4711 -0.6343 0.4335, -0.4884 -0.6338 0.4335, -0.4866 -0.6495 0.4335, -0.4857 -0.6473 0.4335, -0.4857 -0.6681 0.4335, -0.4868 -0.6652 0.4335, -0.4884 -0.68 0.4335, -0.4877 -0.6578 0.4335, -0.4876 -0.6554 0.4335, -0.474 -0.6792 0.4335, -0.4782 -0.6772 0.4335, -0.4857 -0.68 0.4335, -0.4819 -0.6742 0.4335, -0.4823 -0.6738 0.4335, -0.485 -0.6699 0.4335, -0.4703 -0.68 0.4335, -0.4857 -0.6933 0.4335, -0.469 -0.6803 0.4335, -0.4663 -0.6804 0.4335, -0.4557 -0.6933 0.4335, -0.4623 -0.68 0.4335, -0.4537 -0.6777 0.4335, -0.4545 -0.6781 0.4335, -0.4557 -0.68 0.4335, -0.4557 -0.6785 0.4335, -0.4594 -0.6797 0.4335, -0.4102 -0.7436 0.4335, -0.4095 -0.7462 0.4335, -0.4094 -0.7462 0.4335, -0.3939 -0.7192 0.4335, -0.4159 -0.6933 0.4335, -0.3998 -0.7192 0.4335, -0.4159 -0.7271 0.4335, -0.4087 -0.7436 0.4335, -0.4091 -0.7451 0.4335, -0.4159 -0.752 0.4335, -0.4159 -0.7424 0.4335, -0.425 -0.7192 0.4335, -0.4265 -0.6933 0.4335, -0.4187 -0.7192 0.4335, -0.4123 -0.7516 0.4335, -0.4125 -0.752 0.4335, -0.4148 -0.7575 0.4335, -0.4265 -0.77 0.4335, -0.4239 -0.7664 0.4335, -0.4239 -0.7614 0.4335, -0.417 -0.7607 0.4335, -0.416 -0.7595 0.4335, -0.4159 -0.7595 0.4335, -0.4159 -0.7659 0.4335, -0.4179 -0.7666 0.4335, -0.4159 -0.77 0.4335, -0.4202 -0.7669 0.4335, -0.4215 -0.7669 0.4335, -0.4207 -0.762 0.4335, -0.4192 -0.7618 0.4335, -0.418 -0.7614 0.4335, -0.4086 -0.7565 0.4335, -0.4112 -0.7615 0.4335, -0.3734 -0.77 0.4335, -0.4069 -0.752 0.4335, -0.4133 -0.764 0.4335, -0.4137 -0.7644 0.4335, -0.4157 -0.7658 0.4335, -0.281 -0.7516 0.4335, -0.2856 -0.7392 0.4335, -0.3045 -0.7392 0.4335, -0.3246 -0.6933 0.4335, -0.298 -0.7062 0.4335, -0.2918 -0.7062 0.4335, -0.3203 -0.7178 0.4335, -0.3186 -0.7221 0.4335, -0.3089 -0.7516 0.4335, -0.3153 -0.7516 0.4335, -0.3246 -0.752 0.4335, -0.3213 -0.7413 0.4335, -0.3179 -0.7284 0.4335, -0.318 -0.7312 0.4335, -0.3191 -0.7366 0.4335, -0.3349 -0.707 0.4335, -0.3295 -0.709 0.4335, -0.3246 -0.7451 0.4335, -0.3247 -0.7453 0.4335, -0.3294 -0.7487 0.4335, -0.3247 -0.7122 0.4335, -0.3246 -0.7124 0.4335, -0.3231 -0.7138 0.4335, -0.3346 -0.7507 0.4335, -0.3423 -0.7516 0.4335, -0.3591 -0.752 0.4335, -0.3548 -0.7516 0.4335, -0.3591 -0.6933 0.4335, -0.3548 -0.7062 0.4335, -0.3419 -0.7062 0.4335, -0.4299 -0.7375 0.4335, -0.4289 -0.739 0.4335, -0.4296 -0.7254 0.4335, -0.4462 -0.721 0.4335, -0.4448 -0.7202 0.4335, -0.4473 -0.6933 0.4335, -0.4418 -0.719 0.4335, -0.4372 -0.7185 0.4335, -0.4282 -0.7407 0.4335, -0.428 -0.7428 0.4335, -0.4283 -0.7451 0.4335, -0.429 -0.7469 0.4335, -0.43 -0.7484 0.4335, -0.4296 -0.7199 0.4335, -0.4333 -0.7188 0.4335, -0.4317 -0.7498 0.4335, -0.433 -0.7506 0.4335, -0.4378 -0.7231 0.4335, -0.4395 -0.7232 0.4335, -0.444 -0.7274 0.4335, -0.441 -0.7236 0.4335, -0.4423 -0.7243 0.4335, -0.444 -0.7282 0.4335, -0.4437 -0.7291 0.4335, -0.4433 -0.7299 0.4335, -0.4428 -0.7305 0.4335, -0.4408 -0.7317 0.4335, -0.4343 -0.7235 0.4335, -0.4372 -0.7333 0.4335, -0.4311 -0.7246 0.4335, -0.435 -0.7341 0.4335, -0.4313 -0.7362 0.4335, -0.4431 -0.7251 0.4335, -0.4436 -0.7258 0.4335, -0.4439 -0.7265 0.4335, -0.4499 -0.728 0.4335, -0.4496 -0.7259 0.4335, -0.449 -0.7319 0.4335, -0.4496 -0.7302 0.4335, -0.4499 -0.7446 0.4335, -0.449 -0.7241 0.4335, -0.4479 -0.7226 0.4335, -0.4473 -0.722 0.4335, -0.4475 -0.7461 0.4335, -0.4473 -0.7462 0.4335, -0.4473 -0.7341 0.4335, -0.4483 -0.7331 0.4335, -0.4473 -0.7341 0.4335, -0.4439 -0.7474 0.4335, -0.4413 -0.7374 0.4335, -0.4446 -0.7358 0.4335, -0.4406 -0.7478 0.4335, -0.4403 -0.7478 0.4335, -0.4375 -0.7389 0.4335, -0.4374 -0.7474 0.4335, -0.4338 -0.7434 0.4335, -0.4339 -0.7427 0.4335, -0.4359 -0.7469 0.4335, -0.4354 -0.7466 0.4335, -0.4347 -0.746 0.4335, -0.4343 -0.7453 0.4335, -0.434 -0.7445 0.4335, -0.4342 -0.7418 0.4335, -0.4346 -0.741 0.4335, -0.4353 -0.7403 0.4335, -0.4448 -0.752 0.4335, -0.4459 -0.7519 0.4335, -0.4473 -0.752 0.4335, -0.4473 -0.7514 0.4335, -0.4557 -0.752 0.4335, -0.4499 -0.7505 0.4335, -0.4411 -0.7524 0.4335, -0.4473 -0.77 0.4335, -0.4227 -0.7618 0.4335, -0.4815 -0.7364 0.4335, -0.4805 -0.727 0.4335, -0.4827 -0.7382 0.4335, -0.4834 -0.7403 0.4335, -0.4576 -0.7516 0.4335, -0.4633 -0.7516 0.4335, -0.4679 -0.7233 0.4335, -0.4699 -0.7231 0.4335, -0.4729 -0.7324 0.4335, -0.4582 -0.726 0.4335, -0.4576 -0.7308 0.4335, -0.4799 -0.7348 0.4335, -0.4776 -0.7336 0.4335, -0.4766 -0.7245 0.4335, -0.473 -0.7234 0.4335, -0.479 -0.7512 0.4335, -0.4809 -0.7498 0.4335, -0.4857 -0.752 0.4335, -0.4815 -0.7492 0.4335, -0.4827 -0.7475 0.4335, -0.4633 -0.7466 0.4335, -0.4634 -0.7466 0.4335, -0.4647 -0.7484 0.4335, -0.4665 -0.7502 0.4335, -0.4834 -0.7456 0.4335, -0.4837 -0.743 0.4335, -0.4805 -0.7215 0.4335, -0.4655 -0.7189 0.4335, -0.4632 -0.7197 0.4335, -0.4614 -0.7208 0.4335, -0.4633 -0.731 0.4335, -0.4635 -0.7285 0.4335, -0.4641 -0.7265 0.4335, -0.4647 -0.7253 0.4335, -0.4603 -0.7218 0.4335, -0.4591 -0.7236 0.4335, -0.4793 -0.7208 0.4335, -0.4751 -0.7192 0.4335, -0.4693 -0.7185 0.4335, -0.4656 -0.7244 0.4335, -0.4666 -0.7237 0.4335, -0.4702 -0.752 0.4335, -0.4703 -0.752 0.4335, -0.4557 -0.77 0.4335, -0.4857 -0.77 0.4335, -0.4734 -0.7524 0.4335, -0.4767 -0.752 0.4335, -0.4768 -0.752 0.4335, -0.5714 -0.6696 0.4335, -0.5627 -0.677 0.4335, -0.5321 -0.6338 0.4335, -0.5321 -0.68 0.4335, -0.6121 -0.6304 0.4335, -0.6072 -0.6338 0.4335, -0.6001 -0.6388 0.4335, -0.5886 -0.6524 0.4335, -0.5826 -0.6643 0.4335, -0.581 -0.6649 0.4335, -0.644 -0.622 0.4335, -0.6281 -0.624 0.4335, -0.5321 0.0315 0.4335, -0.658 -0.6235 0.4335, -0.8858 0.0315 0.4335, -0.673 -0.6288 0.4335, -0.6814 -0.6338 0.4335, -0.8858 -0.6338 0.4335, -0.6827 -0.6346 0.4335, -0.8858 -0.68 0.4335, -0.752 -0.68 0.4335, -0.7491 -0.6735 0.4335, -0.7414 -0.6637 0.4335, -0.7168 -0.6497 0.4335, -0.7043 -0.6482 0.4335, -0.6903 -0.6411 0.4335, -0.7006 -0.6484 0.4335, -0.6969 -0.6488 0.4335, -0.7391 -0.6614 0.4335, -0.7288 -0.6543 0.4335, -0.7333 -0.744 0.4335, -0.743 -0.7357 0.4335, -0.8858 -0.752 0.4335, -0.7217 -0.7498 0.4335, -0.7505 -0.7249 0.4335, -0.7551 -0.7129 0.4335, -0.8858 -0.6933 0.4335, -0.7566 -0.7005 0.4335, -0.7565 -0.6972 0.4335, -0.7558 -0.6933 0.4335, -0.7543 -0.6851 0.4335, -0.7172 -0.7511 0.4335, -0.7168 -0.752 0.4335, -0.714 -0.7581 0.4335, -0.8858 -0.77 0.4335, -0.7092 -0.764 0.4335, -0.7029 -0.7687 0.4335, -0.5321 -0.8858 0.4335, -0.5321 -0.77 0.4335, -0.6732 -0.77 0.4335, -0.8858 -0.8858 0.4335, -0.6954 -0.7719 0.4335, -0.6999 -0.77 0.4335, -0.6788 -0.7721 0.4335, -0.6866 -0.7731 0.4335, -0.6878 -0.7731 0.4335, -0.5321 -0.752 0.4335, -0.6563 -0.752 0.4335, -0.6564 -0.7521 0.4335, -0.6602 -0.7593 0.4335, -0.6651 -0.7649 0.4335, -0.6716 -0.7694 0.4335, -0.5522 -0.6961 0.4335, -0.5507 -0.7066 0.4335, -0.5321 -0.6933 0.4335, -0.6151 -0.733 0.4335, -0.6129 -0.7321 0.4335, -0.6091 -0.7137 0.4335, -0.5626 -0.7373 0.4335, -0.5714 -0.7447 0.4335, -0.6624 -0.7192 0.4335, -0.6191 -0.6966 0.4335, -0.668 -0.7141 0.4335, -0.6748 -0.7104 0.4335, -0.6171 -0.7344 0.4335, -0.5562 -0.7283 0.4335, -0.5709 -0.7041 0.4335, -0.5724 -0.6979 0.4335, -0.5748 -0.6933 0.4335, -0.7355 -0.6933 0.4335, -0.5522 -0.7181 0.4335, -0.6104 -0.7318 0.4335, -0.6101 -0.7318 0.4335, -0.6091 -0.732 0.4335, -0.7336 -0.7127 0.4335, -0.7297 -0.7192 0.4335, -0.7133 -0.7226 0.4335, -0.7239 -0.7252 0.4335, -0.7169 -0.7295 0.4335, -0.7014 -0.7119 0.4335, -0.708 -0.7165 0.4335, -0.7363 -0.6998 0.4335, -0.7359 -0.7048 0.4335, -0.6943 -0.7092 0.4335, -0.6866 -0.7082 0.4335, -0.6826 -0.7085 0.4335, -0.6204 -0.7418 0.4335, -0.6203 -0.7405 0.4335, -0.6543 -0.7376 0.4335, -0.6197 -0.7381 0.4335, -0.6184 -0.7359 0.4335, -0.5773 -0.724 0.4335, -0.5737 -0.719 0.4335, -0.5715 -0.7132 0.4335, -0.5707 -0.7069 0.4335, -0.6129 -0.7515 0.4335, -0.615 -0.7507 0.4335, -0.6171 -0.7492 0.4335, -0.6178 -0.7484 0.4335, -0.6192 -0.7464 0.4335, -0.6201 -0.7442 0.4335, -0.6545 -0.7442 0.4335, -0.6543 -0.7408 0.4335, -0.5813 -0.7495 0.4335, -0.592 -0.7518 0.4335, -0.611 -0.7518 0.4335, -0.6085 -0.7321 0.4335, -0.5939 -0.7321 0.4335, -0.5882 -0.731 0.4335, -0.5825 -0.7284 0.4335, -0.5777 -0.7245 0.4335, -0.5985 -0.6818 0.4335, -0.7325 -0.6848 0.4335, -0.7353 -0.692 0.4335, -0.5959 -0.6818 0.4335, -0.5754 -0.6923 0.4335, -0.5791 -0.6882 0.4335, -0.5841 -0.6847 0.4335, -0.5897 -0.6825 0.4335, -0.6054 -0.6624 0.4335, -0.6127 -0.6537 0.4335, -0.6869 -0.6724 0.4335, -0.6135 -0.6529 0.4335, -0.6226 -0.6466 0.4335, -0.682 -0.6622 0.4335, -0.7292 -0.68 0.4335, -0.6892 -0.6711 0.4335, -0.5988 -0.68 0.4335, -0.6004 -0.6728 0.4335, -0.6965 -0.6685 0.4335, -0.704 -0.6676 0.4335, -0.7073 -0.6677 0.4335, -0.6747 -0.6535 0.4335, -0.6327 -0.6428 0.4335, -0.6661 -0.6472 0.4335, -0.6436 -0.6414 0.4335, -0.6555 -0.6429 0.4335, -0.7153 -0.6696 0.4335, -0.7225 -0.6734 0.4335, -0.7281 -0.6784 0.4335, -0.5606 -0.68 0.4335, -0.5561 -0.6862 0.4335, -0.5533 -0.6933 0.4335, -0.3644 -0.7062 0.4335, -0.3734 -0.7062 0.4335, -0.3734 -0.6933 0.4335, -0.3878 -0.7062 0.4335, -0.3644 -0.7115 0.4335, -0.3634 -0.7465 0.4335, -0.3634 -0.7516 0.4335, -0.3734 -0.752 0.4335, -0.3734 -0.7516 0.4335, -0.3878 -0.7516 0.4335, -0.3819 -0.7312 0.4335, -0.3819 -0.7465 0.4335, -0.3734 -0.7312 0.4335, -0.3734 -0.7465 0.4335, -0.3657 -0.7312 0.4335, -0.3657 -0.726 0.4335, -0.3734 -0.726 0.4335, -0.3734 -0.7115 0.4335, -0.3819 -0.726 0.4335, -0.3819 -0.7115 0.4335, -0.4159 -0.6338 0.4335, -0.4265 -0.6338 0.4335, -0.4213 -0.6342 0.4335, -0.4265 -0.6342 0.4335, -0.4388 -0.6592 0.4335, -0.4388 -0.6744 0.4335, -0.4265 -0.6592 0.4335, -0.4265 -0.6744 0.4335, -0.4226 -0.6592 0.4335, -0.4202 -0.6744 0.4335, -0.4226 -0.654 0.4335, -0.4213 -0.6394 0.4335, -0.4265 -0.654 0.4335, -0.4265 -0.6394 0.4335, -0.4388 -0.654 0.4335, -0.4388 -0.6394 0.4335, -0.4159 -0.68 0.4335, -0.4202 -0.6796 0.4335, -0.4265 -0.68 0.4335, -0.4265 -0.6796 0.4335, -0.4446 -0.6796 0.4335, -0.4446 -0.6342 0.4335, 0.2034 -0.77 0.4335, -0.3246 -0.8858 0.4335, -0.3246 -0.77 0.4335, -0.3591 -0.8858 0.4335, -0.3591 -0.77 0.4335, -0.3734 -0.8858 0.4335, -0.4159 -0.8858 0.4335, -0.4265 -0.8858 0.4335, -0.4473 -0.8858 0.4335, -0.4557 -0.8858 0.4335, -0.4857 -0.8858 0.4335, -0.468 -0.7512 0.4335, 0.2034 -0.752 0.4335, -0.5135 -0.7062 0.4335, -0.5135 -0.7516 0.4335, -0.4884 -0.752 0.4335, -0.4884 -0.77 0.4335, -0.4884 -0.8858 0.4335, -0.4901 -0.7062 0.4335, -0.4884 -0.6933 0.4335, -0.4901 -0.7115 0.4335, -0.4891 -0.7465 0.4335, -0.4891 -0.7516 0.4335, -0.5077 -0.7312 0.4335, -0.5077 -0.7465 0.4335, -0.4914 -0.7312 0.4335, -0.4914 -0.726 0.4335, -0.5077 -0.726 0.4335, -0.5077 -0.7115 0.4335, -0.5135 -0.6796 0.4335, -0.5135 -0.6342 0.4335, -0.4896 -0.6796 0.4335, -0.3771 -0.6458 0.4335, -0.3755 -0.6501 0.4335, -0.3747 -0.6563 0.4335, -0.3748 -0.6592 0.4335, -0.3759 -0.6645 0.4335, -0.3782 -0.6692 0.4335, -0.3815 -0.6733 0.4335, -0.3863 -0.6767 0.4335, -0.3987 -0.6342 0.4335, -0.3918 -0.635 0.4335, -0.3863 -0.637 0.4335, -0.3915 -0.6787 0.4335, -0.3992 -0.6796 0.4335, -0.4117 -0.6796 0.4335, -0.4117 -0.6342 0.4335, -0.3815 -0.6402 0.4335, -0.38 -0.6418 0.4335, -0.2745 -0.7516 0.4335, 0.2034 -0.6933 0.4335, 0.2034 -0.68 0.4335, 0.2034 -0.6338 0.4335, 0.835 -0.752 0.4335, 0.835 -0.6933 0.4335, 0.835 -0.68 0.4335, 0.835 -0.6338 0.4335, -0.4676 -0.6338 0.4335, -0.4857 0.0315 0.4335, -0.4884 0.0315 0.4335, 0.835 0.0315 0.4335, 0.2034 0.0315 0.4335, -0.3246 0.0315 0.4335, -0.3591 0.0315 0.4335, -0.3734 0.0315 0.4335, -0.4159 0.0315 0.4335, -0.4265 0.0315 0.4335, -0.4473 0.0315 0.4335, -0.4557 0.0315 0.4335, -0.4645 -0.6335 0.4335, 0.2034 0.8858 0.4335, -0.3246 0.8858 0.4335, -0.3591 0.8858 0.4335, -0.3734 0.8858 0.4335, -0.4159 0.8858 0.4335, -0.4265 0.8858 0.4335, -0.4473 0.8858 0.4335, -0.4557 0.8858 0.4335, -0.4857 0.8858 0.4335, -0.4884 0.8858 0.4335, -0.5321 0.8858 0.4335, -0.8858 0.8858 0.4335, 0.7824 0.7232 0.4335, 0.7841 0.7365 0.4335, 0.835 0.8858 0.4335, 0.7772 0.7108 0.4335, 0.7691 0.7002 0.4335, 0.7584 0.692 0.4335, 0.746 0.6869 0.4335, 0.7327 0.6851 0.4335, 0.7194 0.6869 0.4335, 0.707 0.692 0.4335, 0.6964 0.7729 0.4335, 0.707 0.781 0.4335, 0.7194 0.7862 0.4335, 0.7327 0.7879 0.4335, 0.6964 0.7002 0.4335, 0.6882 0.7108 0.4335, 0.6831 0.7232 0.4335, 0.6813 0.7365 0.4335, 0.746 0.7862 0.4335, 0.7584 0.781 0.4335, 0.7691 0.7729 0.4335, 0.7772 0.7622 0.4335, 0.7824 0.7498 0.4335, 0.6831 0.7498 0.4335, 0.6882 0.7622 0.4335, 0.8858 -0.752 0.4335, 0.8858 -0.6933 0.4335, 0.8858 -0.68 0.4335, 0.8858 -0.6338 0.4335, 0.8858 0.0315 0.4335, 0.8858 0.8858 0.4335, 0.8858 0.8858 0.1185, 0.8858 -0.8858 0.1185, -0.8858 0.8858 0.1185, -0.8858 -0.8858 0.1185
            ]
        }
        coordIndex [
            0,1,2,-1,3,4,5,-1,6,3,7,-1,8,9,10,-1,11,12,13,-1,14,15,13,-1,13,15,16,-1,13,16,11,-1,12,11,17,-1,17,11,18,-1,17,18,19,-1,15,20,16,-1,16,20,21,-1,16,21,22,-1,22,21,23,-1,22,23,24,-1,24,23,25,-1,24,25,19,-1,19,25,26,-1,19,26,17,-1,27,28,29,-1,29,28,30,-1,27,31,28,-1,28,31,32,-1,28,32,33,-1,33,34,28,-1,28,34,35,-1,28,35,36,-1,36,37,28,-1,28,37,38,-1,28,38,39,-1,40,41,39,-1,39,41,42,-1,39,42,28,-1,43,44,45,-1,40,46,41,-1,41,46,47,-1,41,47,45,-1,45,47,48,-1,45,48,43,-1,30,28,49,-1,49,28,50,-1,49,50,51,-1,51,50,52,-1,51,52,53,-1,54,55,56,-1,56,55,57,-1,56,57,53,-1,53,57,58,-1,53,58,51,-1,59,60,61,-1,61,62,59,-1,59,62,63,-1,59,63,64,-1,65,66,59,-1,59,66,67,-1,59,67,60,-1,68,69,70,-1,70,69,71,-1,70,71,65,-1,65,71,72,-1,65,72,66,-1,73,74,75,-1,75,74,76,-1,76,77,75,-1,75,77,78,-1,75,78,68,-1,73,75,79,-1,79,75,80,-1,79,80,81,-1,81,80,82,-1,82,80,83,-1,82,83,84,-1,50,85,52,-1,52,85,86,-1,52,86,87,-1,87,86,88,-1,87,88,89,-1,90,91,92,-1,93,94,95,-1,95,94,96,-1,95,96,97,-1,97,96,90,-1,97,90,98,-1,98,90,92,-1,99,100,10,-1,10,100,101,-1,10,101,102,-1,102,101,94,-1,94,101,103,-1,94,103,96,-1,104,100,105,-1,105,100,99,-1,105,99,106,-1,107,108,109,-1,110,111,99,-1,99,111,112,-1,99,112,106,-1,113,114,115,-1,115,114,116,-1,115,116,107,-1,107,116,117,-1,107,117,108,-1,118,119,99,-1,99,119,120,-1,99,120,110,-1,121,122,123,-1,121,123,124,-1,122,125,123,-1,123,125,126,-1,123,126,115,-1,115,126,127,-1,115,127,113,-1,128,129,130,-1,131,132,133,-1,134,135,132,-1,136,137,138,-1,138,137,139,-1,135,140,132,-1,132,140,141,-1,132,141,137,-1,137,141,142,-1,137,142,139,-1,143,144,131,-1,139,145,138,-1,138,145,146,-1,138,146,147,-1,144,148,131,-1,131,148,149,-1,131,149,132,-1,132,149,150,-1,132,150,134,-1,147,151,138,-1,138,151,152,-1,138,152,153,-1,153,152,154,-1,153,154,155,-1,155,154,156,-1,155,156,131,-1,131,156,157,-1,131,157,143,-1,158,159,160,-1,161,162,163,-1,162,164,163,-1,163,164,165,-1,163,165,102,-1,166,167,10,-1,167,168,10,-1,10,168,169,-1,10,169,170,-1,159,166,160,-1,160,166,10,-1,160,10,171,-1,171,10,102,-1,171,102,172,-1,172,102,165,-1,170,173,10,-1,10,173,174,-1,10,174,8,-1,175,176,177,-1,177,176,178,-1,177,178,179,-1,177,180,175,-1,175,180,181,-1,175,181,182,-1,182,183,175,-1,175,183,184,-1,175,184,185,-1,185,184,186,-1,185,186,187,-1,187,186,188,-1,187,188,160,-1,160,188,189,-1,160,189,158,-1,190,191,179,-1,179,191,192,-1,179,192,177,-1,193,194,83,-1,195,196,197,-1,194,198,83,-1,83,198,199,-1,83,199,163,-1,163,199,200,-1,163,200,161,-1,201,202,203,-1,195,197,204,-1,201,203,197,-1,197,203,205,-1,197,205,204,-1,206,207,202,-1,202,207,208,-1,202,208,203,-1,206,209,207,-1,207,209,210,-1,207,210,211,-1,211,210,212,-1,211,213,214,-1,212,215,211,-1,211,215,216,-1,211,216,217,-1,217,218,211,-1,211,218,219,-1,211,219,213,-1,214,220,211,-1,211,220,221,-1,211,221,222,-1,223,224,225,-1,225,224,226,-1,225,226,227,-1,227,226,228,-1,227,228,197,-1,229,230,9,-1,9,230,107,-1,9,107,10,-1,10,107,109,-1,10,109,99,-1,99,109,231,-1,99,231,118,-1,232,233,234,-1,234,233,235,-1,227,236,237,-1,238,239,240,-1,83,241,242,-1,232,243,233,-1,233,243,244,-1,233,244,245,-1,245,244,240,-1,245,240,246,-1,246,240,239,-1,196,193,197,-1,197,193,83,-1,197,83,227,-1,227,83,242,-1,227,242,236,-1,247,248,249,-1,249,248,250,-1,249,250,251,-1,252,253,237,-1,237,253,254,-1,237,254,255,-1,251,256,249,-1,249,256,257,-1,249,257,80,-1,80,257,235,-1,80,235,258,-1,258,235,233,-1,259,260,83,-1,83,260,261,-1,262,263,240,-1,240,263,264,-1,240,264,265,-1,261,266,83,-1,83,266,267,-1,83,267,241,-1,258,268,80,-1,80,268,269,-1,80,269,83,-1,83,269,270,-1,83,270,259,-1,265,271,240,-1,240,271,272,-1,240,272,238,-1,273,274,275,-1,275,274,276,-1,274,277,276,-1,276,277,278,-1,276,278,249,-1,249,278,279,-1,249,279,247,-1,280,281,282,-1,282,281,283,-1,284,285,282,-1,282,285,286,-1,282,286,287,-1,287,288,282,-1,282,288,289,-1,282,289,280,-1,290,291,292,-1,290,292,293,-1,293,292,294,-1,293,294,295,-1,295,294,296,-1,296,294,297,-1,296,297,298,-1,299,300,297,-1,297,300,301,-1,297,301,302,-1,297,303,298,-1,298,303,304,-1,298,304,305,-1,305,304,306,-1,305,306,307,-1,302,308,297,-1,297,308,309,-1,297,309,303,-1,310,311,312,-1,310,312,313,-1,311,314,312,-1,312,314,315,-1,312,315,316,-1,316,315,317,-1,317,318,316,-1,316,318,319,-1,316,319,299,-1,299,319,320,-1,299,320,300,-1,321,313,322,-1,322,313,312,-1,322,312,323,-1,323,312,324,-1,323,324,325,-1,325,324,326,-1,327,328,329,-1,330,331,324,-1,324,331,332,-1,324,332,326,-1,329,333,327,-1,327,333,334,-1,327,334,330,-1,330,334,335,-1,330,335,331,-1,336,337,328,-1,328,337,338,-1,328,338,339,-1,339,340,328,-1,328,340,341,-1,328,341,329,-1,342,343,344,-1,345,346,347,-1,348,349,336,-1,350,351,352,-1,352,351,353,-1,345,347,354,-1,348,336,355,-1,356,357,351,-1,351,357,358,-1,351,358,359,-1,344,343,336,-1,336,343,360,-1,336,360,355,-1,346,361,347,-1,347,361,362,-1,347,362,363,-1,364,365,366,-1,366,365,367,-1,366,367,368,-1,369,359,370,-1,370,359,371,-1,370,371,366,-1,366,371,372,-1,366,372,364,-1,369,373,359,-1,359,373,374,-1,359,374,351,-1,351,374,375,-1,351,375,353,-1,376,377,378,-1,378,377,379,-1,378,379,347,-1,347,379,380,-1,347,380,354,-1,381,382,347,-1,347,382,383,-1,347,383,351,-1,351,383,384,-1,351,384,356,-1,385,386,337,-1,337,386,387,-1,337,387,388,-1,388,389,337,-1,337,389,390,-1,337,390,391,-1,391,390,376,-1,391,376,392,-1,392,376,378,-1,349,393,336,-1,336,393,394,-1,336,394,337,-1,337,394,395,-1,337,395,385,-1,363,396,347,-1,347,396,397,-1,347,397,398,-1,398,399,347,-1,347,399,400,-1,347,400,381,-1,401,402,403,-1,403,359,401,-1,401,359,358,-1,401,358,404,-1,404,358,405,-1,405,406,404,-1,404,406,407,-1,404,407,408,-1,409,410,411,-1,410,412,411,-1,411,412,413,-1,411,413,414,-1,415,411,416,-1,402,401,415,-1,415,401,417,-1,415,417,411,-1,411,417,418,-1,411,418,409,-1,416,419,415,-1,415,419,420,-1,415,420,421,-1,414,413,422,-1,422,413,423,-1,422,423,424,-1,424,423,425,-1,424,425,426,-1,427,428,421,-1,421,428,429,-1,421,429,415,-1,281,430,283,-1,283,430,431,-1,283,431,344,-1,344,431,432,-1,344,432,342,-1,433,155,434,-1,434,155,435,-1,434,435,436,-1,433,437,155,-1,155,437,438,-1,155,438,153,-1,153,438,439,-1,153,439,440,-1,440,439,441,-1,440,441,442,-1,443,444,445,-1,445,444,446,-1,445,446,447,-1,447,446,438,-1,447,438,448,-1,448,438,437,-1,448,437,449,-1,449,437,450,-1,449,450,451,-1,451,450,452,-1,453,454,455,-1,455,454,456,-1,457,458,459,-1,459,458,460,-1,459,460,461,-1,461,460,462,-1,461,462,463,-1,463,462,464,-1,463,464,465,-1,465,464,466,-1,465,466,467,-1,467,466,468,-1,455,464,453,-1,453,464,462,-1,453,462,469,-1,469,462,470,-1,469,470,471,-1,471,470,472,-1,471,472,473,-1,456,454,474,-1,474,454,53,-1,474,53,473,-1,473,53,52,-1,473,52,471,-1,6,475,476,-1,476,475,477,-1,476,477,478,-1,478,477,479,-1,478,479,480,-1,480,479,123,-1,480,123,481,-1,481,123,115,-1,481,115,482,-1,482,115,107,-1,482,107,483,-1,483,107,230,-1,483,230,484,-1,484,230,275,-1,484,275,485,-1,485,275,276,-1,229,223,230,-1,230,223,225,-1,230,225,275,-1,275,225,227,-1,275,227,273,-1,273,227,237,-1,273,237,486,-1,486,237,255,-1,475,487,477,-1,477,487,138,-1,477,138,479,-1,479,138,153,-1,479,153,123,-1,123,153,440,-1,123,440,124,-1,124,440,442,-1,124,442,93,-1,93,442,436,-1,93,436,94,-1,94,436,435,-1,488,344,489,-1,489,344,336,-1,489,336,490,-1,490,336,328,-1,490,328,491,-1,491,328,327,-1,491,327,492,-1,488,493,494,-1,493,495,494,-1,494,495,496,-1,494,496,490,-1,490,496,497,-1,490,497,489,-1,498,499,500,-1,500,499,496,-1,500,496,501,-1,501,496,495,-1,501,495,502,-1,502,495,503,-1,68,70,75,-1,75,70,494,-1,75,494,80,-1,80,494,490,-1,80,490,249,-1,249,490,491,-1,249,491,276,-1,276,491,492,-1,276,492,485,-1,131,11,155,-1,155,11,16,-1,155,16,435,-1,435,16,22,-1,435,22,94,-1,94,22,469,-1,94,469,102,-1,102,469,471,-1,102,471,163,-1,163,471,52,-1,163,52,83,-1,83,52,87,-1,83,87,84,-1,84,87,89,-1,488,494,344,-1,344,494,70,-1,344,70,283,-1,283,70,504,-1,283,504,282,-1,504,505,282,-1,282,505,0,-1,282,0,65,-1,65,0,2,-1,65,2,70,-1,70,2,506,-1,70,506,504,-1,507,508,24,-1,24,508,509,-1,24,509,22,-1,22,509,510,-1,22,510,511,-1,511,512,22,-1,22,512,513,-1,22,513,514,-1,453,515,24,-1,24,515,516,-1,24,516,517,-1,514,518,22,-1,22,518,519,-1,22,519,469,-1,469,519,520,-1,469,520,453,-1,453,520,521,-1,453,521,515,-1,517,522,24,-1,24,522,523,-1,24,523,507,-1,130,136,128,-1,128,136,138,-1,128,138,524,-1,524,138,487,-1,524,487,133,-1,133,487,525,-1,133,525,131,-1,131,525,526,-1,131,526,11,-1,11,526,527,-1,11,527,18,-1,6,7,475,-1,475,7,528,-1,475,528,487,-1,487,528,529,-1,487,529,525,-1,525,529,530,-1,525,530,526,-1,526,530,531,-1,526,531,527,-1,64,532,59,-1,59,532,533,-1,59,533,65,-1,65,533,534,-1,65,534,282,-1,282,534,292,-1,282,292,284,-1,284,292,291,-1,531,535,527,-1,527,535,536,-1,527,536,18,-1,18,536,537,-1,18,537,19,-1,19,537,538,-1,19,538,24,-1,24,538,539,-1,24,539,453,-1,453,539,540,-1,453,540,454,-1,454,540,541,-1,454,541,53,-1,53,541,542,-1,53,542,56,-1,56,542,543,-1,56,543,54,-1,54,543,533,-1,54,533,544,-1,544,533,532,-1,536,545,537,-1,537,545,546,-1,537,546,538,-1,538,546,547,-1,538,547,539,-1,539,547,548,-1,539,548,540,-1,540,548,549,-1,540,549,541,-1,541,549,550,-1,541,550,542,-1,542,550,551,-1,542,551,543,-1,543,551,552,-1,543,552,533,-1,533,552,553,-1,533,553,534,-1,534,553,554,-1,534,554,292,-1,292,554,555,-1,292,555,294,-1,294,555,556,-1,557,535,558,-1,558,535,559,-1,557,560,535,-1,535,560,561,-1,535,561,562,-1,562,563,535,-1,535,563,564,-1,535,564,536,-1,536,564,565,-1,536,565,566,-1,567,568,545,-1,545,568,569,-1,545,569,559,-1,559,569,570,-1,566,571,536,-1,536,571,572,-1,536,572,545,-1,545,572,573,-1,545,573,574,-1,570,575,559,-1,559,575,576,-1,559,576,577,-1,577,578,559,-1,559,578,579,-1,559,579,558,-1,574,580,545,-1,545,580,581,-1,545,581,567,-1,3,5,7,-1,7,5,582,-1,7,582,528,-1,528,582,583,-1,528,583,529,-1,529,583,584,-1,529,584,530,-1,530,584,585,-1,530,585,531,-1,531,585,586,-1,531,586,535,-1,535,586,587,-1,535,587,559,-1,587,4,588,-1,588,4,589,-1,556,587,590,-1,590,587,588,-1,330,556,591,-1,591,556,590,-1,4,330,589,-1,589,330,591,-1,591,590,589,-1,589,590,588,-1,
        ]
    }
}
Shape{
    appearance Appearance {
        material  Material 	{
            diffuseColor 0.34901960784313724 0.34901960784313724 0.34901960784313724
            specularColor 0.023529411764705882 0.023529411764705882 0.023529411764705882
            ambientIntensity 0.498
            transparency 0.0
            shininess 0.5
        }
    }
    geometry IndexedFaceSet {
        ccw TRUE
        solid FALSE
        coord DEF co Coordinate {
            point [
                0.7841 0.7365 0.4256, 0.7841 0.7365 0.4335, 0.7824 0.7498 0.4256, 0.7824 0.7498 0.4335, 0.7772 0.7622 0.4256, 0.7772 0.7622 0.4335, 0.7691 0.7729 0.4256, 0.7691 0.7729 0.4335, 0.7584 0.781 0.4256, 0.7584 0.781 0.4335, 0.746 0.7862 0.4256, 0.746 0.7862 0.4335, 0.7327 0.7879 0.4256, 0.7327 0.7879 0.4335, 0.7194 0.7862 0.4256, 0.7194 0.7862 0.4335, 0.707 0.781 0.4256, 0.707 0.781 0.4335, 0.6964 0.7729 0.4256, 0.6964 0.7729 0.4335, 0.6882 0.7622 0.4256, 0.6882 0.7622 0.4335, 0.6831 0.7498 0.4256, 0.6831 0.7498 0.4335, 0.6813 0.7365 0.4256, 0.6813 0.7365 0.4335, 0.6831 0.7232 0.4256, 0.6831 0.7232 0.4335, 0.6882 0.7108 0.4256, 0.6882 0.7108 0.4335, 0.6964 0.7002 0.4256, 0.6964 0.7002 0.4335, 0.707 0.692 0.4256, 0.707 0.692 0.4335, 0.7194 0.6869 0.4256, 0.7194 0.6869 0.4335, 0.7327 0.6851 0.4256, 0.7327 0.6851 0.4335, 0.746 0.6869 0.4256, 0.746 0.6869 0.4335, 0.7584 0.692 0.4256, 0.7584 0.692 0.4335, 0.7691 0.7002 0.4256, 0.7691 0.7002 0.4335, 0.7772 0.7108 0.4256, 0.7772 0.7108 0.4335, 0.7824 0.7232 0.4256, 0.7824 0.7232 0.4335, 0.7327 0.7365 0.4256
            ]
        }
        coordIndex [
            0,1,2,-1,2,1,3,-1,2,3,4,-1,4,3,5,-1,4,5,6,-1,6,5,7,-1,6,7,8,-1,8,7,9,-1,8,9,10,-1,10,9,11,-1,10,11,12,-1,12,11,13,-1,12,13,14,-1,14,13,15,-1,14,15,16,-1,16,15,17,-1,16,17,18,-1,18,17,19,-1,18,19,20,-1,20,19,21,-1,20,21,22,-1,22,21,23,-1,22,23,24,-1,24,23,25,-1,24,25,26,-1,26,25,27,-1,26,27,28,-1,28,27,29,-1,28,29,30,-1,30,29,31,-1,30,31,32,-1,32,31,33,-1,32,33,34,-1,34,33,35,-1,34,35,36,-1,36,35,37,-1,36,37,38,-1,38,37,39,-1,38,39,40,-1,40,39,41,-1,40,41,42,-1,42,41,43,-1,42,43,44,-1,44,43,45,-1,44,45,46,-1,46,45,47,-1,46,47,0,-1,0,47,1,-1,44,46,48,-1,48,46,0,-1,48,0,2,-1,38,40,48,-1,48,40,42,-1,48,42,44,-1,32,34,48,-1,48,34,36,-1,48,36,38,-1,26,28,48,-1,48,28,30,-1,48,30,32,-1,20,22,48,-1,48,22,24,-1,48,24,26,-1,14,16,48,-1,48,16,18,-1,48,18,20,-1,8,10,48,-1,48,10,12,-1,48,12,14,-1,2,4,48,-1,48,4,6,-1,48,6,8,-1,
        ]
    }
}
Shape{
    appearance Appearance {
        material  Material 	{
            diffuseColor 1.0 1.0 1.0
            specularColor 0.5019607843137255 0.5019607843137255 0.5019607843137255
            ambientIntensity 1.0
            transparency 0.0
            shininess 0.5
        }
    }
    geometry IndexedFaceSet {
        ccw TRUE
        solid FALSE
        coord DEF co Coordinate {
            point [
                -0.3247 -0.7453 0.4374, -0.3294 -0.7422 0.4374, -0.3294 -0.7487 0.4374, -0.3323 -0.7442 0.4374, -0.3346 -0.7507 0.4374, -0.3361 -0.7457 0.4374, -0.3423 -0.7516 0.4374, -0.3424 -0.7465 0.4374, -0.3548 -0.7516 0.4374, -0.349 -0.7465 0.4374, -0.3548 -0.7062 0.4374, -0.349 -0.7115 0.4374, -0.3419 -0.7062 0.4374, -0.3421 -0.7115 0.4374, -0.3404 -0.7115 0.4374, -0.3349 -0.707 0.4374, -0.3357 -0.7123 0.4374, -0.3295 -0.709 0.4374, -0.3318 -0.7138 0.4374, -0.3247 -0.7122 0.4374, -0.329 -0.7157 0.4374, -0.3231 -0.7138 0.4374, -0.3277 -0.717 0.4374, -0.3203 -0.7178 0.4374, -0.326 -0.7195 0.4374, -0.3186 -0.7221 0.4374, -0.3247 -0.7228 0.4374, -0.3179 -0.7284 0.4374, -0.324 -0.7285 0.4374, -0.318 -0.7312 0.4374, -0.3242 -0.7318 0.4374, -0.3191 -0.7366 0.4374, -0.3252 -0.7359 0.4374, -0.3213 -0.7413 0.4374, -0.3268 -0.7392 0.4374, -0.3289 -0.7417 0.4374, -0.3247 -0.7453 0.4335, -0.3246 -0.7451 0.4335, -0.3213 -0.7413 0.4335, -0.3191 -0.7366 0.4335, -0.318 -0.7312 0.4335, -0.3179 -0.7284 0.4335, -0.3247 -0.7122 0.4335, -0.3246 -0.7124 0.4335, -0.3231 -0.7138 0.4335, -0.3203 -0.7178 0.4335, -0.3186 -0.7221 0.4335, -0.3295 -0.709 0.4335, -0.3349 -0.707 0.4335, -0.3419 -0.7062 0.4335, -0.3548 -0.7062 0.4335, -0.3548 -0.7516 0.4335, -0.3423 -0.7516 0.4335, -0.3346 -0.7507 0.4335, -0.3294 -0.7487 0.4335, -0.329 -0.7157 0.4335, -0.3277 -0.717 0.4335, -0.326 -0.7195 0.4335, -0.3247 -0.7228 0.4335, -0.324 -0.7285 0.4335, -0.3421 -0.7115 0.4335, -0.3404 -0.7115 0.4335, -0.3357 -0.7123 0.4335, -0.3318 -0.7138 0.4335, -0.349 -0.7115 0.4335, -0.349 -0.7465 0.4335, -0.3424 -0.7465 0.4335, -0.3289 -0.7417 0.4335, -0.3294 -0.7422 0.4335, -0.3323 -0.7442 0.4335, -0.3361 -0.7457 0.4335, -0.3242 -0.7318 0.4335, -0.3252 -0.7359 0.4335, -0.3268 -0.7392 0.4335
            ]
        }
        coordIndex [
            0,1,2,-1,2,1,3,-1,2,3,4,-1,4,3,5,-1,4,5,6,-1,6,5,7,-1,6,7,8,-1,8,7,9,-1,8,9,10,-1,10,9,11,-1,10,11,12,-1,11,13,12,-1,12,13,14,-1,12,14,15,-1,15,14,16,-1,15,16,17,-1,17,16,18,-1,17,18,19,-1,19,18,20,-1,19,20,21,-1,21,20,22,-1,21,22,23,-1,23,22,24,-1,23,24,25,-1,25,24,26,-1,25,26,27,-1,27,26,28,-1,27,28,29,-1,29,28,30,-1,29,30,31,-1,31,30,32,-1,31,32,33,-1,33,32,34,-1,33,34,0,-1,0,34,35,-1,0,35,1,-1,0,36,37,-1,0,37,33,-1,37,38,33,-1,33,38,39,-1,33,39,31,-1,31,39,40,-1,31,40,29,-1,29,40,41,-1,29,41,27,-1,42,19,43,-1,43,19,21,-1,43,21,44,-1,44,21,23,-1,44,23,45,-1,45,23,25,-1,45,25,46,-1,46,25,27,-1,46,27,41,-1,19,42,47,-1,19,47,17,-1,17,47,48,-1,17,48,15,-1,15,48,49,-1,15,49,12,-1,10,12,50,-1,50,12,49,-1,8,10,51,-1,51,10,50,-1,6,8,52,-1,52,8,51,-1,6,52,53,-1,6,53,4,-1,4,53,54,-1,4,54,2,-1,2,54,36,-1,2,36,0,-1,20,55,56,-1,20,56,22,-1,22,56,57,-1,22,57,24,-1,24,57,58,-1,24,58,26,-1,26,58,59,-1,26,59,28,-1,13,60,61,-1,13,61,14,-1,14,61,62,-1,14,62,16,-1,16,62,63,-1,16,63,18,-1,18,63,55,-1,18,55,20,-1,13,11,60,-1,60,11,64,-1,11,9,64,-1,64,9,65,-1,9,7,65,-1,65,7,66,-1,35,67,68,-1,35,68,1,-1,1,68,69,-1,1,69,3,-1,3,69,70,-1,3,70,5,-1,5,70,66,-1,5,66,7,-1,28,59,71,-1,28,71,30,-1,30,71,72,-1,30,72,32,-1,32,72,73,-1,32,73,34,-1,34,73,67,-1,34,67,35,-1,
        ]
    }
}
Shape{
    appearance Appearance {
        material  Material 	{
            diffuseColor 0.20784313725490197 0.20784313725490197 0.20784313725490197
            specularColor 0.01568627450980392 0.01568627450980392 0.01568627450980392
            ambientIntensity 0.298
            transparency 0.0
            shininess 0.5
        }
    }
    geometry IndexedFaceSet {
        ccw TRUE
        solid FALSE
        coord DEF co Coordinate {
            point [
                -0.3294 -0.7422 0.4335, -0.3289 -0.7417 0.4335, -0.3404 -0.7115 0.4335, -0.3323 -0.7442 0.4335, -0.349 -0.7115 0.4335, -0.349 -0.7465 0.4335, -0.3421 -0.7115 0.4335, -0.3424 -0.7465 0.4335, -0.3361 -0.7457 0.4335, -0.3268 -0.7392 0.4335, -0.3252 -0.7359 0.4335, -0.3242 -0.7318 0.4335, -0.329 -0.7157 0.4335, -0.324 -0.7285 0.4335, -0.3318 -0.7138 0.4335, -0.3357 -0.7123 0.4335, -0.3247 -0.7228 0.4335, -0.326 -0.7195 0.4335, -0.3277 -0.717 0.4335
            ]
        }
        coordIndex [
            0,1,2,-1,0,2,3,-1,4,5,6,-1,6,5,7,-1,6,7,2,-1,2,7,8,-1,2,8,3,-1,1,9,2,-1,2,9,10,-1,2,10,11,-1,12,11,13,-1,12,14,11,-1,11,14,15,-1,11,15,2,-1,16,17,13,-1,13,17,18,-1,13,18,12,-1,
        ]
    }
}
Shape{
    appearance Appearance {
        material  Material 	{
            diffuseColor 1.0 1.0 1.0
            specularColor 0.5019607843137255 0.5019607843137255 0.5019607843137255
            ambientIntensity 1.0
            transparency 0.0
            shininess 0.5
        }
    }
    geometry IndexedFaceSet {
        ccw TRUE
        solid FALSE
        coord DEF co Coordinate {
            point [
                -0.4087 -0.7436 0.4374, -0.4087 -0.7436 0.4335, -0.4091 -0.7451 0.4335, -0.4091 -0.7451 0.4374, -0.4094 -0.7462 0.4335, -0.4094 -0.7462 0.4374, -0.4095 -0.7462 0.4374, -0.4095 -0.7462 0.4335, -0.4102 -0.7436 0.4374, -0.4102 -0.7436 0.4335, -0.4187 -0.7192 0.4374, -0.4159 -0.7271 0.4335, -0.4187 -0.7192 0.4335, -0.425 -0.7192 0.4374, -0.425 -0.7192 0.4335, -0.4123 -0.7516 0.4374, -0.4159 -0.7424 0.4335, -0.4123 -0.7516 0.4335, -0.4148 -0.7575 0.4335, -0.4148 -0.7575 0.4374, -0.4125 -0.752 0.4335, -0.4159 -0.7595 0.4335, -0.416 -0.7595 0.4374, -0.416 -0.7595 0.4335, -0.417 -0.7607 0.4335, -0.417 -0.7607 0.4374, -0.418 -0.7614 0.4335, -0.418 -0.7614 0.4374, -0.4192 -0.7618 0.4335, -0.4192 -0.7618 0.4374, -0.4207 -0.762 0.4335, -0.4207 -0.762 0.4374, -0.4227 -0.7618 0.4335, -0.4227 -0.7618 0.4374, -0.4239 -0.7614 0.4335, -0.4239 -0.7614 0.4374, -0.4239 -0.7664 0.4374, -0.4239 -0.7664 0.4335, -0.4215 -0.7669 0.4335, -0.4215 -0.7669 0.4374, -0.4202 -0.7669 0.4335, -0.4202 -0.7669 0.4374, -0.4179 -0.7666 0.4335, -0.4179 -0.7666 0.4374, -0.4159 -0.7659 0.4335, -0.4157 -0.7658 0.4374, -0.4157 -0.7658 0.4335, -0.4137 -0.7644 0.4335, -0.4137 -0.7644 0.4374, -0.4133 -0.764 0.4335, -0.4133 -0.764 0.4374, -0.4112 -0.7615 0.4335, -0.4112 -0.7615 0.4374, -0.4086 -0.7565 0.4335, -0.4086 -0.7565 0.4374, -0.3939 -0.7192 0.4335, -0.3939 -0.7192 0.4374, -0.4069 -0.752 0.4335, -0.3998 -0.7192 0.4374, -0.3998 -0.7192 0.4335, -0.4411 -0.7524 0.4335, -0.4379 -0.752 0.4335, -0.4411 -0.7524 0.4374, -0.436 -0.7518 0.4374, -0.436 -0.7518 0.4335, -0.433 -0.7506 0.4335, -0.433 -0.7506 0.4374, -0.4317 -0.7498 0.4335, -0.4317 -0.7498 0.4374, -0.43 -0.7484 0.4335, -0.43 -0.7484 0.4374, -0.429 -0.7469 0.4335, -0.429 -0.7469 0.4374, -0.4283 -0.7451 0.4335, -0.4283 -0.7451 0.4374, -0.428 -0.7428 0.4335, -0.428 -0.7428 0.4374, -0.4282 -0.7407 0.4335, -0.4282 -0.7407 0.4374, -0.4289 -0.739 0.4335, -0.4289 -0.739 0.4374, -0.4299 -0.7375 0.4335, -0.4299 -0.7375 0.4374, -0.4313 -0.7362 0.4335, -0.4313 -0.7362 0.4374, -0.435 -0.7341 0.4335, -0.435 -0.7341 0.4374, -0.4372 -0.7333 0.4335, -0.4372 -0.7333 0.4374, -0.4408 -0.7317 0.4335, -0.4408 -0.7317 0.4374, -0.4428 -0.7305 0.4335, -0.4428 -0.7305 0.4374, -0.4433 -0.7299 0.4335, -0.4433 -0.7299 0.4374, -0.4437 -0.7291 0.4335, -0.4437 -0.7291 0.4374, -0.444 -0.7282 0.4335, -0.444 -0.7282 0.4374, -0.444 -0.7274 0.4335, -0.444 -0.7274 0.4374, -0.4439 -0.7265 0.4335, -0.4439 -0.7265 0.4374, -0.4436 -0.7258 0.4335, -0.4436 -0.7258 0.4374, -0.4431 -0.7251 0.4335, -0.4431 -0.7251 0.4374, -0.4423 -0.7243 0.4335, -0.4423 -0.7243 0.4374, -0.441 -0.7236 0.4335, -0.441 -0.7236 0.4374, -0.4395 -0.7232 0.4335, -0.4395 -0.7232 0.4374, -0.4378 -0.7231 0.4335, -0.4378 -0.7231 0.4374, -0.4343 -0.7235 0.4335, -0.4343 -0.7235 0.4374, -0.4311 -0.7246 0.4335, -0.4311 -0.7246 0.4374, -0.4296 -0.7254 0.4335, -0.4296 -0.7254 0.4374, -0.4296 -0.7199 0.4374, -0.4296 -0.7199 0.4335, -0.4333 -0.7188 0.4335, -0.4333 -0.7188 0.4374, -0.4372 -0.7185 0.4335, -0.4372 -0.7185 0.4374, -0.4418 -0.719 0.4335, -0.4418 -0.719 0.4374, -0.4448 -0.7202 0.4335, -0.4448 -0.7202 0.4374, -0.4462 -0.721 0.4335, -0.4462 -0.721 0.4374, -0.4473 -0.722 0.4335, -0.4479 -0.7226 0.4374, -0.4479 -0.7226 0.4335, -0.449 -0.7241 0.4335, -0.449 -0.7241 0.4374, -0.4496 -0.7259 0.4335, -0.4496 -0.7259 0.4374, -0.4499 -0.728 0.4335, -0.4499 -0.728 0.4374, -0.4496 -0.7302 0.4335, -0.4496 -0.7302 0.4374, -0.449 -0.7319 0.4335, -0.449 -0.7319 0.4374, -0.4483 -0.7331 0.4335, -0.4483 -0.7331 0.4374, -0.4413 -0.7374 0.4335, -0.4413 -0.7374 0.4374, -0.4446 -0.7358 0.4374, -0.4473 -0.7341 0.4335, -0.4473 -0.7341 0.4374, -0.4473 -0.7341 0.4335, -0.4446 -0.7358 0.4335, -0.4375 -0.7389 0.4335, -0.4375 -0.7389 0.4374, -0.4353 -0.7403 0.4335, -0.4353 -0.7403 0.4374, -0.4346 -0.741 0.4335, -0.4346 -0.741 0.4374, -0.4342 -0.7418 0.4335, -0.4342 -0.7418 0.4374, -0.4339 -0.7427 0.4335, -0.4339 -0.7427 0.4374, -0.4338 -0.7434 0.4335, -0.4338 -0.7434 0.4374, -0.434 -0.7445 0.4335, -0.434 -0.7445 0.4374, -0.4343 -0.7453 0.4335, -0.4343 -0.7453 0.4374, -0.4347 -0.746 0.4335, -0.4347 -0.746 0.4374, -0.4354 -0.7466 0.4335, -0.4354 -0.7466 0.4374, -0.4359 -0.7469 0.4335, -0.4359 -0.7469 0.4374, -0.4374 -0.7474 0.4335, -0.4374 -0.7474 0.4374, -0.4403 -0.7478 0.4335, -0.4403 -0.7478 0.4374, -0.4406 -0.7478 0.4335, -0.4406 -0.7478 0.4374, -0.4499 -0.7446 0.4335, -0.4499 -0.7446 0.4374, -0.4475 -0.7461 0.4374, -0.4439 -0.7474 0.4335, -0.4439 -0.7474 0.4374, -0.4473 -0.7462 0.4335, -0.4475 -0.7461 0.4335, -0.4499 -0.7505 0.4374, -0.4499 -0.7505 0.4335, -0.4473 -0.7514 0.4335, -0.4459 -0.7519 0.4374, -0.4448 -0.752 0.4335, -0.4459 -0.7519 0.4335, -0.4633 -0.7516 0.4374, -0.4576 -0.7516 0.4374, -0.4633 -0.7466 0.4374, -0.4576 -0.7308 0.4374, -0.4746 -0.7373 0.4374, -0.4709 -0.7364 0.4374, -0.4633 -0.7354 0.4374, -0.4633 -0.7385 0.4374, -0.4634 -0.7466 0.4374, -0.4664 -0.7458 0.4374, -0.4647 -0.7484 0.4374, -0.4681 -0.7469 0.4374, -0.4633 -0.7389 0.4374, -0.4637 -0.7414 0.4374, -0.4645 -0.7434 0.4374, -0.4657 -0.7451 0.4374, -0.4655 -0.7189 0.4374, -0.4666 -0.7237 0.4374, -0.4632 -0.7197 0.4374, -0.4656 -0.7244 0.4374, -0.4758 -0.7379 0.4374, -0.4633 -0.731 0.4374, -0.4635 -0.7285 0.4374, -0.4582 -0.726 0.4374, -0.4641 -0.7265 0.4374, -0.4591 -0.7236 0.4374, -0.4647 -0.7253 0.4374, -0.4603 -0.7218 0.4374, -0.4614 -0.7208 0.4374, -0.4805 -0.7215 0.4374, -0.4805 -0.727 0.4374, -0.4793 -0.7208 0.4374, -0.4766 -0.7245 0.4374, -0.4751 -0.7192 0.4374, -0.473 -0.7234 0.4374, -0.4693 -0.7185 0.4374, -0.4699 -0.7231 0.4374, -0.4679 -0.7233 0.4374, -0.4767 -0.7458 0.4374, -0.4809 -0.7498 0.4374, -0.4762 -0.7463 0.4374, -0.479 -0.7512 0.4374, -0.4751 -0.747 0.4374, -0.4768 -0.752 0.4374, -0.4738 -0.7475 0.4374, -0.4734 -0.7524 0.4374, -0.4719 -0.7477 0.4374, -0.4703 -0.752 0.4374, -0.4698 -0.7475 0.4374, -0.468 -0.7512 0.4374, -0.4665 -0.7502 0.4374, -0.4729 -0.7324 0.4374, -0.4776 -0.7336 0.4374, -0.4764 -0.7384 0.4374, -0.4799 -0.7348 0.4374, -0.4771 -0.7392 0.4374, -0.4815 -0.7364 0.4374, -0.4776 -0.7403 0.4374, -0.4827 -0.7382 0.4374, -0.4778 -0.7416 0.4374, -0.4834 -0.7403 0.4374, -0.4779 -0.7425 0.4374, -0.4837 -0.743 0.4374, -0.4777 -0.7438 0.4374, -0.4834 -0.7456 0.4374, -0.4774 -0.7448 0.4374, -0.4827 -0.7475 0.4374, -0.4815 -0.7492 0.4374, -0.4699 -0.7231 0.4335, -0.4679 -0.7233 0.4335, -0.4666 -0.7237 0.4335, -0.4656 -0.7244 0.4335, -0.4647 -0.7253 0.4335, -0.4641 -0.7265 0.4335, -0.4635 -0.7285 0.4335, -0.4633 -0.731 0.4335, -0.4729 -0.7324 0.4335, -0.4776 -0.7336 0.4335, -0.4799 -0.7348 0.4335, -0.4815 -0.7364 0.4335, -0.4827 -0.7382 0.4335, -0.4834 -0.7403 0.4335, -0.4837 -0.743 0.4335, -0.4834 -0.7456 0.4335, -0.4827 -0.7475 0.4335, -0.4815 -0.7492 0.4335, -0.4809 -0.7498 0.4335, -0.4734 -0.7524 0.4335, -0.4767 -0.752 0.4335, -0.4768 -0.752 0.4335, -0.479 -0.7512 0.4335, -0.4703 -0.752 0.4335, -0.4702 -0.752 0.4335, -0.468 -0.7512 0.4335, -0.4665 -0.7502 0.4335, -0.4647 -0.7484 0.4335, -0.4634 -0.7466 0.4335, -0.4633 -0.7466 0.4335, -0.4633 -0.7516 0.4335, -0.4576 -0.7516 0.4335, -0.4576 -0.7308 0.4335, -0.4582 -0.726 0.4335, -0.4591 -0.7236 0.4335, -0.4603 -0.7218 0.4335, -0.4614 -0.7208 0.4335, -0.4632 -0.7197 0.4335, -0.4655 -0.7189 0.4335, -0.4693 -0.7185 0.4335, -0.4751 -0.7192 0.4335, -0.4793 -0.7208 0.4335, -0.4805 -0.7215 0.4335, -0.4805 -0.727 0.4335, -0.4766 -0.7245 0.4335, -0.473 -0.7234 0.4335, -0.4657 -0.7451 0.4335, -0.4664 -0.7458 0.4335, -0.4681 -0.7469 0.4335, -0.4698 -0.7475 0.4335, -0.4719 -0.7477 0.4335, -0.4633 -0.7385 0.4335, -0.4633 -0.7389 0.4335, -0.4637 -0.7414 0.4335, -0.4645 -0.7434 0.4335, -0.4633 -0.7354 0.4335, -0.4709 -0.7364 0.4335, -0.4764 -0.7384 0.4335, -0.4758 -0.7379 0.4335, -0.4746 -0.7373 0.4335, -0.4779 -0.7425 0.4335, -0.4778 -0.7416 0.4335, -0.4776 -0.7403 0.4335, -0.4771 -0.7392 0.4335, -0.4762 -0.7463 0.4335, -0.4767 -0.7458 0.4335, -0.4774 -0.7448 0.4335, -0.4777 -0.7438 0.4335, -0.4738 -0.7475 0.4335, -0.4751 -0.747 0.4335
            ]
        }
        coordIndex [
            0,1,2,-1,0,2,3,-1,3,2,4,-1,3,4,5,-1,6,5,7,-1,7,5,4,-1,8,6,9,-1,9,6,7,-1,8,9,10,-1,10,9,11,-1,10,11,12,-1,13,10,14,-1,14,10,12,-1,13,14,15,-1,15,14,16,-1,15,16,17,-1,18,19,20,-1,20,19,15,-1,20,15,17,-1,18,21,19,-1,19,21,22,-1,21,23,22,-1,22,23,24,-1,22,24,25,-1,25,24,26,-1,25,26,27,-1,27,26,28,-1,27,28,29,-1,29,28,30,-1,29,30,31,-1,31,30,32,-1,31,32,33,-1,33,32,34,-1,33,34,35,-1,36,35,37,-1,37,35,34,-1,36,37,38,-1,36,38,39,-1,39,38,40,-1,39,40,41,-1,41,40,42,-1,41,42,43,-1,43,42,44,-1,43,44,45,-1,44,46,45,-1,45,46,47,-1,45,47,48,-1,48,47,49,-1,48,49,50,-1,50,49,51,-1,50,51,52,-1,52,51,53,-1,52,53,54,-1,55,56,57,-1,57,56,54,-1,57,54,53,-1,58,56,59,-1,59,56,55,-1,0,58,1,-1,1,58,59,-1,3,5,54,-1,56,58,54,-1,54,58,0,-1,54,0,3,-1,10,13,8,-1,8,13,15,-1,8,15,6,-1,35,36,33,-1,33,36,39,-1,33,39,31,-1,31,39,41,-1,31,41,29,-1,29,41,43,-1,29,43,27,-1,27,43,45,-1,27,45,25,-1,5,6,54,-1,54,6,15,-1,54,15,52,-1,15,19,52,-1,52,19,22,-1,52,22,50,-1,50,22,25,-1,50,25,48,-1,48,25,45,-1,60,61,62,-1,62,61,63,-1,61,64,63,-1,63,64,65,-1,63,65,66,-1,66,65,67,-1,66,67,68,-1,68,67,69,-1,68,69,70,-1,70,69,71,-1,70,71,72,-1,72,71,73,-1,72,73,74,-1,74,73,75,-1,74,75,76,-1,76,75,77,-1,76,77,78,-1,78,77,79,-1,78,79,80,-1,80,79,81,-1,80,81,82,-1,82,81,83,-1,82,83,84,-1,84,83,85,-1,84,85,86,-1,86,85,87,-1,86,87,88,-1,88,87,89,-1,88,89,90,-1,90,89,91,-1,90,91,92,-1,92,91,93,-1,92,93,94,-1,94,93,95,-1,94,95,96,-1,96,95,97,-1,96,97,98,-1,98,97,99,-1,98,99,100,-1,100,99,101,-1,100,101,102,-1,102,101,103,-1,102,103,104,-1,104,103,105,-1,104,105,106,-1,106,105,107,-1,106,107,108,-1,108,107,109,-1,108,109,110,-1,110,109,111,-1,110,111,112,-1,112,111,113,-1,112,113,114,-1,114,113,115,-1,114,115,116,-1,116,115,117,-1,116,117,118,-1,118,117,119,-1,118,119,120,-1,121,120,122,-1,122,120,119,-1,121,122,123,-1,121,123,124,-1,124,123,125,-1,124,125,126,-1,126,125,127,-1,126,127,128,-1,128,127,129,-1,128,129,130,-1,130,129,131,-1,130,131,132,-1,131,133,132,-1,132,133,134,-1,133,135,134,-1,134,135,136,-1,134,136,137,-1,137,136,138,-1,137,138,139,-1,139,138,140,-1,139,140,141,-1,141,140,142,-1,141,142,143,-1,143,142,144,-1,143,144,145,-1,145,144,146,-1,145,146,147,-1,148,149,150,-1,147,146,151,-1,147,151,152,-1,152,151,153,-1,152,153,150,-1,150,153,154,-1,150,154,148,-1,149,148,155,-1,149,155,156,-1,156,155,157,-1,156,157,158,-1,158,157,159,-1,158,159,160,-1,160,159,161,-1,160,161,162,-1,162,161,163,-1,162,163,164,-1,164,163,165,-1,164,165,166,-1,166,165,167,-1,166,167,168,-1,168,167,169,-1,168,169,170,-1,170,169,171,-1,170,171,172,-1,172,171,173,-1,172,173,174,-1,174,173,175,-1,174,175,176,-1,176,175,177,-1,176,177,178,-1,178,177,179,-1,178,179,180,-1,180,179,181,-1,180,181,182,-1,183,184,185,-1,182,181,186,-1,182,186,187,-1,187,186,188,-1,187,188,185,-1,185,188,189,-1,185,189,183,-1,190,184,191,-1,191,184,183,-1,191,192,190,-1,190,192,193,-1,60,62,194,-1,194,62,193,-1,194,193,195,-1,195,193,192,-1,106,108,130,-1,130,108,128,-1,156,88,149,-1,149,88,90,-1,66,68,172,-1,172,68,70,-1,172,70,170,-1,170,70,72,-1,170,72,168,-1,168,72,74,-1,168,74,166,-1,166,74,76,-1,166,76,164,-1,164,76,78,-1,164,78,162,-1,162,78,80,-1,162,80,160,-1,160,80,82,-1,160,82,158,-1,158,82,84,-1,158,84,156,-1,156,84,86,-1,156,86,88,-1,62,182,193,-1,193,182,187,-1,193,187,190,-1,190,187,185,-1,190,185,184,-1,108,110,128,-1,128,110,112,-1,128,112,126,-1,126,112,114,-1,126,114,124,-1,124,114,116,-1,124,116,121,-1,121,116,118,-1,121,118,120,-1,172,174,66,-1,66,174,176,-1,66,176,63,-1,63,176,178,-1,63,178,62,-1,62,178,180,-1,62,180,182,-1,130,132,106,-1,106,132,134,-1,106,134,104,-1,104,134,137,-1,104,137,102,-1,102,137,139,-1,102,139,100,-1,100,139,141,-1,100,141,98,-1,98,141,143,-1,98,143,96,-1,96,143,145,-1,96,145,94,-1,94,145,147,-1,94,147,92,-1,92,147,152,-1,92,152,90,-1,90,152,150,-1,90,150,149,-1,196,197,198,-1,198,197,199,-1,200,201,199,-1,199,201,202,-1,199,202,203,-1,204,205,206,-1,206,205,207,-1,203,208,199,-1,199,208,209,-1,199,209,198,-1,198,209,210,-1,198,210,204,-1,204,210,211,-1,204,211,205,-1,212,213,214,-1,214,213,215,-1,216,200,217,-1,217,200,199,-1,217,199,218,-1,218,199,219,-1,218,219,220,-1,220,219,221,-1,220,221,222,-1,222,221,223,-1,222,223,215,-1,215,223,224,-1,215,224,214,-1,225,226,227,-1,227,226,228,-1,227,228,229,-1,229,228,230,-1,229,230,231,-1,231,230,232,-1,231,232,212,-1,212,232,233,-1,212,233,213,-1,234,235,236,-1,236,235,237,-1,236,237,238,-1,238,237,239,-1,238,239,240,-1,240,239,241,-1,240,241,242,-1,242,241,243,-1,242,243,244,-1,244,243,245,-1,244,245,207,-1,207,245,246,-1,207,246,206,-1,217,247,216,-1,216,247,248,-1,216,248,249,-1,249,248,250,-1,249,250,251,-1,251,250,252,-1,251,252,253,-1,253,252,254,-1,253,254,255,-1,255,254,256,-1,255,256,257,-1,257,256,258,-1,257,258,259,-1,259,258,260,-1,259,260,261,-1,261,260,262,-1,261,262,234,-1,234,262,263,-1,234,263,235,-1,232,264,265,-1,232,265,233,-1,233,265,266,-1,233,266,213,-1,213,266,267,-1,213,267,215,-1,215,267,268,-1,215,268,222,-1,222,268,269,-1,222,269,220,-1,220,269,270,-1,220,270,218,-1,218,270,271,-1,218,271,217,-1,247,217,272,-1,272,217,271,-1,247,272,273,-1,247,273,248,-1,248,273,274,-1,248,274,250,-1,250,274,275,-1,250,275,252,-1,252,275,276,-1,252,276,254,-1,254,276,277,-1,254,277,256,-1,256,277,278,-1,256,278,258,-1,258,278,279,-1,258,279,260,-1,260,279,280,-1,260,280,262,-1,262,280,281,-1,262,281,263,-1,263,281,282,-1,263,282,235,-1,283,241,284,-1,284,241,239,-1,284,239,285,-1,285,239,237,-1,285,237,286,-1,286,237,235,-1,286,235,282,-1,241,283,287,-1,241,287,243,-1,243,287,288,-1,243,288,245,-1,288,289,245,-1,245,289,290,-1,245,290,246,-1,246,290,291,-1,246,291,206,-1,206,291,292,-1,206,292,204,-1,198,204,293,-1,293,204,292,-1,196,198,294,-1,294,198,293,-1,197,196,295,-1,295,196,294,-1,199,197,296,-1,296,197,295,-1,199,296,297,-1,199,297,219,-1,219,297,298,-1,219,298,221,-1,221,298,299,-1,221,299,223,-1,223,299,300,-1,223,300,224,-1,224,300,301,-1,224,301,214,-1,214,301,302,-1,214,302,212,-1,212,302,303,-1,212,303,231,-1,231,303,304,-1,231,304,229,-1,229,304,305,-1,229,305,227,-1,227,305,306,-1,227,306,225,-1,226,225,307,-1,307,225,306,-1,226,307,308,-1,226,308,228,-1,228,308,309,-1,228,309,230,-1,230,309,264,-1,230,264,232,-1,211,310,311,-1,211,311,205,-1,205,311,312,-1,205,312,207,-1,207,312,313,-1,207,313,244,-1,244,313,314,-1,244,314,242,-1,203,315,316,-1,203,316,208,-1,208,316,317,-1,208,317,209,-1,209,317,318,-1,209,318,210,-1,210,318,310,-1,210,310,211,-1,203,202,315,-1,315,202,319,-1,202,201,319,-1,319,201,320,-1,249,321,322,-1,249,322,216,-1,216,322,323,-1,216,323,200,-1,200,323,320,-1,200,320,201,-1,257,324,325,-1,257,325,255,-1,255,325,326,-1,255,326,253,-1,253,326,327,-1,253,327,251,-1,251,327,321,-1,251,321,249,-1,236,328,329,-1,236,329,234,-1,234,329,330,-1,234,330,261,-1,261,330,331,-1,261,331,259,-1,259,331,324,-1,259,324,257,-1,242,314,332,-1,242,332,240,-1,240,332,333,-1,240,333,238,-1,238,333,328,-1,238,328,236,-1,
        ]
    }
}
Shape{
    appearance Appearance {
        material  Material 	{
            diffuseColor 0.20784313725490197 0.20784313725490197 0.20784313725490197
            specularColor 0.01568627450980392 0.01568627450980392 0.01568627450980392
            ambientIntensity 0.298
            transparency 0.0
            shininess 0.5
        }
    }
    geometry IndexedFaceSet {
        ccw TRUE
        solid FALSE
        coord DEF co Coordinate {
            point [
                -0.4633 -0.7389 0.4335, -0.4633 -0.7385 0.4335, -0.4764 -0.7384 0.4335, -0.4633 -0.7354 0.4335, -0.4709 -0.7364 0.4335, -0.4746 -0.7373 0.4335, -0.4758 -0.7379 0.4335, -0.4637 -0.7414 0.4335, -0.4771 -0.7392 0.4335, -0.4645 -0.7434 0.4335, -0.4767 -0.7458 0.4335, -0.4762 -0.7463 0.4335, -0.4664 -0.7458 0.4335, -0.4774 -0.7448 0.4335, -0.4681 -0.7469 0.4335, -0.4698 -0.7475 0.4335, -0.4719 -0.7477 0.4335, -0.4776 -0.7403 0.4335, -0.4778 -0.7416 0.4335, -0.4657 -0.7451 0.4335, -0.4779 -0.7425 0.4335, -0.4777 -0.7438 0.4335, -0.4751 -0.747 0.4335, -0.4738 -0.7475 0.4335
            ]
        }
        coordIndex [
            0,1,2,-1,1,3,4,-1,4,5,1,-1,1,5,6,-1,1,6,2,-1,0,2,7,-1,7,2,8,-1,7,8,9,-1,10,11,12,-1,10,12,13,-1,14,12,15,-1,15,12,16,-1,8,17,9,-1,9,17,18,-1,9,18,19,-1,19,18,20,-1,19,20,12,-1,12,20,21,-1,12,21,13,-1,11,22,12,-1,12,22,23,-1,12,23,16,-1,
        ]
    }
}
Shape{
    appearance Appearance {
        material  Material 	{
            diffuseColor 1.0 1.0 1.0
            specularColor 0.5019607843137255 0.5019607843137255 0.5019607843137255
            ambientIntensity 1.0
            transparency 0.0
            shininess 0.5
        }
    }
    geometry IndexedFaceSet {
        ccw TRUE
        solid FALSE
        coord DEF co Coordinate {
            point [
                -0.714 -0.7581 0.4374, -0.7092 -0.764 0.4374, -0.7169 -0.7295 0.4374, -0.7225 -0.6734 0.4374, -0.7153 -0.6696 0.4374, -0.7168 -0.6497 0.4374, -0.6969 -0.6488 0.4374, -0.6869 -0.6724 0.4374, -0.682 -0.6622 0.4374, -0.6543 -0.7408 0.4374, -0.6543 -0.7376 0.4374, -0.6816 -0.7297 0.4374, -0.6846 -0.7288 0.4374, -0.7239 -0.7252 0.4374, -0.7217 -0.7498 0.4374, -0.7172 -0.7511 0.4374, -0.7043 -0.6482 0.4374, -0.6768 -0.7337 0.4374, -0.6753 -0.7363 0.4374, -0.6545 -0.7442 0.4374, -0.6091 -0.7137 0.4374, -0.6191 -0.6966 0.4374, -0.6624 -0.7192 0.4374, -0.6869 -0.7286 0.4374, -0.6898 -0.7289 0.4374, -0.6943 -0.7092 0.4374, -0.6927 -0.73 0.4374, -0.7014 -0.7119 0.4374, -0.6952 -0.7317 0.4374, -0.708 -0.7165 0.4374, -0.6971 -0.7337 0.4374, -0.7133 -0.7226 0.4374, -0.6986 -0.7365 0.4374, -0.6994 -0.7396 0.4374, -0.6748 -0.7104 0.4374, -0.6826 -0.7085 0.4374, -0.6866 -0.7082 0.4374, -0.6789 -0.7314 0.4374, -0.6952 -0.7506 0.4374, -0.6926 -0.7524 0.4374, -0.7029 -0.7687 0.4374, -0.6896 -0.7534 0.4374, -0.5985 -0.6818 0.4374, -0.5959 -0.6818 0.4374, -0.5826 -0.6643 0.4374, -0.5897 -0.6825 0.4374, -0.581 -0.6649 0.4374, -0.5841 -0.6847 0.4374, -0.5714 -0.6696 0.4374, -0.5627 -0.677 0.4374, -0.6903 -0.6411 0.4374, -0.6747 -0.6535 0.4374, -0.6827 -0.6346 0.4374, -0.6661 -0.6472 0.4374, -0.673 -0.6288 0.4374, -0.7073 -0.6677 0.4374, -0.704 -0.6676 0.4374, -0.7006 -0.6484 0.4374, -0.6965 -0.6685 0.4374, -0.6892 -0.6711 0.4374, -0.668 -0.7141 0.4374, -0.5626 -0.7373 0.4374, -0.5777 -0.7245 0.4374, -0.5714 -0.7447 0.4374, -0.5825 -0.7284 0.4374, -0.5813 -0.7495 0.4374, -0.5882 -0.731 0.4374, -0.592 -0.7518 0.4374, -0.5939 -0.7321 0.4374, -0.611 -0.7518 0.4374, -0.6085 -0.7321 0.4374, -0.6129 -0.7515 0.4374, -0.6973 -0.7483 0.4374, -0.6987 -0.7456 0.4374, -0.6994 -0.7427 0.4374, -0.5791 -0.6882 0.4374, -0.5754 -0.6923 0.4374, -0.5561 -0.6862 0.4374, -0.5724 -0.6979 0.4374, -0.5522 -0.6961 0.4374, -0.5709 -0.7041 0.4374, -0.5507 -0.7066 0.4374, -0.5707 -0.7069 0.4374, -0.5522 -0.7181 0.4374, -0.5715 -0.7132 0.4374, -0.5562 -0.7283 0.4374, -0.5737 -0.719 0.4374, -0.5773 -0.724 0.4374, -0.6001 -0.6388 0.4374, -0.6127 -0.6537 0.4374, -0.5886 -0.6524 0.4374, -0.6054 -0.6624 0.4374, -0.6004 -0.6728 0.4374, -0.7353 -0.692 0.4374, -0.7565 -0.6972 0.4374, -0.7363 -0.6998 0.4374, -0.7566 -0.7005 0.4374, -0.7359 -0.7048 0.4374, -0.7551 -0.7129 0.4374, -0.7336 -0.7127 0.4374, -0.7505 -0.7249 0.4374, -0.7297 -0.7192 0.4374, -0.743 -0.7357 0.4374, -0.7333 -0.744 0.4374, -0.658 -0.6235 0.4374, -0.6555 -0.6429 0.4374, -0.644 -0.622 0.4374, -0.6436 -0.6414 0.4374, -0.6281 -0.624 0.4374, -0.6327 -0.6428 0.4374, -0.6121 -0.6304 0.4374, -0.6226 -0.6466 0.4374, -0.6135 -0.6529 0.4374, -0.7288 -0.6543 0.4374, -0.7391 -0.6614 0.4374, -0.7281 -0.6784 0.4374, -0.7414 -0.6637 0.4374, -0.7325 -0.6848 0.4374, -0.7491 -0.6735 0.4374, -0.7543 -0.6851 0.4374, -0.6744 -0.7392 0.4374, -0.6744 -0.7424 0.4374, -0.6564 -0.7521 0.4374, -0.6751 -0.7455 0.4374, -0.6602 -0.7593 0.4374, -0.6765 -0.7483 0.4374, -0.6651 -0.7649 0.4374, -0.6786 -0.7506 0.4374, -0.6716 -0.7694 0.4374, -0.6811 -0.7523 0.4374, -0.6788 -0.7721 0.4374, -0.6839 -0.7534 0.4374, -0.6866 -0.7731 0.4374, -0.6869 -0.7537 0.4374, -0.6878 -0.7731 0.4374, -0.6954 -0.7719 0.4374, -0.6101 -0.7318 0.4374, -0.6178 -0.7484 0.4374, -0.6171 -0.7492 0.4374, -0.6091 -0.732 0.4374, -0.615 -0.7507 0.4374, -0.6204 -0.7418 0.4374, -0.6201 -0.7442 0.4374, -0.6192 -0.7464 0.4374, -0.6129 -0.7321 0.4374, -0.6151 -0.733 0.4374, -0.6203 -0.7405 0.4374, -0.6171 -0.7344 0.4374, -0.6184 -0.7359 0.4374, -0.6197 -0.7381 0.4374, -0.6104 -0.7318 0.4374, -0.5606 -0.68 0.4335, -0.5561 -0.6862 0.4335, -0.5533 -0.6933 0.4335, -0.5522 -0.6961 0.4335, -0.5507 -0.7066 0.4335, -0.5627 -0.677 0.4335, -0.5714 -0.6696 0.4335, -0.581 -0.6649 0.4335, -0.5826 -0.6643 0.4335, -0.5886 -0.6524 0.4335, -0.6001 -0.6388 0.4335, -0.6072 -0.6338 0.4335, -0.6121 -0.6304 0.4335, -0.6281 -0.624 0.4335, -0.644 -0.622 0.4335, -0.6827 -0.6346 0.4335, -0.6814 -0.6338 0.4335, -0.673 -0.6288 0.4335, -0.658 -0.6235 0.4335, -0.6903 -0.6411 0.4335, -0.6969 -0.6488 0.4335, -0.7006 -0.6484 0.4335, -0.7043 -0.6482 0.4335, -0.7168 -0.6497 0.4335, -0.7288 -0.6543 0.4335, -0.7391 -0.6614 0.4335, -0.7414 -0.6637 0.4335, -0.7491 -0.6735 0.4335, -0.752 -0.68 0.4335, -0.7543 -0.6851 0.4335, -0.7558 -0.6933 0.4335, -0.7565 -0.6972 0.4335, -0.7566 -0.7005 0.4335, -0.7551 -0.7129 0.4335, -0.7505 -0.7249 0.4335, -0.743 -0.7357 0.4335, -0.7333 -0.744 0.4335, -0.7217 -0.7498 0.4335, -0.7172 -0.7511 0.4335, -0.7168 -0.752 0.4335, -0.714 -0.7581 0.4335, -0.7092 -0.764 0.4335, -0.7029 -0.7687 0.4335, -0.6999 -0.77 0.4335, -0.6954 -0.7719 0.4335, -0.6878 -0.7731 0.4335, -0.6866 -0.7731 0.4335, -0.6543 -0.7408 0.4335, -0.6788 -0.7721 0.4335, -0.6732 -0.77 0.4335, -0.6716 -0.7694 0.4335, -0.6651 -0.7649 0.4335, -0.6602 -0.7593 0.4335, -0.6564 -0.7521 0.4335, -0.6563 -0.752 0.4335, -0.6545 -0.7442 0.4335, -0.6543 -0.7376 0.4335, -0.6091 -0.7137 0.4335, -0.6191 -0.6966 0.4335, -0.6624 -0.7192 0.4335, -0.668 -0.7141 0.4335, -0.6748 -0.7104 0.4335, -0.6826 -0.7085 0.4335, -0.6866 -0.7082 0.4335, -0.6943 -0.7092 0.4335, -0.7014 -0.7119 0.4335, -0.708 -0.7165 0.4335, -0.7133 -0.7226 0.4335, -0.7169 -0.7295 0.4335, -0.7239 -0.7252 0.4335, -0.7297 -0.7192 0.4335, -0.7336 -0.7127 0.4335, -0.7359 -0.7048 0.4335, -0.7363 -0.6998 0.4335, -0.7355 -0.6933 0.4335, -0.7353 -0.692 0.4335, -0.7325 -0.6848 0.4335, -0.7292 -0.68 0.4335, -0.7281 -0.6784 0.4335, -0.7225 -0.6734 0.4335, -0.7153 -0.6696 0.4335, -0.7073 -0.6677 0.4335, -0.704 -0.6676 0.4335, -0.6965 -0.6685 0.4335, -0.6892 -0.6711 0.4335, -0.6869 -0.6724 0.4335, -0.682 -0.6622 0.4335, -0.6747 -0.6535 0.4335, -0.6661 -0.6472 0.4335, -0.6555 -0.6429 0.4335, -0.6436 -0.6414 0.4335, -0.5985 -0.6818 0.4335, -0.5988 -0.68 0.4335, -0.6004 -0.6728 0.4335, -0.6054 -0.6624 0.4335, -0.6127 -0.6537 0.4335, -0.6135 -0.6529 0.4335, -0.6226 -0.6466 0.4335, -0.6327 -0.6428 0.4335, -0.5959 -0.6818 0.4335, -0.5897 -0.6825 0.4335, -0.5841 -0.6847 0.4335, -0.5791 -0.6882 0.4335, -0.5754 -0.6923 0.4335, -0.5748 -0.6933 0.4335, -0.5724 -0.6979 0.4335, -0.5709 -0.7041 0.4335, -0.5707 -0.7069 0.4335, -0.5715 -0.7132 0.4335, -0.5737 -0.719 0.4335, -0.5773 -0.724 0.4335, -0.5777 -0.7245 0.4335, -0.5825 -0.7284 0.4335, -0.5882 -0.731 0.4335, -0.5939 -0.7321 0.4335, -0.6085 -0.7321 0.4335, -0.6091 -0.732 0.4335, -0.6101 -0.7318 0.4335, -0.6104 -0.7318 0.4335, -0.6129 -0.7321 0.4335, -0.6151 -0.733 0.4335, -0.6171 -0.7344 0.4335, -0.6184 -0.7359 0.4335, -0.6197 -0.7381 0.4335, -0.6203 -0.7405 0.4335, -0.6204 -0.7418 0.4335, -0.6201 -0.7442 0.4335, -0.6192 -0.7464 0.4335, -0.6178 -0.7484 0.4335, -0.6171 -0.7492 0.4335, -0.615 -0.7507 0.4335, -0.6129 -0.7515 0.4335, -0.611 -0.7518 0.4335, -0.592 -0.7518 0.4335, -0.5813 -0.7495 0.4335, -0.5714 -0.7447 0.4335, -0.5626 -0.7373 0.4335, -0.5562 -0.7283 0.4335, -0.5522 -0.7181 0.4335, -0.6869 -0.7286 0.4335, -0.6846 -0.7288 0.4335, -0.6816 -0.7297 0.4335, -0.6789 -0.7314 0.4335, -0.6768 -0.7337 0.4335, -0.6753 -0.7363 0.4335, -0.6744 -0.7392 0.4335, -0.6744 -0.7424 0.4335, -0.6751 -0.7455 0.4335, -0.6765 -0.7483 0.4335, -0.6786 -0.7506 0.4335, -0.6811 -0.7523 0.4335, -0.6839 -0.7534 0.4335, -0.6869 -0.7537 0.4335, -0.6896 -0.7534 0.4335, -0.6926 -0.7524 0.4335, -0.6952 -0.7506 0.4335, -0.6973 -0.7483 0.4335, -0.6987 -0.7456 0.4335, -0.6994 -0.7427 0.4335, -0.6994 -0.7396 0.4335, -0.6986 -0.7365 0.4335, -0.6971 -0.7337 0.4335, -0.6952 -0.7317 0.4335, -0.6927 -0.73 0.4335, -0.6898 -0.7289 0.4335
            ]
        }
        coordIndex [
            0,1,2,-1,3,4,5,-1,6,7,8,-1,9,10,11,-1,11,10,12,-1,13,14,2,-1,2,14,15,-1,2,15,0,-1,5,4,16,-1,17,18,19,-1,20,21,10,-1,10,21,22,-1,10,22,12,-1,12,22,23,-1,24,25,26,-1,26,25,27,-1,26,27,28,-1,28,27,29,-1,28,29,30,-1,30,29,31,-1,30,31,32,-1,32,31,2,-1,32,2,33,-1,34,35,24,-1,24,35,36,-1,24,36,25,-1,9,11,19,-1,19,11,37,-1,19,37,17,-1,38,1,39,-1,39,1,40,-1,39,40,41,-1,42,43,44,-1,44,43,45,-1,44,45,46,-1,46,45,47,-1,46,47,48,-1,48,47,49,-1,6,8,50,-1,50,8,51,-1,50,51,52,-1,52,51,53,-1,52,53,54,-1,4,55,16,-1,16,55,56,-1,16,56,57,-1,57,56,58,-1,57,58,6,-1,6,58,59,-1,6,59,7,-1,23,22,24,-1,24,22,60,-1,24,60,34,-1,61,62,63,-1,63,62,64,-1,63,64,65,-1,65,64,66,-1,65,66,67,-1,67,66,68,-1,67,68,69,-1,69,68,70,-1,69,70,71,-1,38,72,1,-1,1,72,73,-1,1,73,2,-1,2,73,74,-1,2,74,33,-1,47,75,49,-1,49,75,76,-1,49,76,77,-1,77,76,78,-1,77,78,79,-1,79,78,80,-1,79,80,81,-1,81,80,82,-1,81,82,83,-1,83,82,84,-1,83,84,85,-1,85,84,86,-1,85,86,61,-1,61,86,87,-1,61,87,62,-1,88,89,90,-1,90,89,91,-1,90,91,44,-1,44,91,92,-1,44,92,42,-1,93,94,95,-1,95,94,96,-1,95,96,97,-1,97,96,98,-1,97,98,99,-1,99,98,100,-1,99,100,101,-1,101,100,102,-1,101,102,13,-1,13,102,103,-1,13,103,14,-1,54,53,104,-1,104,53,105,-1,104,105,106,-1,106,105,107,-1,106,107,108,-1,108,107,109,-1,108,109,110,-1,110,109,111,-1,110,111,88,-1,88,111,112,-1,88,112,89,-1,5,113,3,-1,3,113,114,-1,3,114,115,-1,115,114,116,-1,115,116,117,-1,117,116,118,-1,117,118,93,-1,93,118,119,-1,93,119,94,-1,18,120,19,-1,19,120,121,-1,19,121,122,-1,122,121,123,-1,122,123,124,-1,124,123,125,-1,124,125,126,-1,126,125,127,-1,126,127,128,-1,128,127,129,-1,128,129,130,-1,130,129,131,-1,130,131,132,-1,132,131,133,-1,132,133,134,-1,134,133,41,-1,134,41,135,-1,135,41,40,-1,136,137,138,-1,70,139,71,-1,71,139,136,-1,71,136,140,-1,140,136,138,-1,141,142,136,-1,136,142,143,-1,136,143,137,-1,144,145,146,-1,145,147,146,-1,146,147,148,-1,146,148,149,-1,141,136,146,-1,146,136,150,-1,146,150,144,-1,151,49,152,-1,152,49,77,-1,152,77,153,-1,153,77,79,-1,153,79,154,-1,154,79,81,-1,154,81,155,-1,151,156,49,-1,49,156,157,-1,49,157,48,-1,48,157,158,-1,48,158,46,-1,46,158,159,-1,46,159,44,-1,44,159,160,-1,44,160,90,-1,90,160,161,-1,90,161,88,-1,88,161,110,-1,110,161,162,-1,162,163,110,-1,110,163,164,-1,110,164,108,-1,108,164,165,-1,108,165,106,-1,166,52,167,-1,167,52,54,-1,167,54,168,-1,168,54,104,-1,168,104,169,-1,169,104,106,-1,169,106,165,-1,52,166,170,-1,52,170,50,-1,50,170,171,-1,50,171,6,-1,6,171,172,-1,6,172,57,-1,57,172,173,-1,57,173,16,-1,16,173,174,-1,16,174,5,-1,5,174,175,-1,5,175,113,-1,113,175,176,-1,113,176,114,-1,114,176,177,-1,114,177,116,-1,119,118,178,-1,178,118,116,-1,178,116,177,-1,178,179,119,-1,119,179,180,-1,119,180,94,-1,94,180,181,-1,181,182,94,-1,94,182,183,-1,94,183,96,-1,96,183,184,-1,96,184,98,-1,98,184,185,-1,98,185,100,-1,100,185,186,-1,100,186,102,-1,102,186,187,-1,102,187,103,-1,103,187,188,-1,103,188,14,-1,14,188,189,-1,14,189,15,-1,15,189,190,-1,15,190,0,-1,190,191,0,-1,0,191,192,-1,0,192,1,-1,1,192,193,-1,1,193,40,-1,40,193,194,-1,40,194,135,-1,194,195,135,-1,135,195,196,-1,135,196,134,-1,134,196,197,-1,134,197,132,-1,198,9,19,-1,132,197,199,-1,132,199,130,-1,130,199,200,-1,130,200,128,-1,200,201,128,-1,128,201,202,-1,128,202,126,-1,126,202,203,-1,126,203,124,-1,124,203,204,-1,124,204,122,-1,122,204,205,-1,122,205,19,-1,19,205,206,-1,19,206,198,-1,10,9,207,-1,207,9,198,-1,20,10,208,-1,208,10,207,-1,21,20,209,-1,209,20,208,-1,22,21,210,-1,210,21,209,-1,22,210,211,-1,22,211,60,-1,60,211,212,-1,60,212,34,-1,34,212,213,-1,34,213,35,-1,35,213,214,-1,35,214,36,-1,36,214,215,-1,36,215,25,-1,25,215,216,-1,25,216,27,-1,27,216,217,-1,27,217,29,-1,29,217,218,-1,29,218,31,-1,31,218,219,-1,31,219,2,-1,2,219,220,-1,2,220,13,-1,13,220,221,-1,13,221,101,-1,101,221,222,-1,101,222,99,-1,99,222,223,-1,99,223,97,-1,97,223,224,-1,97,224,95,-1,224,225,95,-1,95,225,93,-1,225,226,93,-1,93,226,227,-1,93,227,117,-1,117,227,228,-1,117,228,115,-1,228,229,115,-1,115,229,230,-1,115,230,3,-1,3,230,231,-1,3,231,4,-1,4,231,232,-1,4,232,55,-1,55,232,233,-1,55,233,56,-1,56,233,234,-1,56,234,58,-1,58,234,235,-1,58,235,59,-1,59,235,236,-1,59,236,7,-1,7,236,237,-1,7,237,8,-1,8,237,238,-1,8,238,51,-1,51,238,239,-1,51,239,53,-1,53,239,240,-1,53,240,105,-1,105,240,241,-1,105,241,107,-1,242,42,243,-1,243,42,92,-1,243,92,244,-1,244,92,91,-1,244,91,245,-1,245,91,89,-1,245,89,246,-1,246,89,112,-1,246,112,247,-1,247,112,111,-1,247,111,248,-1,248,111,109,-1,248,109,249,-1,249,109,107,-1,249,107,241,-1,43,42,250,-1,250,42,242,-1,43,250,251,-1,43,251,45,-1,45,251,252,-1,45,252,47,-1,47,252,253,-1,47,253,75,-1,75,253,254,-1,75,254,76,-1,76,254,255,-1,76,255,78,-1,255,256,78,-1,78,256,257,-1,78,257,80,-1,80,257,258,-1,80,258,82,-1,82,258,259,-1,82,259,84,-1,84,259,260,-1,84,260,86,-1,86,260,261,-1,86,261,87,-1,87,261,262,-1,87,262,62,-1,62,262,263,-1,62,263,64,-1,64,263,264,-1,64,264,66,-1,66,264,265,-1,66,265,68,-1,70,68,266,-1,266,68,265,-1,70,266,267,-1,70,267,139,-1,139,267,268,-1,139,268,136,-1,136,268,269,-1,136,269,150,-1,150,269,270,-1,150,270,144,-1,144,270,271,-1,144,271,145,-1,145,271,272,-1,145,272,147,-1,147,272,273,-1,147,273,148,-1,148,273,274,-1,148,274,149,-1,149,274,275,-1,149,275,146,-1,146,275,276,-1,146,276,141,-1,141,276,277,-1,141,277,142,-1,142,277,278,-1,142,278,143,-1,143,278,279,-1,143,279,137,-1,137,279,280,-1,137,280,138,-1,138,280,281,-1,138,281,140,-1,140,281,282,-1,140,282,71,-1,71,282,283,-1,71,283,69,-1,67,69,284,-1,284,69,283,-1,67,284,285,-1,67,285,65,-1,65,285,286,-1,65,286,63,-1,63,286,287,-1,63,287,61,-1,61,287,288,-1,61,288,85,-1,85,288,289,-1,85,289,83,-1,83,289,155,-1,83,155,81,-1,23,290,291,-1,23,291,12,-1,12,291,292,-1,12,292,11,-1,11,292,293,-1,11,293,37,-1,37,293,294,-1,37,294,17,-1,17,294,295,-1,17,295,18,-1,18,295,296,-1,18,296,120,-1,120,296,297,-1,120,297,121,-1,121,297,298,-1,121,298,123,-1,123,298,299,-1,123,299,125,-1,125,299,300,-1,125,300,127,-1,127,300,301,-1,127,301,129,-1,129,301,302,-1,129,302,131,-1,131,302,303,-1,131,303,133,-1,133,303,304,-1,133,304,41,-1,41,304,305,-1,41,305,39,-1,39,305,306,-1,39,306,38,-1,38,306,307,-1,38,307,72,-1,72,307,308,-1,72,308,73,-1,73,308,309,-1,73,309,74,-1,74,309,310,-1,74,310,33,-1,33,310,311,-1,33,311,32,-1,32,311,312,-1,32,312,30,-1,30,312,313,-1,30,313,28,-1,28,313,314,-1,28,314,26,-1,26,314,315,-1,26,315,24,-1,24,315,290,-1,24,290,23,-1,
        ]
    }
}
Shape{
    appearance Appearance {
        material  Material 	{
            diffuseColor 0.20784313725490197 0.20784313725490197 0.20784313725490197
            specularColor 0.01568627450980392 0.01568627450980392 0.01568627450980392
            ambientIntensity 0.298
            transparency 0.0
            shininess 0.5
        }
    }
    geometry IndexedFaceSet {
        ccw TRUE
        solid FALSE
        coord DEF co Coordinate {
            point [
                -0.6839 -0.7534 0.4335, -0.6846 -0.7288 0.4335, -0.6869 -0.7537 0.4335, -0.6869 -0.7286 0.4335, -0.6898 -0.7289 0.4335, -0.6786 -0.7506 0.4335, -0.6768 -0.7337 0.4335, -0.6789 -0.7314 0.4335, -0.6927 -0.73 0.4335, -0.6952 -0.7317 0.4335, -0.6896 -0.7534 0.4335, -0.6971 -0.7337 0.4335, -0.6986 -0.7365 0.4335, -0.6994 -0.7396 0.4335, -0.6994 -0.7427 0.4335, -0.6987 -0.7456 0.4335, -0.6973 -0.7483 0.4335, -0.6952 -0.7506 0.4335, -0.6926 -0.7524 0.4335, -0.6811 -0.7523 0.4335, -0.6816 -0.7297 0.4335, -0.6751 -0.7455 0.4335, -0.6744 -0.7424 0.4335, -0.6765 -0.7483 0.4335, -0.6744 -0.7392 0.4335, -0.6753 -0.7363 0.4335
            ]
        }
        coordIndex [
            0,1,2,-1,2,1,3,-1,2,3,4,-1,5,6,7,-1,4,8,2,-1,2,8,9,-1,2,9,10,-1,10,9,11,-1,10,11,12,-1,12,13,10,-1,10,13,14,-1,10,14,15,-1,15,16,10,-1,10,16,17,-1,10,17,18,-1,0,19,1,-1,1,19,5,-1,1,5,20,-1,20,5,7,-1,21,22,23,-1,23,22,24,-1,23,24,5,-1,5,24,25,-1,5,25,6,-1,
        ]
    }
}
Shape{
    appearance Appearance {
        material  Material 	{
            diffuseColor 1.0 1.0 1.0
            specularColor 0.5019607843137255 0.5019607843137255 0.5019607843137255
            ambientIntensity 1.0
            transparency 0.0
            shininess 0.5
        }
    }
    geometry IndexedFaceSet {
        ccw TRUE
        solid FALSE
        coord DEF co Coordinate {
            point [
                -0.3815 -0.6733 0.4374, -0.3862 -0.6702 0.4374, -0.3863 -0.6767 0.4374, -0.3892 -0.6722 0.4374, -0.3915 -0.6787 0.4374, -0.3929 -0.6737 0.4374, -0.3992 -0.6796 0.4374, -0.3992 -0.6744 0.4374, -0.4117 -0.6796 0.4374, -0.4058 -0.6744 0.4374, -0.4117 -0.6342 0.4374, -0.4058 -0.6394 0.4374, -0.3987 -0.6342 0.4374, -0.3989 -0.6394 0.4374, -0.3973 -0.6395 0.4374, -0.3918 -0.635 0.4374, -0.3925 -0.6402 0.4374, -0.3863 -0.637 0.4374, -0.3887 -0.6418 0.4374, -0.3815 -0.6402 0.4374, -0.3858 -0.6437 0.4374, -0.38 -0.6418 0.4374, -0.3846 -0.645 0.4374, -0.3771 -0.6458 0.4374, -0.3828 -0.6475 0.4374, -0.3755 -0.6501 0.4374, -0.3815 -0.6508 0.4374, -0.3747 -0.6563 0.4374, -0.3809 -0.6565 0.4374, -0.3748 -0.6592 0.4374, -0.3811 -0.6598 0.4374, -0.3759 -0.6645 0.4374, -0.382 -0.6639 0.4374, -0.3782 -0.6692 0.4374, -0.3836 -0.6672 0.4374, -0.3857 -0.6697 0.4374, -0.3815 -0.6733 0.4335, -0.3782 -0.6692 0.4335, -0.3759 -0.6645 0.4335, -0.3748 -0.6592 0.4335, -0.3747 -0.6563 0.4335, -0.3755 -0.6501 0.4335, -0.3771 -0.6458 0.4335, -0.38 -0.6418 0.4335, -0.3815 -0.6402 0.4335, -0.3863 -0.637 0.4335, -0.3918 -0.635 0.4335, -0.3987 -0.6342 0.4335, -0.4117 -0.6342 0.4335, -0.4117 -0.6796 0.4335, -0.3992 -0.6796 0.4335, -0.3915 -0.6787 0.4335, -0.3863 -0.6767 0.4335, -0.3858 -0.6437 0.4335, -0.3846 -0.645 0.4335, -0.3828 -0.6475 0.4335, -0.3815 -0.6508 0.4335, -0.3809 -0.6565 0.4335, -0.3989 -0.6394 0.4335, -0.3973 -0.6395 0.4335, -0.3925 -0.6402 0.4335, -0.3887 -0.6418 0.4335, -0.4058 -0.6394 0.4335, -0.4058 -0.6744 0.4335, -0.3992 -0.6744 0.4335, -0.3857 -0.6697 0.4335, -0.3862 -0.6702 0.4335, -0.3892 -0.6722 0.4335, -0.3929 -0.6737 0.4335, -0.3811 -0.6598 0.4335, -0.382 -0.6639 0.4335, -0.3836 -0.6672 0.4335
            ]
        }
        coordIndex [
            0,1,2,-1,2,1,3,-1,2,3,4,-1,4,3,5,-1,4,5,6,-1,6,5,7,-1,6,7,8,-1,8,7,9,-1,8,9,10,-1,10,9,11,-1,10,11,12,-1,11,13,12,-1,12,13,14,-1,12,14,15,-1,15,14,16,-1,15,16,17,-1,17,16,18,-1,17,18,19,-1,19,18,20,-1,19,20,21,-1,21,20,22,-1,21,22,23,-1,23,22,24,-1,23,24,25,-1,25,24,26,-1,25,26,27,-1,27,26,28,-1,27,28,29,-1,29,28,30,-1,29,30,31,-1,31,30,32,-1,31,32,33,-1,33,32,34,-1,33,34,0,-1,0,34,35,-1,0,35,1,-1,0,36,37,-1,0,37,33,-1,33,37,38,-1,33,38,31,-1,31,38,39,-1,31,39,29,-1,29,39,40,-1,29,40,27,-1,27,40,41,-1,27,41,25,-1,25,41,42,-1,25,42,23,-1,23,42,43,-1,23,43,21,-1,21,43,44,-1,21,44,19,-1,19,44,45,-1,19,45,17,-1,17,45,46,-1,17,46,15,-1,15,46,47,-1,15,47,12,-1,10,12,48,-1,48,12,47,-1,8,10,49,-1,49,10,48,-1,6,8,50,-1,50,8,49,-1,6,50,51,-1,6,51,4,-1,4,51,52,-1,4,52,2,-1,2,52,36,-1,2,36,0,-1,20,53,54,-1,20,54,22,-1,22,54,55,-1,22,55,24,-1,24,55,56,-1,24,56,26,-1,26,56,57,-1,26,57,28,-1,13,58,59,-1,13,59,14,-1,14,59,60,-1,14,60,16,-1,16,60,61,-1,16,61,18,-1,18,61,53,-1,18,53,20,-1,13,11,58,-1,58,11,62,-1,11,9,62,-1,62,9,63,-1,9,7,63,-1,63,7,64,-1,35,65,66,-1,35,66,1,-1,1,66,67,-1,1,67,3,-1,3,67,68,-1,3,68,5,-1,5,68,64,-1,5,64,7,-1,28,57,69,-1,28,69,30,-1,30,69,70,-1,30,70,32,-1,32,70,71,-1,32,71,34,-1,34,71,65,-1,34,65,35,-1,
        ]
    }
}
Shape{
    appearance Appearance {
        material  Material 	{
            diffuseColor 0.20784313725490197 0.20784313725490197 0.20784313725490197
            specularColor 0.01568627450980392 0.01568627450980392 0.01568627450980392
            ambientIntensity 0.298
            transparency 0.0
            shininess 0.5
        }
    }
    geometry IndexedFaceSet {
        ccw TRUE
        solid FALSE
        coord DEF co Coordinate {
            point [
                -0.3862 -0.6702 0.4335, -0.3857 -0.6697 0.4335, -0.3973 -0.6395 0.4335, -0.3892 -0.6722 0.4335, -0.4058 -0.6394 0.4335, -0.4058 -0.6744 0.4335, -0.3989 -0.6394 0.4335, -0.3992 -0.6744 0.4335, -0.3929 -0.6737 0.4335, -0.3836 -0.6672 0.4335, -0.382 -0.6639 0.4335, -0.3811 -0.6598 0.4335, -0.3858 -0.6437 0.4335, -0.3809 -0.6565 0.4335, -0.3887 -0.6418 0.4335, -0.3925 -0.6402 0.4335, -0.3815 -0.6508 0.4335, -0.3828 -0.6475 0.4335, -0.3846 -0.645 0.4335
            ]
        }
        coordIndex [
            0,1,2,-1,0,2,3,-1,4,5,6,-1,6,5,7,-1,6,7,2,-1,2,7,8,-1,2,8,3,-1,1,9,2,-1,2,9,10,-1,2,10,11,-1,12,11,13,-1,12,14,11,-1,11,14,15,-1,11,15,2,-1,16,17,13,-1,13,17,18,-1,13,18,12,-1,
        ]
    }
}
Shape{
    appearance Appearance {
        material  Material 	{
            diffuseColor 1.0 1.0 1.0
            specularColor 0.5019607843137255 0.5019607843137255 0.5019607843137255
            ambientIntensity 1.0
            transparency 0.0
            shininess 0.5
        }
    }
    geometry IndexedFaceSet {
        ccw TRUE
        solid FALSE
        coord DEF co Coordinate {
            point [
                -0.4655 -0.6752 0.4374, -0.4655 -0.6752 0.4335, -0.47 -0.6746 0.4335, -0.47 -0.6746 0.4374, -0.4732 -0.6734 0.4335, -0.4732 -0.6734 0.4374, -0.4762 -0.6713 0.4335, -0.4762 -0.6713 0.4374, -0.4771 -0.6704 0.4335, -0.4771 -0.6704 0.4374, -0.4791 -0.6677 0.4335, -0.4791 -0.6677 0.4374, -0.4807 -0.6641 0.4335, -0.4807 -0.6641 0.4374, -0.4815 -0.6597 0.4335, -0.4815 -0.6597 0.4374, -0.4816 -0.6574 0.4335, -0.4816 -0.6574 0.4374, -0.4808 -0.6512 0.4335, -0.4808 -0.6512 0.4374, -0.4793 -0.6473 0.4335, -0.4793 -0.6473 0.4374, -0.4771 -0.6441 0.4335, -0.4771 -0.6441 0.4374, -0.4768 -0.6438 0.4335, -0.4768 -0.6438 0.4374, -0.4741 -0.6415 0.4335, -0.4741 -0.6415 0.4374, -0.4706 -0.6397 0.4335, -0.4706 -0.6397 0.4374, -0.4667 -0.6389 0.4335, -0.4667 -0.6389 0.4374, -0.4644 -0.6388 0.4335, -0.4644 -0.6388 0.4374, -0.4537 -0.6414 0.4335, -0.4537 -0.6414 0.4374, -0.4542 -0.6412 0.4374, -0.4588 -0.6394 0.4335, -0.4588 -0.6394 0.4374, -0.4557 -0.6406 0.4335, -0.4542 -0.6412 0.4335, -0.4537 -0.6353 0.4374, -0.4537 -0.6353 0.4335, -0.4557 -0.6348 0.4335, -0.4585 -0.6339 0.4374, -0.4645 -0.6335 0.4335, -0.4645 -0.6335 0.4374, -0.4596 -0.6338 0.4335, -0.4585 -0.6339 0.4335, -0.4676 -0.6338 0.4335, -0.4711 -0.6343 0.4374, -0.4711 -0.6343 0.4335, -0.4758 -0.6361 0.4335, -0.4758 -0.6361 0.4374, -0.4801 -0.6391 0.4335, -0.4801 -0.6391 0.4374, -0.4812 -0.6401 0.4335, -0.4812 -0.6401 0.4374, -0.4845 -0.6444 0.4335, -0.4857 -0.6473 0.4335, -0.4866 -0.6495 0.4374, -0.4845 -0.6444 0.4374, -0.4866 -0.6495 0.4335, -0.4876 -0.6554 0.4335, -0.4876 -0.6554 0.4374, -0.4877 -0.6578 0.4335, -0.4877 -0.6578 0.4374, -0.4868 -0.6652 0.4335, -0.4868 -0.6652 0.4374, -0.4857 -0.6681 0.4335, -0.485 -0.6699 0.4374, -0.485 -0.6699 0.4335, -0.4823 -0.6738 0.4335, -0.4823 -0.6738 0.4374, -0.4819 -0.6742 0.4335, -0.4819 -0.6742 0.4374, -0.4663 -0.6804 0.4335, -0.4663 -0.6804 0.4374, -0.469 -0.6803 0.4374, -0.4782 -0.6772 0.4335, -0.4782 -0.6772 0.4374, -0.474 -0.6792 0.4335, -0.474 -0.6792 0.4374, -0.4703 -0.68 0.4335, -0.469 -0.6803 0.4335, -0.4537 -0.6777 0.4335, -0.4537 -0.6777 0.4374, -0.4545 -0.6781 0.4374, -0.4594 -0.6797 0.4374, -0.4623 -0.68 0.4335, -0.4594 -0.6797 0.4335, -0.4557 -0.6785 0.4335, -0.4545 -0.6781 0.4335, -0.4537 -0.6721 0.4374, -0.4537 -0.6721 0.4335, -0.4557 -0.673 0.4335, -0.4582 -0.6741 0.4374, -0.4582 -0.6741 0.4335, -0.4633 -0.6751 0.4335, -0.4633 -0.6751 0.4374, -0.3026 -0.7341 0.4374, -0.3045 -0.7392 0.4374, -0.2874 -0.7341 0.4374, -0.2856 -0.7392 0.4374, -0.2959 -0.7152 0.4374, -0.298 -0.7062 0.4374, -0.3153 -0.7516 0.4374, -0.3089 -0.7516 0.4374, -0.2955 -0.7139 0.4374, -0.2951 -0.712 0.4374, -0.2918 -0.7062 0.4374, -0.295 -0.712 0.4374, -0.2946 -0.714 0.4374, -0.2943 -0.7152 0.4374, -0.2745 -0.7516 0.4374, -0.281 -0.7516 0.4374, -0.298 -0.7062 0.4335, -0.2918 -0.7062 0.4335, -0.3153 -0.7516 0.4335, -0.3089 -0.7516 0.4335, -0.3045 -0.7392 0.4335, -0.2856 -0.7392 0.4335, -0.281 -0.7516 0.4335, -0.2745 -0.7516 0.4335, -0.2959 -0.7152 0.4335, -0.2955 -0.7139 0.4335, -0.2951 -0.712 0.4335, -0.3026 -0.7341 0.4335, -0.2874 -0.7341 0.4335, -0.2943 -0.7152 0.4335, -0.295 -0.712 0.4335, -0.2946 -0.714 0.4335
            ]
        }
        coordIndex [
            0,1,2,-1,0,2,3,-1,3,2,4,-1,3,4,5,-1,5,4,6,-1,5,6,7,-1,7,6,8,-1,7,8,9,-1,9,8,10,-1,9,10,11,-1,11,10,12,-1,11,12,13,-1,13,12,14,-1,13,14,15,-1,15,14,16,-1,15,16,17,-1,17,16,18,-1,17,18,19,-1,19,18,20,-1,19,20,21,-1,21,20,22,-1,21,22,23,-1,23,22,24,-1,23,24,25,-1,25,24,26,-1,25,26,27,-1,27,26,28,-1,27,28,29,-1,29,28,30,-1,29,30,31,-1,31,30,32,-1,31,32,33,-1,34,35,36,-1,33,32,37,-1,33,37,38,-1,38,37,39,-1,38,39,36,-1,36,39,40,-1,36,40,34,-1,41,35,42,-1,42,35,34,-1,41,42,43,-1,41,43,44,-1,45,46,47,-1,47,46,44,-1,47,44,48,-1,48,44,43,-1,46,45,49,-1,46,49,50,-1,49,51,50,-1,50,51,52,-1,50,52,53,-1,53,52,54,-1,53,54,55,-1,55,54,56,-1,55,56,57,-1,57,56,58,-1,59,60,58,-1,58,60,61,-1,58,61,57,-1,59,62,60,-1,60,62,63,-1,60,63,64,-1,64,63,65,-1,64,65,66,-1,66,65,67,-1,66,67,68,-1,68,67,69,-1,68,69,70,-1,69,71,70,-1,70,71,72,-1,70,72,73,-1,73,72,74,-1,73,74,75,-1,76,77,78,-1,75,74,79,-1,75,79,80,-1,80,79,81,-1,80,81,82,-1,82,81,83,-1,82,83,78,-1,78,83,84,-1,78,84,76,-1,85,86,87,-1,77,76,88,-1,88,76,89,-1,89,90,88,-1,88,90,91,-1,88,91,87,-1,87,91,92,-1,87,92,85,-1,93,86,94,-1,94,86,85,-1,93,94,95,-1,93,95,96,-1,95,97,96,-1,96,97,98,-1,96,98,99,-1,99,98,1,-1,99,1,0,-1,27,29,50,-1,19,21,61,-1,61,21,57,-1,50,29,46,-1,29,31,46,-1,46,31,33,-1,46,33,44,-1,44,33,38,-1,44,38,41,-1,41,38,36,-1,41,36,35,-1,86,93,87,-1,87,93,96,-1,87,96,88,-1,88,96,99,-1,88,99,77,-1,77,99,0,-1,77,0,78,-1,78,0,3,-1,78,3,82,-1,82,3,5,-1,82,5,80,-1,80,5,7,-1,80,7,75,-1,75,7,9,-1,75,9,73,-1,73,9,11,-1,73,11,70,-1,66,17,64,-1,64,17,19,-1,64,19,60,-1,60,19,61,-1,21,23,57,-1,57,23,25,-1,57,25,55,-1,55,25,27,-1,55,27,53,-1,53,27,50,-1,70,11,68,-1,68,11,13,-1,68,13,66,-1,66,13,15,-1,66,15,17,-1,100,101,102,-1,102,101,103,-1,104,105,100,-1,100,105,106,-1,100,106,101,-1,101,106,107,-1,104,108,105,-1,105,108,109,-1,105,109,110,-1,110,109,111,-1,110,111,112,-1,112,113,110,-1,110,113,102,-1,110,102,114,-1,114,102,103,-1,114,103,115,-1,105,110,116,-1,116,110,117,-1,106,105,118,-1,118,105,116,-1,107,106,119,-1,119,106,118,-1,101,107,120,-1,120,107,119,-1,103,101,121,-1,121,101,120,-1,115,103,122,-1,122,103,121,-1,114,115,123,-1,123,115,122,-1,110,114,117,-1,117,114,123,-1,104,124,125,-1,104,125,108,-1,108,125,126,-1,108,126,109,-1,104,100,124,-1,124,100,127,-1,100,102,127,-1,127,102,128,-1,102,113,128,-1,128,113,129,-1,111,130,131,-1,111,131,112,-1,112,131,129,-1,112,129,113,-1,111,109,130,-1,130,109,126,-1,
        ]
    }
}
Shape{
    appearance Appearance {
        material  Material 	{
            diffuseColor 0.20784313725490197 0.20784313725490197 0.20784313725490197
            specularColor 0.01568627450980392 0.01568627450980392 0.01568627450980392
            ambientIntensity 0.298
            transparency 0.0
            shininess 0.5
        }
    }
    geometry IndexedFaceSet {
        ccw TRUE
        solid FALSE
        coord DEF co Coordinate {
            point [
                -0.295 -0.712 0.4335, -0.2951 -0.712 0.4335, -0.2946 -0.714 0.4335, -0.2955 -0.7139 0.4335, -0.2943 -0.7152 0.4335, -0.2959 -0.7152 0.4335, -0.2874 -0.7341 0.4335, -0.3026 -0.7341 0.4335
            ]
        }
        coordIndex [
            0,1,2,-1,2,1,3,-1,2,3,4,-1,4,3,5,-1,4,5,6,-1,6,5,7,-1,
        ]
    }
}
Shape{
    appearance Appearance {
        material  Material 	{
            diffuseColor 1.0 1.0 1.0
            specularColor 0.5019607843137255 0.5019607843137255 0.5019607843137255
            ambientIntensity 1.0
            transparency 0.0
            shininess 0.5
        }
    }
    geometry IndexedFaceSet {
        ccw TRUE
        solid FALSE
        coord DEF co Coordinate {
            point [
                -0.3634 -0.7465 0.4374, -0.3634 -0.7465 0.4335, -0.3819 -0.7465 0.4374, -0.3734 -0.7465 0.4335, -0.3819 -0.7465 0.4335, -0.3819 -0.7312 0.4374, -0.3819 -0.7312 0.4335, -0.3657 -0.7312 0.4374, -0.3734 -0.7312 0.4335, -0.3657 -0.7312 0.4335, -0.3657 -0.726 0.4374, -0.3657 -0.726 0.4335, -0.3819 -0.726 0.4335, -0.3819 -0.726 0.4374, -0.3734 -0.726 0.4335, -0.3819 -0.7115 0.4374, -0.3819 -0.7115 0.4335, -0.3644 -0.7115 0.4335, -0.3644 -0.7115 0.4374, -0.3734 -0.7115 0.4335, -0.3644 -0.7062 0.4374, -0.3644 -0.7062 0.4335, -0.3878 -0.7062 0.4335, -0.3878 -0.7062 0.4374, -0.3734 -0.7062 0.4335, -0.3878 -0.7516 0.4374, -0.3878 -0.7516 0.4335, -0.3634 -0.7516 0.4374, -0.3734 -0.7516 0.4335, -0.3634 -0.7516 0.4335, -0.5077 -0.7465 0.4374, -0.4891 -0.7465 0.4374, -0.5077 -0.7465 0.4335, -0.4891 -0.7465 0.4335, -0.5077 -0.7312 0.4374, -0.5077 -0.7312 0.4335, -0.4914 -0.7312 0.4374, -0.4914 -0.7312 0.4335, -0.4914 -0.726 0.4374, -0.4914 -0.726 0.4335, -0.5077 -0.726 0.4374, -0.5077 -0.726 0.4335, -0.5077 -0.7115 0.4374, -0.5077 -0.7115 0.4335, -0.4901 -0.7115 0.4374, -0.4901 -0.7115 0.4335, -0.4901 -0.7062 0.4374, -0.4901 -0.7062 0.4335, -0.5135 -0.7062 0.4374, -0.5135 -0.7062 0.4335, -0.5135 -0.7516 0.4374, -0.5135 -0.7516 0.4335, -0.4891 -0.7516 0.4374, -0.4891 -0.7516 0.4335, -0.3595 -0.6621 0.4374, -0.3613 -0.6672 0.4374, -0.3443 -0.6621 0.4374, -0.3424 -0.6672 0.4374, -0.3527 -0.6432 0.4374, -0.3549 -0.6342 0.4374, -0.3722 -0.6796 0.4374, -0.3657 -0.6796 0.4374, -0.3523 -0.6419 0.4374, -0.352 -0.64 0.4374, -0.3486 -0.6342 0.4374, -0.3518 -0.64 0.4374, -0.3515 -0.6419 0.4374, -0.3511 -0.6432 0.4374, -0.3313 -0.6796 0.4374, -0.3378 -0.6796 0.4374, -0.3549 -0.6342 0.4335, -0.3486 -0.6342 0.4335, -0.3722 -0.6796 0.4335, -0.3591 -0.6453 0.4335, -0.3657 -0.6796 0.4335, -0.3613 -0.6672 0.4335, -0.3424 -0.6672 0.4335, -0.3591 -0.6672 0.4335, -0.3378 -0.6796 0.4335, -0.3313 -0.6796 0.4335, -0.3527 -0.6432 0.4335, -0.3523 -0.6419 0.4335, -0.352 -0.64 0.4335, -0.3595 -0.6621 0.4335, -0.3443 -0.6621 0.4335, -0.3511 -0.6432 0.4335, -0.3518 -0.64 0.4335, -0.3515 -0.6419 0.4335
            ]
        }
        coordIndex [
            0,1,2,-1,2,1,3,-1,2,3,4,-1,5,2,6,-1,6,2,4,-1,5,6,7,-1,7,6,8,-1,7,8,9,-1,10,7,11,-1,11,7,9,-1,12,13,14,-1,14,13,10,-1,14,10,11,-1,15,13,16,-1,16,13,12,-1,17,18,19,-1,19,18,15,-1,19,15,16,-1,20,18,21,-1,21,18,17,-1,22,23,24,-1,24,23,20,-1,24,20,21,-1,25,23,26,-1,26,23,22,-1,25,26,27,-1,27,26,28,-1,27,28,29,-1,0,27,1,-1,1,27,29,-1,25,27,0,-1,0,2,25,-1,25,2,5,-1,25,5,23,-1,18,20,15,-1,15,20,23,-1,15,23,13,-1,13,23,5,-1,13,5,10,-1,10,5,7,-1,30,31,32,-1,32,31,33,-1,34,30,35,-1,35,30,32,-1,36,34,37,-1,37,34,35,-1,38,36,39,-1,39,36,37,-1,40,38,41,-1,41,38,39,-1,42,40,43,-1,43,40,41,-1,44,42,45,-1,45,42,43,-1,46,44,47,-1,47,44,45,-1,48,46,49,-1,49,46,47,-1,50,48,51,-1,51,48,49,-1,52,50,53,-1,53,50,51,-1,31,52,33,-1,33,52,53,-1,50,52,31,-1,31,30,50,-1,50,30,34,-1,50,34,48,-1,44,46,42,-1,42,46,48,-1,42,48,40,-1,40,48,34,-1,40,34,38,-1,38,34,36,-1,54,55,56,-1,56,55,57,-1,58,59,54,-1,54,59,60,-1,54,60,55,-1,55,60,61,-1,58,62,59,-1,59,62,63,-1,59,63,64,-1,64,63,65,-1,64,65,66,-1,66,67,64,-1,64,67,56,-1,64,56,68,-1,68,56,57,-1,68,57,69,-1,59,64,70,-1,70,64,71,-1,72,60,73,-1,73,60,59,-1,73,59,70,-1,61,60,74,-1,74,60,72,-1,55,61,75,-1,75,61,74,-1,76,57,77,-1,77,57,55,-1,77,55,75,-1,69,57,78,-1,78,57,76,-1,68,69,79,-1,79,69,78,-1,64,68,71,-1,71,68,79,-1,58,80,81,-1,58,81,62,-1,62,81,82,-1,62,82,63,-1,58,54,80,-1,80,54,83,-1,54,56,83,-1,83,56,84,-1,56,67,84,-1,84,67,85,-1,65,86,87,-1,65,87,66,-1,66,87,85,-1,66,85,67,-1,65,63,86,-1,86,63,82,-1,
        ]
    }
}
Shape{
    appearance Appearance {
        material  Material 	{
            diffuseColor 0.20784313725490197 0.20784313725490197 0.20784313725490197
            specularColor 0.01568627450980392 0.01568627450980392 0.01568627450980392
            ambientIntensity 0.298
            transparency 0.0
            shininess 0.5
        }
    }
    geometry IndexedFaceSet {
        ccw TRUE
        solid FALSE
        coord DEF co Coordinate {
            point [
                -0.3518 -0.64 0.4335, -0.352 -0.64 0.4335, -0.3515 -0.6419 0.4335, -0.3523 -0.6419 0.4335, -0.3511 -0.6432 0.4335, -0.3527 -0.6432 0.4335, -0.3443 -0.6621 0.4335, -0.3595 -0.6621 0.4335
            ]
        }
        coordIndex [
            0,1,2,-1,2,1,3,-1,2,3,4,-1,4,3,5,-1,4,5,6,-1,6,5,7,-1,
        ]
    }
}
Shape{
    appearance Appearance {
        material  Material 	{
            diffuseColor 1.0 1.0 1.0
            specularColor 0.5019607843137255 0.5019607843137255 0.5019607843137255
            ambientIntensity 1.0
            transparency 0.0
            shininess 0.5
        }
    }
    geometry IndexedFaceSet {
        ccw TRUE
        solid FALSE
        coord DEF co Coordinate {
            point [
                -0.4388 -0.6744 0.4335, -0.4388 -0.6744 0.4374, -0.4265 -0.6744 0.4335, -0.4202 -0.6744 0.4374, -0.4202 -0.6744 0.4335, -0.4388 -0.6592 0.4374, -0.4388 -0.6592 0.4335, -0.4226 -0.6592 0.4374, -0.4265 -0.6592 0.4335, -0.4226 -0.6592 0.4335, -0.4226 -0.654 0.4374, -0.4226 -0.654 0.4335, -0.4388 -0.654 0.4335, -0.4388 -0.654 0.4374, -0.4265 -0.654 0.4335, -0.4388 -0.6394 0.4374, -0.4388 -0.6394 0.4335, -0.4213 -0.6394 0.4374, -0.4265 -0.6394 0.4335, -0.4213 -0.6394 0.4335, -0.4213 -0.6342 0.4374, -0.4213 -0.6342 0.4335, -0.4446 -0.6342 0.4335, -0.4446 -0.6342 0.4374, -0.4265 -0.6342 0.4335, -0.4446 -0.6796 0.4374, -0.4446 -0.6796 0.4335, -0.4202 -0.6796 0.4374, -0.4265 -0.6796 0.4335, -0.4202 -0.6796 0.4335, -0.5077 -0.6744 0.4374, -0.4896 -0.6744 0.4374, -0.5077 -0.6744 0.4335, -0.4896 -0.6744 0.4335, -0.5077 -0.6342 0.4374, -0.5077 -0.6342 0.4335, -0.5135 -0.6342 0.4374, -0.5135 -0.6342 0.4335, -0.5135 -0.6796 0.4374, -0.5135 -0.6796 0.4335, -0.4896 -0.6796 0.4374, -0.4896 -0.6796 0.4335
            ]
        }
        coordIndex [
            0,1,2,-1,2,1,3,-1,2,3,4,-1,5,1,6,-1,6,1,0,-1,5,6,7,-1,7,6,8,-1,7,8,9,-1,10,7,11,-1,11,7,9,-1,12,13,14,-1,14,13,10,-1,14,10,11,-1,15,13,16,-1,16,13,12,-1,15,16,17,-1,17,16,18,-1,17,18,19,-1,20,17,21,-1,21,17,19,-1,22,23,24,-1,24,23,20,-1,24,20,21,-1,25,23,26,-1,26,23,22,-1,25,26,27,-1,27,26,28,-1,27,28,29,-1,3,27,4,-1,4,27,29,-1,25,27,3,-1,3,1,25,-1,25,1,5,-1,25,5,23,-1,17,20,15,-1,15,20,23,-1,15,23,13,-1,13,23,5,-1,13,5,10,-1,10,5,7,-1,30,31,32,-1,32,31,33,-1,34,30,35,-1,35,30,32,-1,36,34,37,-1,37,34,35,-1,38,36,39,-1,39,36,37,-1,40,38,41,-1,41,38,39,-1,31,40,33,-1,33,40,41,-1,34,36,30,-1,30,36,38,-1,30,38,31,-1,31,38,40,-1,
        ]
    }
}
Shape{
    appearance Appearance {
        material  Material 	{
            diffuseColor 0.00392156862745098 0.17254901960784313 0.0
            specularColor 0.0 0.011764705882352941 0.0
            ambientIntensity 0.1462
            transparency 0.0
            shininess 0.5
        }
    }
    geometry IndexedFaceSet {
        ccw TRUE
        solid FALSE
        coord DEF co Coordinate {
            point [
                -0.8858 -0.8858 0.0004, -0.8858 -0.8563 0.0004, -0.6496 -0.8563 0.0004, 0.2559 0.8268 0.0004, -0.0295 0.8858 0.0004, 0.4331 0.8858 0.0004, -0.1575 -0.1575 0.0004, -0.0295 -0.1575 0.0004, -0.0295 -0.2165 0.0004, -0.1575 -0.0197 0.0004, -0.1575 -0.0295 0.0004, -0.4331 -0.0295 0.0004, 0.1575 0.1575 0.0004, 0.0197 0.1575 0.0004, -0.0295 0.4331 0.0004, -0.0197 0.1575 0.0004, 0.0197 0.0197 0.0004, -0.0197 0.0197 0.0004, -0.0197 -0.0197 0.0004, 0.0197 -0.0197 0.0004, -0.0197 -0.0295 0.0004, 0.0197 -0.0295 0.0004, -0.0197 -0.1575 0.0004, 0.0197 -0.1575 0.0004, 0.4331 -0.2165 0.0004, 0.1575 -0.1575 0.0004, 0.4331 -0.0295 0.0004, 0.1575 -0.0295 0.0004, 0.1575 -0.0197 0.0004, -0.0295 0.1575 0.0004, -0.1575 0.1575 0.0004, -0.4331 0.4331 0.0004, -0.1575 0.0197 0.0004, -0.4331 -0.2165 0.0004, -0.689 0.689 0.0004, -0.6496 0.6496 0.0004, -0.8268 0.689 0.0004, -0.8858 0.6496 0.0004, -0.8268 0.8268 0.0004, -0.8858 0.8858 0.0004, -0.689 0.8268 0.0004, -0.6496 0.8858 0.0004, -0.6102 0.8268 0.0004, -0.4724 0.8268 0.0004, -0.4331 0.8858 0.0004, -0.4724 0.689 0.0004, -0.4331 0.6496 0.0004, -0.6102 0.689 0.0004, -0.1772 0.689 0.0004, -0.0394 0.689 0.0004, -0.0295 0.6496 0.0004, -0.0394 0.8268 0.0004, -0.1772 0.8268 0.0004, 0.2559 0.689 0.0004, 0.3937 0.689 0.0004, 0.4331 0.6496 0.0004, 0.3937 0.8268 0.0004, -0.689 0.6102 0.0004, -0.689 0.4724 0.0004, -0.6496 0.4331 0.0004, -0.8268 0.4724 0.0004, -0.8858 0.4331 0.0004, -0.8268 0.6102 0.0004, -0.0394 0.6102 0.0004, -0.0394 0.4724 0.0004, -0.1772 0.4724 0.0004, -0.1772 0.6102 0.0004, -0.2559 0.689 0.0004, -0.2559 0.8268 0.0004, -0.3937 0.8268 0.0004, -0.3937 0.689 0.0004, -0.2559 0.4724 0.0004, -0.2559 0.6102 0.0004, -0.3937 0.6102 0.0004, -0.3937 0.4724 0.0004, 0.3937 0.6102 0.0004, 0.3937 0.4724 0.0004, 0.4331 0.4331 0.0004, 0.2559 0.4724 0.0004, 0.2559 0.6102 0.0004, 0.1772 0.689 0.0004, 0.1772 0.8268 0.0004, 0.0394 0.8268 0.0004, 0.0394 0.689 0.0004, 0.1575 0.0197 0.0004, 0.1772 0.4724 0.0004, 0.1772 0.6102 0.0004, 0.0394 0.6102 0.0004, 0.0394 0.4724 0.0004, 0.6496 0.8858 0.0004, 0.8563 0.8858 0.0004, 0.6496 0.6496 0.0004, 0.8563 0.6496 0.0004, 0.6496 0.4331 0.0004, 0.8563 0.4331 0.0004, -0.8268 0.3937 0.0004, -0.8268 0.2559 0.0004, -0.8268 0.1772 0.0004, -0.8268 0.0394 0.0004, -0.8858 -0.0295 0.0004, -0.689 0.3937 0.0004, -0.689 0.2559 0.0004, -0.689 0.0394 0.0004, -0.6496 -0.0295 0.0004, -0.689 0.1772 0.0004, -0.4724 0.3937 0.0004, -0.6102 0.3937 0.0004, -0.6102 0.2559 0.0004, -0.6102 0.1772 0.0004, -0.6102 0.0394 0.0004, -0.4724 0.2559 0.0004, -0.4724 0.0394 0.0004, -0.4724 0.1772 0.0004, 0.6102 0.3937 0.0004, 0.4724 0.3937 0.0004, 0.4724 0.2559 0.0004, 0.4724 0.1772 0.0004, 0.4724 0.0394 0.0004, 0.6102 0.2559 0.0004, 0.6496 -0.0295 0.0004, 0.6102 0.0394 0.0004, 0.6102 0.1772 0.0004, 0.689 0.1772 0.0004, 0.689 0.0394 0.0004, 0.8268 0.2559 0.0004, 0.8268 0.1772 0.0004, 0.689 0.2559 0.0004, -0.0295 0.0197 0.0004, -0.0295 -0.0197 0.0004, 0.8268 0.0394 0.0004, 0.8563 -0.0295 0.0004, 0.8268 0.3937 0.0004, 0.689 0.3937 0.0004, -0.8268 -0.0394 0.0004, -0.8858 -0.2165 0.0004, -0.8268 -0.1772 0.0004, -0.6496 -0.2165 0.0004, -0.689 -0.1772 0.0004, -0.689 -0.0394 0.0004, -0.6102 -0.0394 0.0004, -0.6102 -0.1772 0.0004, -0.4724 -0.1772 0.0004, -0.4724 -0.0394 0.0004, 0.6102 -0.0394 0.0004, 0.6102 -0.1772 0.0004, 0.6496 -0.2165 0.0004, 0.4724 -0.1772 0.0004, 0.4724 -0.0394 0.0004, 0.689 -0.0394 0.0004, 0.689 -0.1772 0.0004, 0.8563 -0.2165 0.0004, 0.8268 -0.1772 0.0004, 0.8268 -0.0394 0.0004, -0.689 -0.3937 0.0004, -0.6496 -0.4331 0.0004, -0.8268 -0.3937 0.0004, -0.8858 -0.4331 0.0004, -0.8268 -0.2559 0.0004, -0.689 -0.2559 0.0004, -0.6102 -0.2559 0.0004, -0.4724 -0.2559 0.0004, -0.4724 -0.3937 0.0004, -0.4331 -0.4331 0.0004, -0.6102 -0.3937 0.0004, 0.4331 -0.4331 0.0004, 0.4724 -0.2559 0.0004, 0.6102 -0.2559 0.0004, 0.6102 -0.3937 0.0004, 0.6496 -0.4331 0.0004, 0.4724 -0.3937 0.0004, 0.8268 -0.2559 0.0004, 0.8268 -0.3937 0.0004, 0.8563 -0.4331 0.0004, 0.689 -0.3937 0.0004, 0.689 -0.2559 0.0004, -0.689 -0.4724 0.0004, -0.689 -0.6102 0.0004, -0.6496 -0.6496 0.0004, -0.8268 -0.6102 0.0004, -0.8858 -0.6496 0.0004, -0.8268 -0.4724 0.0004, -0.4331 -0.6496 0.0004, -0.0394 -0.4724 0.0004, -0.0295 -0.4331 0.0004, -0.0394 -0.6102 0.0004, -0.0295 -0.6496 0.0004, -0.1772 -0.6102 0.0004, -0.1772 -0.4724 0.0004, 0.3937 -0.4724 0.0004, 0.3937 -0.6102 0.0004, 0.4331 -0.6496 0.0004, 0.2559 -0.6102 0.0004, 0.2559 -0.4724 0.0004, 0.6496 -0.6496 0.0004, 0.8268 -0.4724 0.0004, 0.8268 -0.6102 0.0004, 0.8563 -0.6496 0.0004, 0.689 -0.6102 0.0004, 0.689 -0.4724 0.0004, -0.689 -0.689 0.0004, -0.689 -0.8268 0.0004, -0.8268 -0.8268 0.0004, -0.8268 -0.689 0.0004, -0.4724 -0.689 0.0004, -0.4724 -0.8268 0.0004, -0.4331 -0.8563 0.0004, -0.6102 -0.8268 0.0004, -0.6102 -0.689 0.0004, -0.1772 -0.8268 0.0004, -0.0394 -0.8268 0.0004, -0.0295 -0.8563 0.0004, -0.0394 -0.689 0.0004, -0.1772 -0.689 0.0004, -0.2559 -0.6102 0.0004, -0.2559 -0.4724 0.0004, -0.3937 -0.4724 0.0004, -0.3937 -0.6102 0.0004, -0.2559 -0.8268 0.0004, -0.2559 -0.689 0.0004, -0.3937 -0.689 0.0004, -0.3937 -0.8268 0.0004, 0.3937 -0.689 0.0004, 0.3937 -0.8268 0.0004, 0.4331 -0.8563 0.0004, 0.2559 -0.8268 0.0004, 0.2559 -0.689 0.0004, 0.1772 -0.6102 0.0004, 0.1772 -0.4724 0.0004, 0.0394 -0.4724 0.0004, 0.0394 -0.6102 0.0004, 0.1772 -0.8268 0.0004, 0.1772 -0.689 0.0004, 0.0394 -0.689 0.0004, 0.0394 -0.8268 0.0004, 0.6102 -0.689 0.0004, 0.6102 -0.8268 0.0004, 0.6496 -0.8563 0.0004, 0.4724 -0.8268 0.0004, 0.4724 -0.689 0.0004, 0.8268 -0.689 0.0004, 0.8268 -0.8268 0.0004, 0.8563 -0.8563 0.0004, 0.689 -0.8268 0.0004, 0.689 -0.689 0.0004, -0.6496 -0.8858 0.0004, -0.4331 -0.8858 0.0004, -0.0295 -0.8858 0.0004, 0.4331 -0.8858 0.0004, 0.6496 -0.8858 0.0004, 0.8563 -0.8858 0.0004, 0.8858 0.8858 0.0004, 0.8858 0.6496 0.0004, 0.8858 0.4331 0.0004, 0.8858 -0.0295 0.0004, 0.8858 -0.2165 0.0004, 0.8858 -0.4331 0.0004, 0.8858 -0.6496 0.0004, 0.8858 -0.8563 0.0004, 0.8858 -0.8858 0.0004
            ]
        }
        coordIndex [
            0,1,2,-1,3,4,5,-1,6,7,8,-1,9,10,11,-1,12,13,14,-1,14,13,15,-1,15,13,16,-1,15,16,17,-1,18,19,20,-1,20,19,21,-1,20,21,22,-1,22,21,23,-1,22,23,24,-1,24,23,25,-1,24,25,26,-1,26,25,27,-1,26,27,28,-1,29,30,31,-1,31,30,32,-1,11,10,33,-1,34,35,36,-1,36,35,37,-1,36,37,38,-1,38,37,39,-1,38,39,40,-1,40,39,41,-1,42,35,41,-1,41,35,34,-1,41,34,40,-1,42,41,43,-1,43,41,44,-1,43,44,45,-1,45,44,46,-1,45,46,47,-1,48,49,50,-1,50,49,51,-1,50,51,4,-1,4,51,52,-1,4,52,44,-1,53,54,55,-1,55,54,5,-1,5,54,56,-1,5,56,3,-1,57,35,58,-1,58,35,59,-1,58,59,60,-1,60,59,61,-1,60,61,62,-1,62,61,37,-1,62,37,57,-1,57,37,35,-1,63,50,64,-1,64,50,14,-1,64,14,65,-1,63,66,50,-1,50,66,46,-1,50,46,48,-1,48,46,67,-1,48,67,52,-1,52,67,68,-1,52,68,44,-1,44,68,69,-1,44,69,46,-1,46,69,70,-1,46,70,67,-1,15,29,14,-1,14,29,31,-1,14,31,65,-1,65,31,71,-1,65,71,66,-1,66,71,72,-1,66,72,46,-1,46,72,73,-1,46,73,31,-1,31,73,74,-1,31,74,71,-1,75,55,76,-1,76,55,77,-1,76,77,78,-1,75,79,55,-1,55,79,50,-1,55,50,53,-1,53,50,80,-1,53,80,3,-1,3,80,81,-1,3,81,4,-1,4,81,82,-1,4,82,50,-1,50,82,83,-1,50,83,80,-1,84,12,77,-1,77,12,14,-1,77,14,78,-1,78,14,85,-1,78,85,79,-1,79,85,86,-1,79,86,50,-1,50,86,87,-1,50,87,14,-1,14,87,88,-1,14,88,85,-1,89,90,91,-1,91,90,92,-1,91,92,93,-1,93,92,94,-1,61,95,96,-1,97,98,99,-1,95,61,100,-1,100,61,59,-1,100,59,101,-1,98,102,103,-1,103,102,104,-1,105,106,59,-1,59,106,107,-1,108,109,103,-1,110,105,31,-1,31,105,59,-1,31,59,46,-1,46,59,35,-1,46,35,47,-1,47,35,42,-1,109,111,11,-1,11,111,112,-1,113,114,77,-1,77,114,115,-1,116,117,26,-1,118,113,93,-1,93,113,77,-1,93,77,91,-1,91,77,55,-1,91,55,89,-1,89,55,5,-1,26,117,119,-1,119,117,120,-1,119,120,121,-1,122,123,119,-1,124,125,126,-1,126,125,122,-1,126,122,93,-1,93,122,119,-1,93,119,118,-1,118,119,121,-1,118,121,115,-1,115,121,116,-1,115,116,77,-1,77,116,26,-1,77,26,84,-1,84,26,28,-1,84,28,16,-1,16,28,19,-1,16,19,17,-1,17,19,18,-1,17,18,127,-1,127,18,128,-1,127,128,32,-1,32,128,9,-1,32,9,31,-1,31,9,11,-1,31,11,110,-1,110,11,112,-1,110,112,107,-1,107,112,108,-1,107,108,59,-1,59,108,103,-1,59,103,101,-1,101,103,104,-1,101,104,96,-1,96,104,97,-1,96,97,61,-1,61,97,99,-1,123,129,130,-1,129,125,130,-1,130,125,124,-1,130,124,94,-1,94,124,131,-1,94,131,93,-1,93,131,132,-1,93,132,126,-1,98,103,99,-1,99,103,133,-1,99,133,134,-1,134,133,135,-1,134,135,136,-1,136,135,137,-1,136,137,103,-1,103,137,138,-1,103,138,133,-1,109,11,103,-1,103,11,139,-1,103,139,136,-1,136,139,140,-1,136,140,33,-1,33,140,141,-1,33,141,11,-1,11,141,142,-1,11,142,139,-1,143,119,144,-1,144,119,145,-1,144,145,146,-1,146,145,24,-1,146,24,147,-1,147,24,26,-1,147,26,143,-1,143,26,119,-1,123,130,119,-1,119,130,148,-1,119,148,145,-1,145,148,149,-1,145,149,150,-1,150,149,151,-1,150,151,130,-1,130,151,152,-1,130,152,148,-1,153,154,155,-1,155,154,156,-1,155,156,157,-1,157,156,134,-1,157,134,158,-1,158,134,136,-1,159,154,136,-1,136,154,153,-1,136,153,158,-1,159,136,160,-1,160,136,33,-1,160,33,161,-1,161,33,162,-1,161,162,163,-1,164,24,165,-1,165,24,166,-1,166,24,145,-1,166,145,167,-1,167,145,168,-1,167,168,169,-1,170,150,171,-1,171,150,172,-1,171,172,173,-1,173,172,168,-1,173,168,174,-1,174,168,145,-1,174,145,170,-1,170,145,150,-1,175,154,176,-1,176,154,177,-1,176,177,178,-1,178,177,179,-1,178,179,180,-1,180,179,156,-1,180,156,175,-1,175,156,154,-1,159,163,154,-1,154,163,162,-1,154,162,177,-1,177,162,181,-1,182,183,184,-1,184,183,185,-1,184,185,186,-1,10,6,33,-1,33,6,8,-1,33,8,162,-1,162,8,183,-1,162,183,187,-1,187,183,182,-1,188,164,189,-1,189,164,190,-1,189,190,191,-1,7,22,8,-1,8,22,24,-1,8,24,183,-1,183,24,164,-1,183,164,192,-1,192,164,188,-1,165,169,164,-1,164,169,168,-1,164,168,190,-1,190,168,193,-1,194,172,195,-1,195,172,196,-1,195,196,197,-1,197,196,193,-1,197,193,198,-1,198,193,168,-1,198,168,194,-1,194,168,172,-1,199,177,200,-1,200,177,2,-1,200,2,201,-1,201,2,1,-1,201,1,202,-1,202,1,179,-1,202,179,199,-1,199,179,177,-1,203,181,204,-1,204,181,205,-1,204,205,206,-1,206,205,2,-1,206,2,207,-1,207,2,177,-1,207,177,203,-1,203,177,181,-1,208,209,210,-1,210,209,211,-1,210,211,185,-1,211,212,185,-1,185,212,181,-1,185,181,186,-1,186,181,213,-1,186,213,187,-1,187,213,214,-1,187,214,162,-1,162,214,215,-1,162,215,181,-1,181,215,216,-1,181,216,213,-1,210,205,208,-1,208,205,217,-1,208,217,212,-1,212,217,218,-1,212,218,181,-1,181,218,219,-1,181,219,205,-1,205,219,220,-1,205,220,217,-1,221,190,222,-1,222,190,223,-1,222,223,224,-1,221,225,190,-1,190,225,185,-1,190,185,191,-1,191,185,226,-1,191,226,192,-1,192,226,227,-1,192,227,183,-1,183,227,228,-1,183,228,185,-1,185,228,229,-1,185,229,226,-1,223,210,224,-1,224,210,230,-1,224,230,225,-1,225,230,231,-1,225,231,185,-1,185,231,232,-1,185,232,210,-1,210,232,233,-1,210,233,230,-1,234,193,235,-1,235,193,236,-1,235,236,237,-1,237,236,223,-1,237,223,238,-1,238,223,190,-1,238,190,234,-1,234,190,193,-1,239,196,240,-1,240,196,241,-1,240,241,242,-1,242,241,236,-1,242,236,243,-1,243,236,193,-1,243,193,239,-1,239,193,196,-1,0,2,244,-1,244,2,205,-1,244,205,245,-1,245,205,210,-1,245,210,246,-1,246,210,223,-1,246,223,247,-1,247,223,236,-1,247,236,248,-1,248,236,241,-1,248,241,249,-1,90,250,92,-1,92,250,251,-1,92,251,94,-1,94,251,252,-1,94,252,130,-1,130,252,253,-1,130,253,150,-1,150,253,254,-1,150,254,172,-1,172,254,255,-1,172,255,196,-1,196,255,256,-1,196,256,241,-1,241,256,257,-1,241,257,249,-1,249,257,258,-1,
        ]
    }
}
Shape{
    appearance Appearance {
        material  Material 	{
            diffuseColor 0.6666666666666666 0.6666666666666666 0.6666666666666666
            specularColor 0.4666666666666667 0.4666666666666667 0.4666666666666667
            ambientIntensity 0.6667
            transparency 0.0
            shininess 0.5
        }
    }
    geometry IndexedFaceSet {
        ccw TRUE
        solid FALSE
        coord DEF co Coordinate {
            point [
                -0.689 -0.689 0.0, -0.689 -0.8268 0.0, -0.8268 -0.689 0.0, -0.8268 -0.8268 0.0, -0.8268 -0.8268 0.0004, -0.689 -0.8268 0.0004, -0.689 -0.689 0.0004, -0.8268 -0.689 0.0004, -0.689 -0.4724 0.0, -0.689 -0.6102 0.0, -0.8268 -0.4724 0.0, -0.8268 -0.6102 0.0, -0.8268 -0.6102 0.0004, -0.689 -0.6102 0.0004, -0.689 -0.4724 0.0004, -0.8268 -0.4724 0.0004, -0.689 -0.2559 0.0, -0.689 -0.3937 0.0, -0.8268 -0.2559 0.0, -0.8268 -0.3937 0.0, -0.8268 -0.3937 0.0004, -0.689 -0.3937 0.0004, -0.689 -0.2559 0.0004, -0.8268 -0.2559 0.0004, -0.689 -0.0394 0.0, -0.689 -0.1772 0.0, -0.8268 -0.0394 0.0, -0.8268 -0.1772 0.0, -0.8268 -0.1772 0.0004, -0.689 -0.1772 0.0004, -0.689 -0.0394 0.0004, -0.8268 -0.0394 0.0004, -0.689 0.1772 0.0, -0.689 0.0394 0.0, -0.8268 0.1772 0.0, -0.8268 0.0394 0.0, -0.8268 0.0394 0.0004, -0.689 0.0394 0.0004, -0.689 0.1772 0.0004, -0.8268 0.1772 0.0004, -0.689 0.3937 0.0, -0.689 0.2559 0.0, -0.8268 0.3937 0.0, -0.8268 0.2559 0.0, -0.8268 0.2559 0.0004, -0.689 0.2559 0.0004, -0.689 0.3937 0.0004, -0.8268 0.3937 0.0004, -0.689 0.6102 0.0, -0.689 0.4724 0.0, -0.8268 0.6102 0.0, -0.8268 0.4724 0.0, -0.8268 0.4724 0.0004, -0.689 0.4724 0.0004, -0.689 0.6102 0.0004, -0.8268 0.6102 0.0004, -0.689 0.8268 0.0, -0.689 0.689 0.0, -0.8268 0.8268 0.0, -0.8268 0.689 0.0, -0.8268 0.689 0.0004, -0.689 0.689 0.0004, -0.689 0.8268 0.0004, -0.8268 0.8268 0.0004, -0.4724 -0.689 0.0, -0.4724 -0.8268 0.0, -0.6102 -0.689 0.0, -0.6102 -0.8268 0.0, -0.6102 -0.8268 0.0004, -0.4724 -0.8268 0.0004, -0.4724 -0.689 0.0004, -0.6102 -0.689 0.0004, -0.4724 -0.2559 0.0, -0.4724 -0.3937 0.0, -0.6102 -0.2559 0.0, -0.6102 -0.3937 0.0, -0.6102 -0.3937 0.0004, -0.4724 -0.3937 0.0004, -0.4724 -0.2559 0.0004, -0.6102 -0.2559 0.0004, -0.4724 -0.0394 0.0, -0.4724 -0.1772 0.0, -0.6102 -0.0394 0.0, -0.6102 -0.1772 0.0, -0.6102 -0.1772 0.0004, -0.4724 -0.1772 0.0004, -0.4724 -0.0394 0.0004, -0.6102 -0.0394 0.0004, -0.4724 0.1772 0.0, -0.4724 0.0394 0.0, -0.6102 0.1772 0.0, -0.6102 0.0394 0.0, -0.6102 0.0394 0.0004, -0.4724 0.0394 0.0004, -0.4724 0.1772 0.0004, -0.6102 0.1772 0.0004, -0.4724 0.3937 0.0, -0.4724 0.2559 0.0, -0.6102 0.3937 0.0, -0.6102 0.2559 0.0, -0.6102 0.2559 0.0004, -0.4724 0.2559 0.0004, -0.4724 0.3937 0.0004, -0.6102 0.3937 0.0004, -0.4724 0.8268 0.0, -0.4724 0.689 0.0, -0.6102 0.8268 0.0, -0.6102 0.689 0.0, -0.6102 0.689 0.0004, -0.4724 0.689 0.0004, -0.4724 0.8268 0.0004, -0.6102 0.8268 0.0004, -0.2559 -0.689 0.0, -0.2559 -0.8268 0.0, -0.3937 -0.689 0.0, -0.3937 -0.8268 0.0, -0.3937 -0.8268 0.0004, -0.2559 -0.8268 0.0004, -0.2559 -0.689 0.0004, -0.3937 -0.689 0.0004, -0.2559 -0.4724 0.0, -0.2559 -0.6102 0.0, -0.3937 -0.4724 0.0, -0.3937 -0.6102 0.0, -0.3937 -0.6102 0.0004, -0.2559 -0.6102 0.0004, -0.2559 -0.4724 0.0004, -0.3937 -0.4724 0.0004, -0.2559 0.6102 0.0, -0.2559 0.4724 0.0, -0.3937 0.6102 0.0, -0.3937 0.4724 0.0, -0.3937 0.4724 0.0004, -0.2559 0.4724 0.0004, -0.2559 0.6102 0.0004, -0.3937 0.6102 0.0004, -0.2559 0.8268 0.0, -0.2559 0.689 0.0, -0.3937 0.8268 0.0, -0.3937 0.689 0.0, -0.3937 0.689 0.0004, -0.2559 0.689 0.0004, -0.2559 0.8268 0.0004, -0.3937 0.8268 0.0004, -0.0394 -0.689 0.0, -0.0394 -0.8268 0.0, -0.1772 -0.689 0.0, -0.1772 -0.8268 0.0, -0.1772 -0.8268 0.0004, -0.0394 -0.8268 0.0004, -0.0394 -0.689 0.0004, -0.1772 -0.689 0.0004, -0.0394 -0.4724 0.0, -0.0394 -0.6102 0.0, -0.1772 -0.4724 0.0, -0.1772 -0.6102 0.0, -0.1772 -0.6102 0.0004, -0.0394 -0.6102 0.0004, -0.0394 -0.4724 0.0004, -0.1772 -0.4724 0.0004, -0.0394 0.6102 0.0, -0.0394 0.4724 0.0, -0.1772 0.6102 0.0, -0.1772 0.4724 0.0, -0.1772 0.4724 0.0004, -0.0394 0.4724 0.0004, -0.0394 0.6102 0.0004, -0.1772 0.6102 0.0004, -0.0394 0.8268 0.0, -0.0394 0.689 0.0, -0.1772 0.8268 0.0, -0.1772 0.689 0.0, -0.1772 0.689 0.0004, -0.0394 0.689 0.0004, -0.0394 0.8268 0.0004, -0.1772 0.8268 0.0004, 0.1772 -0.689 0.0, 0.1772 -0.8268 0.0, 0.0394 -0.689 0.0, 0.0394 -0.8268 0.0, 0.0394 -0.8268 0.0004, 0.1772 -0.8268 0.0004, 0.1772 -0.689 0.0004, 0.0394 -0.689 0.0004, 0.1772 -0.4724 0.0, 0.1772 -0.6102 0.0, 0.0394 -0.4724 0.0, 0.0394 -0.6102 0.0, 0.0394 -0.6102 0.0004, 0.1772 -0.6102 0.0004, 0.1772 -0.4724 0.0004, 0.0394 -0.4724 0.0004, 0.1772 0.6102 0.0, 0.1772 0.4724 0.0, 0.0394 0.6102 0.0, 0.0394 0.4724 0.0, 0.0394 0.4724 0.0004, 0.1772 0.4724 0.0004, 0.1772 0.6102 0.0004, 0.0394 0.6102 0.0004, 0.1772 0.8268 0.0, 0.1772 0.689 0.0, 0.0394 0.8268 0.0, 0.0394 0.689 0.0, 0.0394 0.689 0.0004, 0.1772 0.689 0.0004, 0.1772 0.8268 0.0004, 0.0394 0.8268 0.0004, 0.3937 -0.689 0.0, 0.3937 -0.8268 0.0, 0.2559 -0.689 0.0, 0.2559 -0.8268 0.0, 0.2559 -0.8268 0.0004, 0.3937 -0.8268 0.0004, 0.3937 -0.689 0.0004, 0.2559 -0.689 0.0004, 0.3937 -0.4724 0.0, 0.3937 -0.6102 0.0, 0.2559 -0.4724 0.0, 0.2559 -0.6102 0.0, 0.2559 -0.6102 0.0004, 0.3937 -0.6102 0.0004, 0.3937 -0.4724 0.0004, 0.2559 -0.4724 0.0004, 0.3937 0.6102 0.0, 0.3937 0.4724 0.0, 0.2559 0.6102 0.0, 0.2559 0.4724 0.0, 0.2559 0.4724 0.0004, 0.3937 0.4724 0.0004, 0.3937 0.6102 0.0004, 0.2559 0.6102 0.0004, 0.3937 0.8268 0.0, 0.3937 0.689 0.0, 0.2559 0.8268 0.0, 0.2559 0.689 0.0, 0.2559 0.689 0.0004, 0.3937 0.689 0.0004, 0.3937 0.8268 0.0004, 0.2559 0.8268 0.0004, 0.6102 -0.689 0.0, 0.6102 -0.8268 0.0, 0.4724 -0.689 0.0, 0.4724 -0.8268 0.0, 0.4724 -0.8268 0.0004, 0.6102 -0.8268 0.0004, 0.6102 -0.689 0.0004, 0.4724 -0.689 0.0004, 0.6102 -0.2559 0.0, 0.6102 -0.3937 0.0, 0.4724 -0.2559 0.0, 0.4724 -0.3937 0.0, 0.4724 -0.3937 0.0004, 0.6102 -0.3937 0.0004, 0.6102 -0.2559 0.0004, 0.4724 -0.2559 0.0004, 0.6102 -0.0394 0.0, 0.6102 -0.1772 0.0, 0.4724 -0.0394 0.0, 0.4724 -0.1772 0.0, 0.4724 -0.1772 0.0004, 0.6102 -0.1772 0.0004, 0.6102 -0.0394 0.0004, 0.4724 -0.0394 0.0004, 0.6102 0.1772 0.0, 0.6102 0.0394 0.0, 0.4724 0.1772 0.0, 0.4724 0.0394 0.0, 0.4724 0.0394 0.0004, 0.6102 0.0394 0.0004, 0.6102 0.1772 0.0004, 0.4724 0.1772 0.0004, 0.6102 0.3937 0.0, 0.6102 0.2559 0.0, 0.4724 0.3937 0.0, 0.4724 0.2559 0.0, 0.4724 0.2559 0.0004, 0.6102 0.2559 0.0004, 0.6102 0.3937 0.0004, 0.4724 0.3937 0.0004, 0.8268 -0.689 0.0, 0.8268 -0.8268 0.0, 0.689 -0.689 0.0, 0.689 -0.8268 0.0, 0.689 -0.8268 0.0004, 0.8268 -0.8268 0.0004, 0.8268 -0.689 0.0004, 0.689 -0.689 0.0004, 0.8268 -0.4724 0.0, 0.8268 -0.6102 0.0, 0.689 -0.4724 0.0, 0.689 -0.6102 0.0, 0.689 -0.6102 0.0004, 0.8268 -0.6102 0.0004, 0.8268 -0.4724 0.0004, 0.689 -0.4724 0.0004, 0.8268 -0.2559 0.0, 0.8268 -0.3937 0.0, 0.689 -0.2559 0.0, 0.689 -0.3937 0.0, 0.689 -0.3937 0.0004, 0.8268 -0.3937 0.0004, 0.8268 -0.2559 0.0004, 0.689 -0.2559 0.0004, 0.8268 -0.0394 0.0, 0.8268 -0.1772 0.0, 0.689 -0.0394 0.0, 0.689 -0.1772 0.0, 0.689 -0.1772 0.0004, 0.8268 -0.1772 0.0004, 0.8268 -0.0394 0.0004, 0.689 -0.0394 0.0004, 0.8268 0.1772 0.0, 0.8268 0.0394 0.0, 0.689 0.1772 0.0, 0.689 0.0394 0.0, 0.689 0.0394 0.0004, 0.8268 0.0394 0.0004, 0.8268 0.1772 0.0004, 0.689 0.1772 0.0004, 0.8268 0.3937 0.0, 0.8268 0.2559 0.0, 0.689 0.3937 0.0, 0.689 0.2559 0.0, 0.689 0.2559 0.0004, 0.8268 0.2559 0.0004, 0.8268 0.3937 0.0004, 0.689 0.3937 0.0004
            ]
        }
        coordIndex [
            0,1,2,-1,2,1,3,-1,3,1,4,-1,4,1,5,-1,1,0,5,-1,5,0,6,-1,0,2,6,-1,6,2,7,-1,2,3,7,-1,7,3,4,-1,8,9,10,-1,10,9,11,-1,11,9,12,-1,12,9,13,-1,9,8,13,-1,13,8,14,-1,8,10,14,-1,14,10,15,-1,10,11,15,-1,15,11,12,-1,16,17,18,-1,18,17,19,-1,19,17,20,-1,20,17,21,-1,17,16,21,-1,21,16,22,-1,16,18,22,-1,22,18,23,-1,18,19,23,-1,23,19,20,-1,24,25,26,-1,26,25,27,-1,27,25,28,-1,28,25,29,-1,25,24,29,-1,29,24,30,-1,24,26,30,-1,30,26,31,-1,26,27,31,-1,31,27,28,-1,32,33,34,-1,34,33,35,-1,35,33,36,-1,36,33,37,-1,33,32,37,-1,37,32,38,-1,32,34,38,-1,38,34,39,-1,34,35,39,-1,39,35,36,-1,40,41,42,-1,42,41,43,-1,43,41,44,-1,44,41,45,-1,41,40,45,-1,45,40,46,-1,40,42,46,-1,46,42,47,-1,42,43,47,-1,47,43,44,-1,48,49,50,-1,50,49,51,-1,51,49,52,-1,52,49,53,-1,49,48,53,-1,53,48,54,-1,48,50,54,-1,54,50,55,-1,50,51,55,-1,55,51,52,-1,56,57,58,-1,58,57,59,-1,59,57,60,-1,60,57,61,-1,57,56,61,-1,61,56,62,-1,56,58,62,-1,62,58,63,-1,58,59,63,-1,63,59,60,-1,64,65,66,-1,66,65,67,-1,67,65,68,-1,68,65,69,-1,65,64,69,-1,69,64,70,-1,64,66,70,-1,70,66,71,-1,66,67,71,-1,71,67,68,-1,72,73,74,-1,74,73,75,-1,75,73,76,-1,76,73,77,-1,73,72,77,-1,77,72,78,-1,72,74,78,-1,78,74,79,-1,74,75,79,-1,79,75,76,-1,80,81,82,-1,82,81,83,-1,83,81,84,-1,84,81,85,-1,81,80,85,-1,85,80,86,-1,80,82,86,-1,86,82,87,-1,82,83,87,-1,87,83,84,-1,88,89,90,-1,90,89,91,-1,91,89,92,-1,92,89,93,-1,89,88,93,-1,93,88,94,-1,88,90,94,-1,94,90,95,-1,90,91,95,-1,95,91,92,-1,96,97,98,-1,98,97,99,-1,99,97,100,-1,100,97,101,-1,97,96,101,-1,101,96,102,-1,96,98,102,-1,102,98,103,-1,98,99,103,-1,103,99,100,-1,104,105,106,-1,106,105,107,-1,107,105,108,-1,108,105,109,-1,105,104,109,-1,109,104,110,-1,104,106,110,-1,110,106,111,-1,106,107,111,-1,111,107,108,-1,112,113,114,-1,114,113,115,-1,115,113,116,-1,116,113,117,-1,113,112,117,-1,117,112,118,-1,112,114,118,-1,118,114,119,-1,114,115,119,-1,119,115,116,-1,120,121,122,-1,122,121,123,-1,123,121,124,-1,124,121,125,-1,121,120,125,-1,125,120,126,-1,120,122,126,-1,126,122,127,-1,122,123,127,-1,127,123,124,-1,128,129,130,-1,130,129,131,-1,131,129,132,-1,132,129,133,-1,129,128,133,-1,133,128,134,-1,128,130,134,-1,134,130,135,-1,130,131,135,-1,135,131,132,-1,136,137,138,-1,138,137,139,-1,139,137,140,-1,140,137,141,-1,137,136,141,-1,141,136,142,-1,136,138,142,-1,142,138,143,-1,138,139,143,-1,143,139,140,-1,144,145,146,-1,146,145,147,-1,147,145,148,-1,148,145,149,-1,145,144,149,-1,149,144,150,-1,144,146,150,-1,150,146,151,-1,146,147,151,-1,151,147,148,-1,152,153,154,-1,154,153,155,-1,155,153,156,-1,156,153,157,-1,153,152,157,-1,157,152,158,-1,152,154,158,-1,158,154,159,-1,154,155,159,-1,159,155,156,-1,160,161,162,-1,162,161,163,-1,163,161,164,-1,164,161,165,-1,161,160,165,-1,165,160,166,-1,160,162,166,-1,166,162,167,-1,162,163,167,-1,167,163,164,-1,168,169,170,-1,170,169,171,-1,171,169,172,-1,172,169,173,-1,169,168,173,-1,173,168,174,-1,168,170,174,-1,174,170,175,-1,170,171,175,-1,175,171,172,-1,176,177,178,-1,178,177,179,-1,179,177,180,-1,180,177,181,-1,177,176,181,-1,181,176,182,-1,176,178,182,-1,182,178,183,-1,178,179,183,-1,183,179,180,-1,184,185,186,-1,186,185,187,-1,187,185,188,-1,188,185,189,-1,185,184,189,-1,189,184,190,-1,184,186,190,-1,190,186,191,-1,186,187,191,-1,191,187,188,-1,192,193,194,-1,194,193,195,-1,195,193,196,-1,196,193,197,-1,193,192,197,-1,197,192,198,-1,192,194,198,-1,198,194,199,-1,194,195,199,-1,199,195,196,-1,200,201,202,-1,202,201,203,-1,203,201,204,-1,204,201,205,-1,201,200,205,-1,205,200,206,-1,200,202,206,-1,206,202,207,-1,202,203,207,-1,207,203,204,-1,208,209,210,-1,210,209,211,-1,211,209,212,-1,212,209,213,-1,209,208,213,-1,213,208,214,-1,208,210,214,-1,214,210,215,-1,210,211,215,-1,215,211,212,-1,216,217,218,-1,218,217,219,-1,219,217,220,-1,220,217,221,-1,217,216,221,-1,221,216,222,-1,216,218,222,-1,222,218,223,-1,218,219,223,-1,223,219,220,-1,224,225,226,-1,226,225,227,-1,227,225,228,-1,228,225,229,-1,225,224,229,-1,229,224,230,-1,224,226,230,-1,230,226,231,-1,226,227,231,-1,231,227,228,-1,232,233,234,-1,234,233,235,-1,235,233,236,-1,236,233,237,-1,233,232,237,-1,237,232,238,-1,232,234,238,-1,238,234,239,-1,234,235,239,-1,239,235,236,-1,240,241,242,-1,242,241,243,-1,243,241,244,-1,244,241,245,-1,241,240,245,-1,245,240,246,-1,240,242,246,-1,246,242,247,-1,242,243,247,-1,247,243,244,-1,248,249,250,-1,250,249,251,-1,251,249,252,-1,252,249,253,-1,249,248,253,-1,253,248,254,-1,248,250,254,-1,254,250,255,-1,250,251,255,-1,255,251,252,-1,256,257,258,-1,258,257,259,-1,259,257,260,-1,260,257,261,-1,257,256,261,-1,261,256,262,-1,256,258,262,-1,262,258,263,-1,258,259,263,-1,263,259,260,-1,264,265,266,-1,266,265,267,-1,267,265,268,-1,268,265,269,-1,265,264,269,-1,269,264,270,-1,264,266,270,-1,270,266,271,-1,266,267,271,-1,271,267,268,-1,272,273,274,-1,274,273,275,-1,275,273,276,-1,276,273,277,-1,273,272,277,-1,277,272,278,-1,272,274,278,-1,278,274,279,-1,274,275,279,-1,279,275,276,-1,280,281,282,-1,282,281,283,-1,283,281,284,-1,284,281,285,-1,281,280,285,-1,285,280,286,-1,280,282,286,-1,286,282,287,-1,282,283,287,-1,287,283,284,-1,288,289,290,-1,290,289,291,-1,291,289,292,-1,292,289,293,-1,289,288,293,-1,293,288,294,-1,288,290,294,-1,294,290,295,-1,290,291,295,-1,295,291,292,-1,296,297,298,-1,298,297,299,-1,299,297,300,-1,300,297,301,-1,297,296,301,-1,301,296,302,-1,296,298,302,-1,302,298,303,-1,298,299,303,-1,303,299,300,-1,304,305,306,-1,306,305,307,-1,307,305,308,-1,308,305,309,-1,305,304,309,-1,309,304,310,-1,304,306,310,-1,310,306,311,-1,306,307,311,-1,311,307,308,-1,312,313,314,-1,314,313,315,-1,315,313,316,-1,316,313,317,-1,313,312,317,-1,317,312,318,-1,312,314,318,-1,318,314,319,-1,314,315,319,-1,319,315,316,-1,320,321,322,-1,322,321,323,-1,323,321,324,-1,324,321,325,-1,321,320,325,-1,325,320,326,-1,320,322,326,-1,326,322,327,-1,322,323,327,-1,327,323,324,-1,
        ]
    }
}
Shape{
    appearance Appearance {
        material  Material 	{
            diffuseColor 0.00392156862745098 0.17254901960784313 0.0
            specularColor 0.0 0.011764705882352941 0.0
            ambientIntensity 0.1462
            transparency 0.0
            shininess 0.5
        }
    }
    geometry IndexedFaceSet {
        ccw TRUE
        solid FALSE
        coord DEF co Coordinate {
            point [
                0.8858 0.6496 0.0004, 0.8858 0.8858 0.0004, 0.8858 0.8858 0.1185, 0.8858 -0.8858 0.0004, 0.8858 -0.8563 0.0004, 0.8858 -0.8858 0.1185, 0.8858 -0.6496 0.0004, 0.8858 -0.4331 0.0004, 0.8858 -0.2165 0.0004, 0.8858 -0.0295 0.0004, 0.8858 0.4331 0.0004, -0.8858 -0.8858 0.1185, -0.8858 -0.8858 0.0004, -0.6496 -0.8858 0.0004, 0.4331 -0.8858 0.0004, -0.0295 -0.8858 0.0004, -0.4331 -0.8858 0.0004, 0.6496 -0.8858 0.0004, 0.8563 -0.8858 0.0004, -0.8858 0.8858 0.1185, -0.8858 0.8858 0.0004, -0.8858 0.6496 0.0004, -0.8858 0.4331 0.0004, -0.8858 -0.0295 0.0004, -0.8858 -0.2165 0.0004, -0.8858 -0.4331 0.0004, -0.8858 -0.6496 0.0004, -0.8858 -0.8563 0.0004, -0.6496 0.8858 0.0004, 0.8563 0.8858 0.0004, 0.6496 0.8858 0.0004, 0.4331 0.8858 0.0004, -0.0295 0.8858 0.0004, -0.4331 0.8858 0.0004
            ]
        }
        coordIndex [
            0,1,2,-1,3,4,5,-1,5,4,6,-1,5,6,7,-1,7,8,5,-1,5,8,9,-1,5,9,2,-1,2,9,10,-1,2,10,0,-1,11,12,13,-1,14,5,15,-1,15,5,11,-1,15,11,16,-1,16,11,13,-1,14,17,5,-1,5,17,18,-1,5,18,3,-1,19,20,21,-1,21,22,19,-1,19,22,23,-1,19,23,11,-1,11,23,24,-1,11,24,25,-1,25,26,11,-1,11,26,27,-1,11,27,12,-1,28,20,19,-1,1,29,2,-1,2,29,30,-1,30,31,2,-1,2,31,32,-1,2,32,19,-1,19,32,33,-1,19,33,28,-1,19,11,2,-1,2,11,5,-1,
        ]
    }
}
Shape{
    appearance Appearance {
        material  Material 	{
            diffuseColor 0.6666666666666666 0.6666666666666666 0.6666666666666666
            specularColor 0.4666666666666667 0.4666666666666667 0.4666666666666667
            ambientIntensity 0.6667
            transparency 0.0
            shininess 0.5
        }
    }
    geometry IndexedFaceSet {
        ccw TRUE
        solid FALSE
        coord DEF co Coordinate {
            point [
                0.0197 0.1575 0.0, 0.0197 0.0197 0.0, 0.0197 0.1575 0.0004, 0.0197 0.0197 0.0004, 0.1575 0.1575 0.0, 0.1575 0.1575 0.0004, 0.1575 0.0197 0.0, 0.1575 0.0197 0.0004, -0.0197 0.0197 0.0, -0.0197 0.1575 0.0, -0.0197 0.0197 0.0004, -0.0197 0.1575 0.0004, -0.1575 0.0197 0.0004, -0.1575 0.0197 0.0, -0.0295 0.0197 0.0004, -0.1575 0.1575 0.0, -0.1575 0.1575 0.0004, -0.0295 0.1575 0.0004, -0.0197 -0.1575 0.0004, -0.0197 -0.1575 0.0, -0.0197 -0.0295 0.0004, -0.0197 -0.0197 0.0, -0.0197 -0.0197 0.0004, -0.1575 -0.1575 0.0004, -0.1575 -0.1575 0.0, -0.0295 -0.1575 0.0004, -0.1575 -0.0197 0.0004, -0.1575 -0.0197 0.0, -0.1575 -0.0295 0.0004, -0.0295 -0.0197 0.0004, 0.0197 -0.0197 0.0004, 0.0197 -0.0197 0.0, 0.0197 -0.0295 0.0004, 0.0197 -0.1575 0.0, 0.0197 -0.1575 0.0004, 0.1575 -0.0197 0.0, 0.1575 -0.0197 0.0004, 0.1575 -0.1575 0.0004, 0.1575 -0.1575 0.0, 0.1575 -0.0295 0.0004
            ]
        }
        coordIndex [
            0,1,2,-1,2,1,3,-1,4,0,5,-1,5,0,2,-1,6,4,7,-1,7,4,5,-1,1,6,3,-1,3,6,7,-1,4,6,0,-1,0,6,1,-1,8,9,10,-1,10,9,11,-1,12,13,14,-1,14,13,8,-1,14,8,10,-1,15,13,16,-1,16,13,12,-1,11,9,17,-1,17,9,15,-1,17,15,16,-1,13,15,8,-1,8,15,9,-1,18,19,20,-1,20,19,21,-1,20,21,22,-1,23,24,25,-1,25,24,19,-1,25,19,18,-1,26,27,28,-1,28,27,24,-1,28,24,23,-1,22,21,29,-1,29,21,27,-1,29,27,26,-1,24,27,19,-1,19,27,21,-1,30,31,32,-1,32,31,33,-1,32,33,34,-1,35,31,36,-1,36,31,30,-1,37,38,39,-1,39,38,35,-1,39,35,36,-1,33,38,34,-1,34,38,37,-1,35,38,31,-1,31,38,33,-1,
        ]
    }
}