#VRML V2.0 utf8
# 3D model generated by easyeda2kicad.py (https://github.com/uPesy/easyeda2kicad.py)

Shape{
    appearance Appearance {
        material  Material 	{
            diffuseColor 0.0 0.0 0.0
            specularColor 0.0 0.0 0.0
            ambientIntensity 0.0
            transparency 0.0
            shininess 0.5
        }
    }
    geometry IndexedFaceSet {
        ccw TRUE
        solid FALSE
        coord DEF co Coordinate {
            point [
                -0.9197 -0.9679 0.3622, -0.917 -0.9885 0.3622, -0.1193 -1.1811 0.3622, 1.1811 -1.1811 0.3622, 1.1811 0.0126 0.3622, 0.8888 0.0126 0.3622, 0.7661 1.0072 0.3622, 0.7661 1.0191 0.3622, 0.7592 1.0191 0.3622, 0.8103 1.0401 0.3622, 0.8118 1.0403 0.3622, 0.8025 1.0403 0.3622, 0.8126 0.9484 0.3622, 0.8126 0.9602 0.3622, 0.8025 0.9602 0.3622, 0.9503 0.9438 0.3622, 0.9443 0.9479 0.3622, 0.8888 0.9438 0.3622, 0.9355 0.958 0.3622, 0.906 0.9924 0.3622, 0.8888 0.9924 0.3622, 0.9084 0.9865 0.3622, 0.9138 0.9791 0.3622, 0.9209 0.973 0.3622, 0.93 0.9687 0.3622, 0.9288 0.9691 0.3622, 0.9692 0.9353 0.3622, 0.956 0.94 0.3622, 1.0053 0.9405 0.3622, 0.9932 0.9358 0.3622, 0.9801 0.9342 0.3622, 1.0107 0.9438 0.3622, 1.1811 0.9438 0.3622, 1.0117 0.9445 0.3622, 1.0661 0.9763 0.3622, 1.0597 0.9682 0.3622, 1.0398 0.9568 0.3622, 1.0294 0.9555 0.3622, 1.0179 0.9498 0.3622, 1.0264 0.9557 0.3622, 1.0233 0.9561 0.3622, 1.0579 0.9665 0.3622, 1.0496 0.9606 0.3622, 1.0528 1.034 0.3622, 1.061 1.0269 0.3622, 1.1811 1.0403 0.3622, 1.0433 1.0386 0.3622, 1.067 1.0184 0.3622, 1.0708 1.0086 0.3622, 1.1811 0.9924 0.3622, 1.0721 0.9982 0.3622, 1.072 0.9957 0.3622, 1.0714 0.9924 0.3622, 1.0703 0.9858 0.3622, 1.0399 1.0396 0.3622, 1.0396 1.0403 0.3622, 1.0373 1.0453 0.3622, 1.1811 1.055 0.3622, 1.0334 1.0501 0.3622, 1.0282 1.054 0.3622, 0.8531 1.1811 0.3622, 0.8888 1.055 0.3622, 0.8888 1.1811 0.3622, 1.004 1.055 0.3622, 1.1811 1.1811 0.3622, 1.0221 1.0565 0.3622, 1.0258 1.055 0.3622, 1.0085 1.0567 0.3622, 1.0149 1.0575 0.3622, 1.0159 1.0575 0.3622, 0.9902 1.0403 0.3622, 0.9903 1.0405 0.3622, 0.9934 1.0463 0.3622, 0.9974 1.0508 0.3622, 1.0026 1.0545 0.3622, 0.9566 1.0248 0.3622, 0.9547 1.024 0.3622, 0.9516 1.009 0.3622, 0.9951 1.0135 0.3622, 0.9598 0.9951 0.3622, 0.9998 1.0093 0.3622, 1.0054 1.0063 0.3622, 0.9582 1.0259 0.3622, 0.9085 1.021 0.3622, 0.9137 1.0283 0.3622, 0.8888 1.0403 0.3622, 0.9204 1.0011 0.3622, 0.9217 0.9961 0.3622, 0.9237 0.9924 0.3622, 1.0548 0.9924 0.3622, 0.9052 0.9946 0.3622, 0.9039 1.0032 0.3622, 0.9051 1.0126 0.3622, 0.9527 1.0238 0.3622, 0.9524 1.0238 0.3622, 0.9517 1.024 0.3622, 1.0533 1.0083 0.3622, 1.0502 1.0135 0.3622, 1.0368 1.0163 0.3622, 1.0454 1.0184 0.3622, 1.0397 1.0219 0.3622, 1.027 1.0076 0.3622, 1.0324 1.0113 0.3622, 1.0555 0.9977 0.3622, 1.0552 1.0018 0.3622, 1.0212 1.0053 0.3622, 1.0149 1.0045 0.3622, 1.0117 1.0047 0.3622, 0.9209 1.0343 0.3622, 0.9289 1.0383 0.3622, 0.9377 1.0401 0.3622, 0.9609 1.032 0.3622, 0.9608 1.0309 0.3622, 0.9885 1.0285 0.3622, 0.9603 1.0289 0.3622, 0.9593 1.0271 0.3622, 0.9511 1.024 0.3622, 0.9393 1.024 0.3622, 0.9366 1.0237 0.3622, 0.9532 1.0401 0.3622, 0.9547 1.0399 0.3622, 0.9565 1.0392 0.3622, 0.9582 1.038 0.3622, 0.9588 1.0374 0.3622, 0.9599 1.0357 0.3622, 0.9606 1.0339 0.3622, 0.9887 1.034 0.3622, 0.9885 1.0312 0.3622, 0.9252 1.0169 0.3622, 0.9224 1.0127 0.3622, 0.9208 1.008 0.3622, 0.9203 1.0035 0.3622, 0.9317 1.022 0.3622, 0.9275 1.0192 0.3622, 0.9487 0.967 0.3622, 0.9546 0.9599 0.3622, 1.0152 0.9753 0.3622, 0.9552 0.9594 0.3622, 0.9626 0.9543 0.3622, 1.0111 0.9669 0.3622, 1.017 0.9743 0.3622, 1.0229 0.9721 0.3622, 0.9364 0.9834 0.3622, 0.9408 0.9829 0.3622, 0.9429 0.9829 0.3622, 0.9446 0.9755 0.3622, 0.9241 0.9915 0.3622, 0.9276 0.9878 0.3622, 0.9318 0.985 0.3622, 1.0384 0.973 0.3622, 1.0443 0.9762 0.3622, 1.0319 0.9715 0.3622, 1.0488 0.9802 0.3622, 1.0524 0.9854 0.3622, 1.0052 0.9599 0.3622, 0.9709 0.9511 0.3622, 0.9982 0.9547 0.3622, 0.9798 0.95 0.3622, 0.9896 0.9512 0.3622, 1.0291 0.9713 0.3622, 1.0547 0.9913 0.3622, 0.744 1.04 0.3622, 0.744 1.0029 0.3622, 0.7475 0.9924 0.3622, 0.7194 1.0348 0.3622, 0.7198 1.0351 0.3622, 0.7193 1.0403 0.3622, 0.7233 1.0376 0.3622, 0.7276 1.0393 0.3622, 0.7193 0.9924 0.3622, 0.7334 1.0029 0.3622, 0.7274 1.0036 0.3622, 0.723 1.0054 0.3622, 0.7194 1.0078 0.3622, 0.7193 1.0079 0.3622, 0.6875 1.0299 0.3622, 0.7029 1.0299 0.3622, 0.7065 1.04 0.3622, 0.6784 1.04 0.3622, 0.6837 1.04 0.3622, 0.7117 1.04 0.3622, 0.7167 1.0316 0.3622, 0.7193 1.0347 0.3622, -0.1193 1.0403 0.3622, -0.1193 0.9924 0.3622, 0.6925 1.0029 0.3622, 0.6976 1.0029 0.3622, 0.7178 1.0094 0.3622, 0.7156 1.0127 0.3622, 0.7143 1.0164 0.3622, 0.7138 1.021 0.3622, 0.7139 1.0235 0.3622, 0.7149 1.0278 0.3622, 0.7475 0.9531 0.3622, 0.7441 0.9441 0.3622, 0.7475 0.9438 0.3622, 0.7389 0.9441 0.3622, 0.7193 0.9438 0.3622, 0.7248 0.9812 0.3622, 0.7582 0.9812 0.3622, 0.7592 0.9924 0.3622, 0.7529 0.9812 0.3622, 0.7493 0.9711 0.3622, 0.7475 0.9711 0.3622, 0.8126 0.977 0.3622, 0.8025 0.977 0.3622, 0.8126 0.9645 0.3622, 0.8025 0.9645 0.3622, 0.7939 0.9438 0.3622, 0.8025 0.9438 0.3622, 0.7983 0.9441 0.3622, 0.8025 0.9441 0.3622, 0.7993 0.9645 0.3622, 0.7974 0.977 0.3622, 0.7993 0.9602 0.3622, 0.7983 0.9484 0.3622, 0.8025 0.9484 0.3622, 0.7939 0.9924 0.3622, 0.7974 0.9812 0.3622, 0.8025 0.9924 0.3622, 0.8025 0.9812 0.3622, 0.8195 0.9924 0.3622, 0.8173 0.9812 0.3622, 0.8173 0.9441 0.3622, 0.8195 0.9438 0.3622, 0.8263 0.9803 0.3622, 0.8263 0.9924 0.3622, 0.8254 0.98 0.3622, 0.8248 0.9797 0.3622, 0.8248 0.9751 0.3622, 0.847 0.9584 0.3622, 0.8263 0.9758 0.3622, 0.8458 0.9551 0.3622, 0.8441 0.9525 0.3622, 0.8475 0.9631 0.3622, 0.8475 0.9634 0.3622, 0.8284 0.9767 0.3622, 0.8326 0.9775 0.3622, 0.8291 0.9483 0.3622, 0.8335 0.9478 0.3622, 0.8351 0.9479 0.3622, 0.8383 0.9486 0.3622, 0.8248 0.95 0.3622, 0.8253 0.9497 0.3622, 0.8263 0.9493 0.3622, 0.8412 0.9499 0.3622, 0.8436 0.9519 0.3622, 0.8469 0.968 0.3622, 0.8457 0.971 0.3622, 0.8439 0.9736 0.3622, 0.8405 0.9762 0.3622, 0.8378 0.9772 0.3622, 0.8343 0.9776 0.3622, 0.843 0.9745 0.3622, 0.8297 0.9438 0.3622, 0.8284 0.9439 0.3622, 0.8263 0.9438 0.3622, 0.8263 0.9445 0.3622, 0.8248 0.945 0.3622, 0.8365 0.9438 0.3622, 0.8335 0.9435 0.3622, 0.8509 0.0126 0.3622, 0.8263 0.0126 0.3622, 0.8332 0.9435 0.3622, 0.8509 0.9438 0.3622, 0.8383 0.944 0.3622, 0.8423 0.9454 0.3622, 0.8497 0.9523 0.3622, 0.8472 0.949 0.3622, 0.8459 0.9478 0.3622, 0.8531 0.9438 0.3622, 0.8516 0.9564 0.3622, 0.8509 0.9548 0.3622, 0.8509 0.9719 0.3622, 0.852 0.9684 0.3622, 0.8531 0.9924 0.3622, 0.8525 0.9634 0.3622, 0.8524 0.9612 0.3622, 0.8412 0.9809 0.3622, 0.8447 0.9793 0.3622, 0.8509 0.9924 0.3622, 0.8478 0.9768 0.3622, 0.8486 0.9758 0.3622, 0.8507 0.9725 0.3622, 0.8294 0.9813 0.3622, 0.835 0.9818 0.3622, 0.8372 0.9817 0.3622, 0.8473 1.0274 0.3622, 0.8466 1.0199 0.3622, 0.8483 1.0287 0.3622, 0.8489 1.0303 0.3622, 0.8263 1.0403 0.3622, 0.8279 1.04 0.3622, 0.8326 1.04 0.3622, 0.8509 1.0403 0.3622, 0.8484 1.0366 0.3622, 0.849 1.035 0.3622, 0.8347 1.0132 0.3622, 0.8328 1.0138 0.3622, 0.8312 1.0146 0.3622, 0.83 1.0158 0.3622, 0.8459 1.0261 0.3622, 0.8439 1.0251 0.3622, 0.8436 1.018 0.3622, 0.8404 1.0243 0.3622, 0.8364 1.0169 0.3622, 0.8379 1.0167 0.3622, 0.8407 1.017 0.3622, 0.8454 1.0396 0.3622, 0.8469 1.0385 0.3622, 0.8474 1.038 0.3622, 0.8326 1.0359 0.3622, 0.8327 1.0359 0.3622, 0.8334 1.037 0.3622, 0.8349 1.0386 0.3622, 0.829 1.0173 0.3622, 0.8283 1.0194 0.3622, 0.8279 1.023 0.3622, 0.8492 1.0329 0.3622, 0.8492 1.0323 0.3622, 0.8466 1.0154 0.3622, 0.8454 1.0147 0.3622, 0.8419 1.0134 0.3622, 0.8375 1.0129 0.3622, 0.8326 1.0232 0.3622, 0.8327 1.0211 0.3622, 0.8332 1.0195 0.3622, 0.8338 1.0185 0.3622, 0.8345 1.0178 0.3622, 0.8353 1.0172 0.3622, 0.8365 1.0397 0.3622, 0.8383 1.0403 0.3622, 0.8263 1.055 0.3622, 0.8384 1.0404 0.3622, 0.8408 1.0406 0.3622, 0.8509 1.055 0.3622, 0.8435 1.0403 0.3622, 0.8436 1.0403 0.3622, 0.8195 1.0398 0.3622, 0.8216 1.0391 0.3622, 0.8216 1.0343 0.3622, 0.8216 1.0207 0.3622, 0.8214 1.019 0.3622, 0.8209 1.0239 0.3622, 0.8214 1.0225 0.3622, 0.8198 1.0354 0.3622, 0.8195 1.0355 0.3622, 0.8195 1.0257 0.3622, 0.8203 1.0249 0.3622, 0.8195 1.0256 0.3622, 0.8183 1.0402 0.3622, 0.8195 1.0403 0.3622, 0.8175 1.0403 0.3622, 0.8195 1.055 0.3622, 0.8145 1.0406 0.3622, 0.8025 1.055 0.3622, 0.805 1.0141 0.3622, 0.805 1.0186 0.3622, 0.8186 1.015 0.3622, 0.8173 1.0142 0.3622, 0.8209 1.0175 0.3622, 0.82 1.0163 0.3622, 0.8195 1.0158 0.3622, 0.804 1.0347 0.3622, 0.8045 1.0361 0.3622, 0.8054 1.0374 0.3622, 0.8147 1.0133 0.3622, 0.8113 1.0129 0.3622, 0.8087 1.0131 0.3622, 0.8053 1.0284 0.3622, 0.8044 1.0297 0.3622, 0.804 1.0311 0.3622, 0.8038 1.0328 0.3622, 0.8067 1.0385 0.3622, 0.8078 1.0392 0.3622, 0.8118 1.0167 0.3622, 0.8131 1.0168 0.3622, 0.8168 1.0202 0.3622, 0.8144 1.0171 0.3622, 0.8154 1.0177 0.3622, 0.8168 1.0209 0.3622, 0.8166 1.0216 0.3622, 0.8163 1.0222 0.3622, 0.8158 1.0227 0.3622, 0.8142 1.0237 0.3622, 0.8087 1.017 0.3622, 0.8113 1.025 0.3622, 0.8061 1.018 0.3622, 0.8095 1.0257 0.3622, 0.8064 1.0274 0.3622, 0.8161 1.0183 0.3622, 0.8165 1.0189 0.3622, 0.8167 1.0195 0.3622, 0.8169 1.0365 0.3622, 0.8146 1.0284 0.3622, 0.8173 1.0271 0.3622, 0.814 1.0368 0.3622, 0.8138 1.0368 0.3622, 0.8115 1.0296 0.3622, 0.8114 1.0366 0.3622, 0.8085 1.0332 0.3622, 0.8086 1.0327 0.3622, 0.8102 1.0361 0.3622, 0.8098 1.0359 0.3622, 0.8093 1.0354 0.3622, 0.8089 1.0348 0.3622, 0.8086 1.0341 0.3622, 0.8088 1.0319 0.3622, 0.8091 1.0313 0.3622, 0.8097 1.0307 0.3622, 0.7709 1.0029 0.3622, 0.7592 1.0029 0.3622, 0.751 1.04 0.3622, 0.7592 1.04 0.3622, 0.7592 1.0403 0.3622, 0.7709 1.04 0.3622, 0.7892 1.0334 0.3622, 0.7887 1.0356 0.3622, 0.7885 1.0356 0.3622, 0.7759 1.0135 0.3622, 0.7807 1.0135 0.3622, 0.7939 1.02 0.3622, 0.788 1.0335 0.3622, 0.7883 1.0347 0.3622, 0.7939 1.0324 0.3622, 0.8013 1.0135 0.3622, 0.7961 1.0135 0.3622, 0.7911 1.0403 0.3622, 0.791 1.0399 0.3622, 0.7939 1.0464 0.3622, 0.7939 1.0464 0.3622, 0.7939 1.0403 0.3622, 0.793 1.0448 0.3622, 0.8004 1.048 0.3622, 0.8004 1.0521 0.3622, 0.7994 1.0483 0.3622, 0.7978 1.0485 0.3622, 0.7966 1.0484 0.3622, 0.7939 1.0516 0.3622, 0.7955 1.0523 0.3622, 0.7939 1.055 0.3622, 0.7974 1.0525 0.3622, 0.7984 1.0524 0.3622, 0.7956 1.048 0.3622, 0.7948 1.0474 0.3622, 0.7879 1.044 0.3622, 0.79 1.0481 0.3622, 0.7592 1.055 0.3622, 0.7865 1.0403 0.3622, 0.7917 1.0501 0.3622, 0.7921 1.0504 0.3622, 0.7937 1.0516 0.3622, 0.7661 1.0358 0.3622, 0.7592 1.0358 0.3622, 0.7661 1.0233 0.3622, 0.7592 1.0233 0.3622, 0.7518 1.0072 0.3622, 0.751 1.0358 0.3622, 0.7475 1.0403 0.3622, 0.7338 1.04 0.3622, 0.7518 1.0029 0.3622, 0.7529 1.0233 0.3622, 0.7529 1.0191 0.3622, 0.7592 1.0072 0.3622, 0.8531 1.055 0.3622, 0.8509 1.1811 0.3622, 0.8263 1.1811 0.3622, 0.7475 1.1811 0.3622, 0.7592 1.1811 0.3622, 0.7939 1.1811 0.3622, 0.8025 1.1811 0.3622, 0.8195 1.1811 0.3622, 0.7475 1.055 0.3622, 0.7193 1.1811 0.3622, 0.7193 1.055 0.3622, -0.1193 1.1811 0.3622, -0.1193 1.055 0.3622, 0.8531 1.0403 0.3622, 0.8536 1.04 0.3622, 0.8736 1.04 0.3622, 0.8536 1.0358 0.3622, 0.8545 1.0072 0.3622, 0.8736 1.0029 0.3622, 0.8545 1.0029 0.3622, 0.8688 1.0233 0.3622, 0.8688 1.0358 0.3622, 0.8555 1.0233 0.3622, 0.8555 1.0191 0.3622, 0.8688 1.0191 0.3622, 0.8688 1.0072 0.3622, 0.8688 0.9441 0.3622, 0.8688 0.977 0.3622, 0.854 0.977 0.3622, 0.8736 0.9812 0.3622, 0.8736 0.9441 0.3622, 0.854 0.9812 0.3622, 0.7738 0.9448 0.3622, 0.7592 0.9438 0.3622, 0.7798 0.9441 0.3622, 0.774 0.9804 0.3622, 0.7604 0.9647 0.3622, 0.7613 0.969 0.3622, 0.7631 0.9728 0.3622, 0.7658 0.976 0.3622, 0.7802 0.9812 0.3622, 0.7904 0.9812 0.3622, 0.7904 0.9441 0.3622, 0.7694 0.9465 0.3622, 0.7658 0.949 0.3622, 0.7642 0.9506 0.3622, 0.7662 0.9763 0.3622, 0.7698 0.9788 0.3622, 0.762 0.9539 0.3622, 0.7607 0.9576 0.3622, 0.7602 0.9622 0.3622, 0.7339 0.9711 0.3622, 0.7301 0.9812 0.3622, -0.1193 0.9438 0.3622, 0.8531 0.0126 0.3622, 0.8195 0.0126 0.3622, 0.8025 0.0126 0.3622, 0.7939 0.0126 0.3622, 0.7592 0.0126 0.3622, 0.7475 0.0126 0.3622, 0.7193 0.0126 0.3622, -0.1193 0.0126 0.3622, -0.976 -0.9116 0.3622, -0.9568 -0.9196 0.3622, -0.9403 -0.9322 0.3622, -0.9277 -0.9487 0.3622, -0.9197 -1.0091 0.3622, -0.9277 -1.0282 0.3622, -0.9403 -1.0447 0.3622, 0.8888 -1.1811 0.3622, 0.8531 -1.1811 0.3622, 0.8509 -1.1811 0.3622, 0.8263 -1.1811 0.3622, 0.8195 -1.1811 0.3622, 0.8025 -1.1811 0.3622, 0.7939 -1.1811 0.3622, 0.7592 -1.1811 0.3622, 0.7475 -1.1811 0.3622, 0.7193 -1.1811 0.3622, -0.9568 -1.0574 0.3622, -0.976 -1.0653 0.3622, -1.1286 -1.1811 0.3622, -0.9966 -1.068 0.3622, -1.0172 -1.0653 0.3622, -1.0363 -1.0574 0.3622, -1.0528 -1.0447 0.3622, -1.0655 -1.0282 0.3622, -1.0734 -1.0091 0.3622, -1.0761 -0.9885 0.3622, -1.1286 0.0126 0.3622, -1.0734 -0.9679 0.3622, -1.0655 -0.9487 0.3622, -1.0528 -0.9322 0.3622, -0.9966 -0.9089 0.3622, -1.1286 0.9438 0.3622, -1.1286 0.9924 0.3622, -1.1286 1.0403 0.3622, -1.1286 1.055 0.3622, -1.1286 1.1811 0.3622, -1.0363 -0.9196 0.3622, -1.0172 -0.9116 0.3622, -1.1811 1.1811 0.3622, -1.1811 1.055 0.3622, -1.1811 1.0403 0.3622, -1.1811 0.9924 0.3622, -1.1811 0.9438 0.3622, -1.1811 0.0126 0.3622, -1.1811 -1.1811 0.3622, 0.031 0.7792 0.0079, 0.0399 0.783 0.0079, 0.0494 0.7843 0.0079, -0.1014 0.7348 0.0079, -0.0974 0.7284 0.0079, -0.1168 0.7284 0.0079, 0.0156 0.7284 0.0079, 0.079 0.7518 0.0079, 0.0782 0.7432 0.0079, 1.1811 -0.935 0.0079, 1.1811 -1.1811 0.0079, 1.0728 -0.935 0.0079, 1.0601 -0.9334 0.0079, 0.0051 0.7833 0.0079, 0.0051 0.7574 0.0079, -0.0247 0.7833 0.0079, -0.0228 0.7574 0.0079, 0.0761 0.7365 0.0079, 0.0728 0.731 0.0079, 0.0705 0.7284 0.0079, -1.1811 0.935 0.0079, -1.1811 1.1811 0.0079, -1.0728 0.935 0.0079, -1.0601 0.9334 0.0079, 0.9334 -1.0601 0.0079, 0.935 -1.0728 0.0079, 0.935 -1.1811 0.0079, 0.7238 -1.038 0.0079, 0.7136 -1.0302 0.0079, 0.8383 -1.0601 0.0079, 0.6542 1.038 0.0079, 0.6644 1.0302 0.0079, 0.5347 1.0482 0.0079, -0.0642 0.792 0.0079, -0.0756 0.7908 0.0079, -0.1409 0.792 0.0079, -0.0848 0.7875 0.0079, -0.0934 0.7818 0.0079, 0.0051 0.7488 0.0079, 0.0051 0.7284 0.0079, -0.0228 0.7488 0.0079, -0.042 0.7284 0.0079, -0.042 0.792 0.0079, -0.2673 1.0323 0.0079, -0.0247 0.792 0.0079, 0.0156 0.792 0.0079, -1.038 -0.7238 0.0079, -0.7284 -0.6102 0.0079, -1.0482 -0.7316 0.0079, -1.0601 -0.7365 0.0079, 0.689 -1.0236 0.0079, 0.7283 -0.7283 0.0079, 0.7017 -1.0253 0.0079, 1.0253 0.8731 0.0079, 1.0728 0.7382 0.0079, 1.0601 0.7365 0.0079, -0.0934 0.7817 0.0079, -0.099 0.7755 0.0079, -0.1027 0.7688 0.0079, -0.9334 1.0601 0.0079, -0.935 1.0728 0.0079, -0.935 1.1811 0.0079, -0.7238 1.038 0.0079, -0.7136 1.0302 0.0079, -0.8383 1.0601 0.0079, 0.0572 0.7834 0.0079, 0.0631 0.7813 0.0079, 0.0685 0.7776 0.0079, 0.0733 0.7724 0.0079, -0.935 -1.1811 0.0079, -1.1811 -1.1811 0.0079, -0.935 -1.0728 0.0079, -1.1811 -0.935 0.0079, -0.9334 -1.0601 0.0079, 0.9104 -1.0302 0.0079, 0.9206 -1.038 0.0079, 0.9284 -1.0482 0.0079, 0.7316 -1.0482 0.0079, -0.7017 -1.0253 0.0079, -0.7136 -1.0302 0.0079, -0.6102 -0.7283 0.0079, 0.5269 1.038 0.0079, 0.1366 0.7284 0.0079, 0.7283 0.7284 0.0079, 0.6762 1.0253 0.0079, 0.689 1.0236 0.0079, 0.935 1.1811 0.0079, 1.1811 1.1811 0.0079, 0.935 1.0728 0.0079, 0.9334 1.0601 0.0079, -0.1332 1.038 0.0079, -0.123 1.0302 0.0079, 0.1261 0.792 0.0079, -0.1112 1.0253 0.0079, -0.0984 1.0236 0.0079, -0.7284 0.7284 0.0079, -0.7017 1.0253 0.0079, 0.0765 0.7663 0.0079, 0.0786 0.7579 0.0079, -0.7382 -1.1811 0.0079, -0.8366 -1.1811 0.0079, -0.7382 -1.0728 0.0079, -0.8366 -1.0728 0.0079, -0.8383 -1.0601 0.0079, -0.8432 -1.0482 0.0079, -0.7365 -1.0601 0.0079, -0.851 -1.038 0.0079, -0.8612 -1.0302 0.0079, -0.4794 -1.0253 0.0079, -0.4921 -1.0236 0.0079, -0.5049 -1.0253 0.0079, 1.0302 0.8612 0.0079, 1.038 0.851 0.0079, 1.0482 0.8432 0.0079, 0.1366 0.792 0.0079, 0.4573 1.038 0.0079, 0.4675 1.0302 0.0079, 0.4794 1.0253 0.0079, 0.0857 1.0253 0.0079, 0.0984 1.0236 0.0079, -0.1411 1.0482 0.0079, -0.146 1.0601 0.0079, -0.2584 1.0402 0.0079, -0.9104 1.0302 0.0079, -0.9206 1.038 0.0079, -0.9285 1.0482 0.0079, -0.7316 1.0482 0.0079, -0.689 1.0236 0.0079, -0.6762 1.0253 0.0079, -0.1763 0.7284 0.0079, -0.9104 -1.0302 0.0079, -1.0728 -0.7382 0.0079, -0.8986 -1.0253 0.0079, -0.8858 -1.0236 0.0079, -0.8731 -1.0253 0.0079, -0.9206 -1.038 0.0079, -1.038 -0.9206 0.0079, -1.0482 -0.9284 0.0079, -0.9285 -1.0482 0.0079, -1.0601 -0.9334 0.0079, 0.8986 -1.0253 0.0079, 0.8858 -1.0236 0.0079, 0.8731 -1.0253 0.0079, 0.8612 -1.0302 0.0079, 0.851 -1.038 0.0079, 0.8432 -1.0482 0.0079, 0.308 -1.0253 0.0079, 0.2953 -1.0236 0.0079, 0.4573 -1.038 0.0079, -0.6644 -1.0302 0.0079, -0.6762 -1.0253 0.0079, -0.689 -1.0236 0.0079, -0.7238 -1.038 0.0079, -0.7316 -1.0482 0.0079, 1.1811 0.8366 0.0079, 1.1811 0.7382 0.0079, 1.0728 0.8366 0.0079, 1.0601 0.8383 0.0079, 1.0601 0.9334 0.0079, 1.0728 0.935 0.0079, 1.1811 0.935 0.0079, 1.0253 0.8986 0.0079, 1.0236 0.8858 0.0079, 1.0601 0.5397 0.0079, 1.038 0.6542 0.0079, 1.0482 0.6464 0.0079, 1.0482 0.5348 0.0079, 1.038 0.5269 0.0079, 1.0302 0.5167 0.0079, 0.8858 1.0236 0.0079, 0.8986 1.0253 0.0079, 0.9104 1.0302 0.0079, 0.9206 1.038 0.0079, 0.9284 1.0482 0.0079, 0.2707 1.0302 0.0079, 0.2825 1.0253 0.0079, 0.3301 1.038 0.0079, 0.3379 1.0482 0.0079, 0.3428 1.0601 0.0079, 0.4495 1.0482 0.0079, -0.3012 1.024 0.0079, -0.2894 1.024 0.0079, -0.1514 0.792 0.0079, -0.2778 1.0268 0.0079, -1.0302 -0.7136 0.0079, -1.0253 -0.7017 0.0079, -1.0236 -0.689 0.0079, -1.0253 -0.6762 0.0079, -1.0302 -0.6644 0.0079, -1.038 -0.6542 0.0079, -1.0302 0.2707 0.0079, -1.0253 0.2825 0.0079, -1.038 0.1332 0.0079, -1.0236 0.2953 0.0079, -1.0302 0.123 0.0079, -1.038 0.4573 0.0079, -1.0302 0.4675 0.0079, -1.038 0.6542 0.0079, -1.0302 -0.9104 0.0079, -1.0253 -0.8986 0.0079, -1.0236 -0.8858 0.0079, -1.0728 -0.935 0.0079, 0.3301 -1.038 0.0079, 0.3199 -1.0302 0.0079, 0.4446 -1.0601 0.0079, 0.4495 -1.0482 0.0079, 0.1332 -1.038 0.0079, 0.123 -1.0302 0.0079, 0.2707 -1.0302 0.0079, -0.2953 -1.0236 0.0079, -0.4573 -1.038 0.0079, -0.4675 -1.0302 0.0079, 1.0482 0.9285 0.0079, 1.038 0.9206 0.0079, 1.0302 0.9104 0.0079, 1.0482 0.7316 0.0079, 1.038 0.7238 0.0079, 1.0302 0.7136 0.0079, 1.0253 0.7017 0.0079, 1.0236 0.689 0.0079, 1.0728 0.6398 0.0079, 1.1811 0.6398 0.0079, 1.1811 0.5413 0.0079, 1.0253 0.5049 0.0079, 1.0236 0.4921 0.0079, 1.0253 0.4794 0.0079, 1.0302 0.4675 0.0079, 1.038 0.4573 0.0079, 1.0302 -0.3199 0.0079, 1.038 -0.3301 0.0079, 1.038 -0.4573 0.0079, 0.851 1.038 0.0079, 0.7316 1.0482 0.0079, 0.8432 1.0482 0.0079, 0.8383 1.0601 0.0079, 0.7017 1.0253 0.0079, 0.7136 1.0302 0.0079, 0.7238 1.038 0.0079, 0.8731 1.0253 0.0079, 0.8612 1.0302 0.0079, 0.1112 1.0253 0.0079, 0.123 1.0302 0.0079, 0.1332 1.038 0.0079, 0.141 1.0482 0.0079, 0.2477 1.0601 0.0079, 0.2953 1.0236 0.0079, 0.308 1.0253 0.0079, 0.3199 1.0302 0.0079, 0.1261 0.7284 0.0079, 0.0837 0.7284 0.0079, 0.0864 0.7337 0.0079, 0.0854 0.7712 0.0079, 0.0808 0.7786 0.0079, 0.0737 0.7854 0.0079, 0.0662 0.7897 0.0079, 0.0574 0.7923 0.0079, -0.1048 0.761 0.0079, -0.1054 0.7536 0.0079, -0.1042 0.7431 0.0079, -0.8986 1.0253 0.0079, -0.8858 1.0236 0.0079, -0.8731 1.0253 0.0079, -0.8612 1.0302 0.0079, -0.851 1.038 0.0079, -0.8432 1.0482 0.0079, -0.6644 1.0302 0.0079, -0.6542 1.038 0.0079, -0.6464 1.0482 0.0079, -0.6415 1.0601 0.0079, -1.038 -0.5269 0.0079, -1.0482 -0.5347 0.0079, -1.0601 -0.5397 0.0079, -1.0482 -0.6463 0.0079, -1.0302 -0.0738 0.0079, -1.038 -0.0636 0.0079, -1.0236 0.0984 0.0079, -1.0482 0.1411 0.0079, -1.0601 0.146 0.0079, -1.038 0.2605 0.0079, -1.0482 0.2527 0.0079, 0.8366 -1.1811 0.0079, 0.7382 -1.1811 0.0079, 0.8366 -1.0728 0.0079, 0.7382 -1.0728 0.0079, 0.7365 -1.0601 0.0079, 0.1112 -1.0253 0.0079, 0.0984 -1.0236 0.0079, 0.2825 -1.0253 0.0079, -0.0857 -1.0253 0.0079, -0.0984 -1.0236 0.0079, -0.1112 -1.0253 0.0079, -0.123 -1.0302 0.0079, -0.5348 -1.0482 0.0079, -0.5269 -1.038 0.0079, -0.5167 -1.0302 0.0079, 1.0601 0.6415 0.0079, 1.0728 0.5413 0.0079, 1.0302 0.6644 0.0079, 1.0253 0.6762 0.0079, 0.4921 1.0236 0.0079, 0.5049 1.0253 0.0079, 0.5167 1.0302 0.0079, 0.7382 1.0728 0.0079, 0.7382 1.1811 0.0079, 0.8366 1.1811 0.0079, 0.0636 1.038 0.0079, -0.0857 1.0253 0.0079, -0.529 1.0402 0.0079, -0.5201 1.0323 0.0079, -0.5096 1.0268 0.0079, -0.4981 1.024 0.0079, -0.4862 1.024 0.0079, -1.0728 -0.6398 0.0079, -1.1811 -0.6398 0.0079, -1.1811 -0.5413 0.0079, -1.0302 0.5167 0.0079, -1.038 0.5269 0.0079, -1.0482 0.5348 0.0079, -1.0601 0.5397 0.0079, -1.0482 0.7316 0.0079, -1.0601 0.7365 0.0079, -1.0253 0.8731 0.0079, -1.0253 0.8986 0.0079, -1.0236 0.8858 0.0079, -1.0253 -0.8731 0.0079, -1.0302 -0.8612 0.0079, -1.038 -0.851 0.0079, -1.0482 -0.8432 0.0079, 0.6762 -1.0253 0.0079, 0.6644 -1.0302 0.0079, 0.6542 -1.038 0.0079, 0.5269 -1.038 0.0079, 0.6463 -1.0482 0.0079, 0.5347 -1.0482 0.0079, 0.5397 -1.0601 0.0079, 0.4429 -1.0728 0.0079, 0.4429 -1.1811 0.0079, 0.3445 -1.1811 0.0079, 0.2526 -1.0482 0.0079, 0.2477 -1.0601 0.0079, 0.141 -1.0482 0.0079, -0.308 -1.0253 0.0079, -0.3199 -1.0302 0.0079, -0.3301 -1.038 0.0079, -0.6415 -1.0601 0.0079, -0.6464 -1.0482 0.0079, -0.6542 -1.038 0.0079, 1.0482 -0.3379 0.0079, 1.0601 -0.4446 0.0079, 1.0482 -0.4495 0.0079, 0.7365 1.0601 0.0079, 0.8366 1.0728 0.0079, 0.0738 1.0302 0.0079, 0.2526 1.0482 0.0079, 0.2605 1.038 0.0079, 0.0495 0.7929 0.0079, 0.0401 0.7923 0.0079, 0.031 0.7898 0.0079, -0.8366 1.1811 0.0079, -0.7382 1.1811 0.0079, -0.8366 1.0728 0.0079, -0.7382 1.0728 0.0079, -0.7365 1.0601 0.0079, -0.6398 1.0728 0.0079, -0.6398 1.1811 0.0079, -0.5413 1.1811 0.0079, -1.0601 -0.6414 0.0079, -1.0728 -0.5413 0.0079, -1.0253 0.4794 0.0079, -1.0236 0.4921 0.0079, -1.0253 0.5049 0.0079, -1.0302 0.6644 0.0079, -1.0253 0.6762 0.0079, -1.0236 0.689 0.0079, -1.1811 -0.8366 0.0079, -1.1811 -0.7382 0.0079, -1.0728 -0.8366 0.0079, -1.0601 -0.8383 0.0079, 0.5167 -1.0302 0.0079, 0.5049 -1.0253 0.0079, 0.4921 -1.0236 0.0079, 0.4794 -1.0253 0.0079, 0.4675 -1.0302 0.0079, 0.3445 -1.0728 0.0079, 0.3428 -1.0601 0.0079, 0.3379 -1.0482 0.0079, 0.0857 -1.0253 0.0079, 0.0738 -1.0302 0.0079, -0.0738 -1.0302 0.0079, -0.3379 -1.0482 0.0079, -0.3428 -1.0601 0.0079, -0.4495 -1.0482 0.0079, 1.0728 -0.3445 0.0079, 1.1811 -0.3445 0.0079, 1.1811 -0.4429 0.0079, 1.038 0.2605 0.0079, 1.0302 0.2707 0.0079, 1.0253 0.2825 0.0079, 1.038 0.0636 0.0079, 1.0302 0.0738 0.0079, 1.0253 0.0857 0.0079, 0.5413 1.1811 0.0079, 0.6398 1.1811 0.0079, 0.5413 1.0728 0.0079, 0.6398 1.0728 0.0079, 0.5397 1.0601 0.0079, 0.6414 1.0601 0.0079, 0.6463 1.0482 0.0079, -0.0738 1.0302 0.0079, -0.0636 1.038 0.0079, 0.0558 1.0482 0.0079, -0.0558 1.0482 0.0079, 0.0509 1.0601 0.0079, 0.1476 1.0728 0.0079, 0.1476 1.1811 0.0079, 0.2461 1.1811 0.0079, 0.3445 1.1811 0.0079, 0.4429 1.1811 0.0079, 0.3445 1.0728 0.0079, 0.4429 1.0728 0.0079, 0.4446 1.0601 0.0079, -0.2461 1.1811 0.0079, -0.1476 1.1811 0.0079, -0.2461 1.0728 0.0079, -0.1476 1.0728 0.0079, -0.2475 1.0611 0.0079, -0.2517 1.05 0.0079, 0.0888 0.742 0.0079, 0.0896 0.7511 0.0079, 0.0884 0.7623 0.0079, -0.4747 1.0268 0.0079, -0.4642 1.0323 0.0079, -0.4553 1.0402 0.0079, -0.5413 1.0728 0.0079, -0.5399 1.0611 0.0079, -0.5357 1.05 0.0079, -1.038 0.0636 0.0079, -1.0302 0.0738 0.0079, -1.0253 0.0857 0.0079, -1.0728 0.5413 0.0079, -1.1811 0.5413 0.0079, -1.1811 0.6398 0.0079, -1.0253 0.7017 0.0079, -1.0302 0.7136 0.0079, -1.038 0.7238 0.0079, 0.6398 -1.0728 0.0079, 0.6398 -1.1811 0.0079, 0.5413 -1.1811 0.0079, 0.2605 -1.038 0.0079, -0.0558 -1.0482 0.0079, 0.0558 -1.0482 0.0079, 0.0509 -1.0601 0.0079, 0.0636 -1.038 0.0079, -0.0636 -1.038 0.0079, -0.2527 -1.0482 0.0079, -0.2477 -1.0601 0.0079, -0.1332 -1.038 0.0079, -0.1411 -1.0482 0.0079, -0.2605 -1.038 0.0079, -0.2707 -1.0302 0.0079, -0.2825 -1.0253 0.0079, -0.5413 -1.0728 0.0079, -0.5413 -1.1811 0.0079, -0.6398 -1.1811 0.0079, 1.0601 -0.3428 0.0079, 1.0728 -0.4429 0.0079, 1.0482 0.4495 0.0079, 1.038 0.3301 0.0079, 1.0601 0.4446 0.0079, 1.0482 0.3379 0.0079, 1.0253 -0.5049 0.0079, 1.0236 -0.4921 0.0079, 1.0253 -0.4794 0.0079, 1.0728 -0.5413 0.0079, 1.1811 -0.5413 0.0079, 1.1811 -0.6398 0.0079, 1.0302 -0.5167 0.0079, 1.038 -0.5269 0.0079, 1.038 -0.6542 0.0079, 1.0482 -0.5347 0.0079, 1.0601 -0.5397 0.0079, 0.146 1.0601 0.0079, 0.2461 1.0728 0.0079, -0.4486 1.05 0.0079, -0.3431 1.0611 0.0079, -0.3389 1.05 0.0079, -0.3321 1.0402 0.0079, -0.3232 1.0323 0.0079, -0.3127 1.0268 0.0079, -1.0482 -0.0558 0.0079, -1.0601 0.0509 0.0079, -1.0482 0.0558 0.0079, -1.0728 0.6398 0.0079, -1.0601 0.6415 0.0079, -1.0482 0.6464 0.0079, -1.0482 0.8432 0.0079, -1.038 0.851 0.0079, -1.0302 0.8612 0.0079, -1.0302 0.9104 0.0079, -1.038 0.9206 0.0079, -1.0482 0.9285 0.0079, 0.6414 -1.0601 0.0079, 0.5413 -1.0728 0.0079, -0.3445 -1.1811 0.0079, -0.4429 -1.1811 0.0079, -0.3445 -1.0728 0.0079, -0.4429 -1.0728 0.0079, -0.4446 -1.0601 0.0079, -0.5397 -1.0601 0.0079, -0.6398 -1.0728 0.0079, 1.0302 0.3199 0.0079, 1.0253 0.308 0.0079, 1.0236 0.2953 0.0079, 1.0302 -0.123 0.0079, 1.038 -0.1332 0.0079, 1.0302 -0.2707 0.0079, 1.0728 -0.6398 0.0079, 1.0601 -0.6414 0.0079, 1.0482 -0.6463 0.0079, 1.0302 -0.6644 0.0079, 1.0253 -0.6762 0.0079, 1.0236 -0.689 0.0079, 1.0253 -0.8986 0.0079, 1.0302 -0.9104 0.0079, 1.038 -0.9206 0.0079, 1.0482 -0.9284 0.0079, -1.0302 -0.5167 0.0079, -1.0253 -0.5049 0.0079, -1.0236 -0.4921 0.0079, -1.038 -0.4573 0.0079, -1.0482 -0.4495 0.0079, -1.0302 -0.3199 0.0079, -1.0601 -0.4446 0.0079, -1.038 -0.3301 0.0079, -1.0482 -0.3379 0.0079, -1.0302 0.3199 0.0079, -1.038 0.3301 0.0079, -1.0601 0.4446 0.0079, -1.0482 0.3379 0.0079, -1.0728 0.3445 0.0079, -1.1811 0.3445 0.0079, -1.1811 0.4429 0.0079, -1.0728 -0.0492 0.0079, -1.1811 -0.0492 0.0079, -1.1811 0.0492 0.0079, -1.1811 0.1476 0.0079, -1.1811 0.2461 0.0079, -1.0728 0.1476 0.0079, -1.0728 0.2461 0.0079, -1.0601 0.2477 0.0079, 0.2461 -1.1811 0.0079, 0.1476 -1.1811 0.0079, 0.2461 -1.0728 0.0079, 0.1476 -1.0728 0.0079, 0.146 -1.0601 0.0079, -0.1476 -1.0728 0.0079, -0.1476 -1.1811 0.0079, -0.2461 -1.1811 0.0079, 1.038 0.1332 0.0079, 1.0302 0.123 0.0079, 1.0253 0.1112 0.0079, 1.0236 0.0984 0.0079, 1.0302 -0.4675 0.0079, 1.0236 -0.2953 0.0079, 1.0253 -0.308 0.0079, 1.0253 -0.7017 0.0079, 1.0302 -0.7136 0.0079, 1.038 -0.7238 0.0079, 1.0482 -0.8432 0.0079, 1.038 -0.851 0.0079, 1.0601 -0.7365 0.0079, 1.0302 -0.8612 0.0079, 1.0253 -0.8731 0.0079, -1.0482 -0.141 0.0079, -1.038 -0.1332 0.0079, -1.0302 -0.2707 0.0079, -1.0302 -0.123 0.0079, -1.0601 0.3428 0.0079, -1.0728 0.4429 0.0079, -1.0601 -0.0509 0.0079, -1.0728 0.0492 0.0079, -1.1811 0.7382 0.0079, -1.1811 0.8366 0.0079, -1.0728 0.7382 0.0079, -1.0728 0.8366 0.0079, -1.0601 0.8383 0.0079, -0.146 -1.0601 0.0079, -0.2461 -1.0728 0.0079, 1.1811 0.4429 0.0079, 1.1811 0.3445 0.0079, 1.0728 0.4429 0.0079, 1.0728 0.3445 0.0079, 1.0601 0.3428 0.0079, 1.0482 0.2527 0.0079, 1.0601 0.146 0.0079, 1.0482 0.1411 0.0079, 1.0236 -0.0984 0.0079, 1.0253 -0.0857 0.0079, 1.0302 -0.0738 0.0079, 1.038 -0.0636 0.0079, 1.0236 -0.8858 0.0079, 1.0482 -0.7316 0.0079, -0.0492 1.0728 0.0079, -0.0492 1.1811 0.0079, 0.0492 1.1811 0.0079, -0.4429 1.0728 0.0079, -0.4429 1.1811 0.0079, -0.3445 1.1811 0.0079, -1.0253 -0.4794 0.0079, -1.0302 -0.4675 0.0079, -1.0601 -0.146 0.0079, -1.038 -0.2605 0.0079, -1.0482 -0.2526 0.0079, 0.0492 -1.1811 0.0079, -0.0492 -1.1811 0.0079, 0.0492 -1.0728 0.0079, -0.0492 -1.0728 0.0079, -0.0509 -1.0601 0.0079, 1.0728 0.2461 0.0079, 1.1811 0.2461 0.0079, 1.1811 0.1476 0.0079, 1.0601 -0.2477 0.0079, 1.0482 -0.2526 0.0079, 1.038 -0.2605 0.0079, 1.0482 0.0558 0.0079, 1.0601 -0.0509 0.0079, 1.0482 -0.0558 0.0079, 1.0253 -0.2825 0.0079, 1.0253 -0.1112 0.0079, 1.1811 -0.7382 0.0079, 1.1811 -0.8366 0.0079, 1.0728 -0.7382 0.0079, 1.0728 -0.8366 0.0079, 1.0601 -0.8383 0.0079, -0.0509 1.0601 0.0079, 0.0492 1.0728 0.0079, -0.4444 1.0611 0.0079, -0.3445 1.0728 0.0079, -1.0253 -0.308 0.0079, -1.0236 -0.2953 0.0079, -1.0253 -0.2825 0.0079, 1.0601 0.2477 0.0079, 1.0728 0.1476 0.0079, 1.0728 0.0492 0.0079, 1.1811 0.0492 0.0079, 1.1811 -0.0492 0.0079, -1.0253 -0.1112 0.0079, -1.0236 -0.0984 0.0079, -1.0253 -0.0857 0.0079, 1.0601 0.0509 0.0079, 1.0728 -0.0492 0.0079, -1.0253 0.1112 0.0079, -1.0482 0.4495 0.0079, -1.0253 0.308 0.0079, -1.0728 -0.2461 0.0079, -1.1811 -0.2461 0.0079, -1.1811 -0.1476 0.0079, -1.1811 -0.4429 0.0079, -1.1811 -0.3445 0.0079, -1.0728 -0.4429 0.0079, -1.0728 -0.3445 0.0079, -1.0601 -0.3428 0.0079, 1.1811 -0.1476 0.0079, 1.1811 -0.2461 0.0079, 1.0728 -0.1476 0.0079, 1.0728 -0.2461 0.0079, 1.0601 -0.146 0.0079, 1.0482 -0.141 0.0079, -1.0601 -0.2477 0.0079, -1.0728 -0.1476 0.0079, -0.0525 0.7284 0.0079, -0.0846 0.7284 0.0079, -0.0884 0.7323 0.0079, -0.0948 0.7534 0.0079, -0.0941 0.7612 0.0079, -0.0923 0.7674 0.0079, -0.0918 0.7377 0.0079, -0.0941 0.7451 0.0079, -0.08 0.7801 0.0079, -0.0735 0.7823 0.0079, -0.0642 0.7833 0.0079, -0.0525 0.7833 0.0079, -0.0895 0.7723 0.0079, -0.0857 0.7763 0.0079, -0.1302 0.7353 0.0079, -0.1278 0.7284 0.0079, -0.1627 0.7353 0.0079, -0.1652 0.7284 0.0079, 1.1811 -0.0492 0.0945, 1.1811 -0.1476 0.0945, 1.1811 -0.2461 0.0945, 1.1811 0.1476 0.0945, 1.1811 0.2461 0.0945, 1.1811 0.3445 0.0945, 1.1811 -0.935 0.0945, 1.1811 -0.8366 0.0945, 1.1811 0.0492 0.0945, 1.1811 -0.7382 0.0945, 1.1811 -0.6398 0.0945, 1.1811 0.5413 0.0945, 1.1811 0.6398 0.0945, 1.1811 0.7382 0.0945, 1.1811 -0.5413 0.0945, 1.1811 -0.4429 0.0945, 1.1811 0.4429 0.0945, 1.1811 -0.3445 0.0945, 1.1811 0.935 0.0945, 1.1811 0.8366 0.0945, 0.0492 1.1811 0.0945, 0.1476 1.1811 0.0945, 0.2461 1.1811 0.0945, -0.1476 1.1811 0.0945, -0.2461 1.1811 0.0945, -0.3445 1.1811 0.0945, 0.935 1.1811 0.0945, 0.8366 1.1811 0.0945, -0.0492 1.1811 0.0945, 0.7382 1.1811 0.0945, 0.6398 1.1811 0.0945, -0.5413 1.1811 0.0945, -0.6398 1.1811 0.0945, -0.7382 1.1811 0.0945, 0.5413 1.1811 0.0945, 0.4429 1.1811 0.0945, -0.4429 1.1811 0.0945, 0.3445 1.1811 0.0945, -0.935 1.1811 0.0945, -0.8366 1.1811 0.0945, -1.1811 0.0492 0.0945, -1.1811 0.1476 0.0945, -1.1811 0.2461 0.0945, -1.1811 -0.1476 0.0945, -1.1811 -0.2461 0.0945, -1.1811 -0.3445 0.0945, -1.1811 0.935 0.0945, -1.1811 0.8366 0.0945, -1.1811 -0.0492 0.0945, -1.1811 0.7382 0.0945, -1.1811 0.6398 0.0945, -1.1811 -0.5413 0.0945, -1.1811 -0.6398 0.0945, -1.1811 -0.7382 0.0945, -1.1811 0.5413 0.0945, -1.1811 0.4429 0.0945, -1.1811 -0.4429 0.0945, -1.1811 0.3445 0.0945, -1.1811 -0.935 0.0945, -1.1811 -0.8366 0.0945, -0.935 -1.1811 0.0945, -0.8366 -1.1811 0.0945, -0.6398 -1.1811 0.0945, -0.5413 -1.1811 0.0945, -0.7382 -1.1811 0.0945, -0.4429 -1.1811 0.0945, -0.2461 -1.1811 0.0945, -0.1476 -1.1811 0.0945, -0.0492 -1.1811 0.0945, -0.3445 -1.1811 0.0945, 0.1476 -1.1811 0.0945, 0.2461 -1.1811 0.0945, 0.3445 -1.1811 0.0945, 0.0492 -1.1811 0.0945, 0.5413 -1.1811 0.0945, 0.6398 -1.1811 0.0945, 0.7382 -1.1811 0.0945, 0.4429 -1.1811 0.0945, 0.935 -1.1811 0.0945, 0.8366 -1.1811 0.0945
            ]
        }
        coordIndex [
            0,1,2,-1,3,4,5,-1,6,7,8,-1,9,10,11,-1,12,13,14,-1,15,16,17,-1,17,16,18,-1,19,20,21,-1,21,20,17,-1,21,17,22,-1,22,17,23,-1,18,24,17,-1,17,24,25,-1,17,25,23,-1,26,27,5,-1,28,29,4,-1,4,29,5,-1,5,29,30,-1,5,30,26,-1,28,4,31,-1,31,4,32,-1,31,32,33,-1,32,34,35,-1,32,36,33,-1,33,36,37,-1,33,37,38,-1,38,37,39,-1,38,39,40,-1,35,41,32,-1,32,41,42,-1,32,42,36,-1,43,44,45,-1,43,45,46,-1,44,47,45,-1,45,47,48,-1,45,48,49,-1,49,48,50,-1,50,51,49,-1,49,51,52,-1,49,52,32,-1,32,52,53,-1,32,53,34,-1,54,46,55,-1,55,46,45,-1,55,45,56,-1,56,45,57,-1,56,57,58,-1,58,57,59,-1,60,61,62,-1,62,61,63,-1,64,65,57,-1,57,65,66,-1,57,66,59,-1,63,67,62,-1,62,67,68,-1,62,68,64,-1,64,68,69,-1,64,69,65,-1,70,71,61,-1,61,71,72,-1,72,73,61,-1,61,73,74,-1,61,74,63,-1,75,76,77,-1,78,79,80,-1,80,79,81,-1,75,77,82,-1,83,84,85,-1,86,87,79,-1,79,87,88,-1,79,88,89,-1,19,90,20,-1,20,90,91,-1,20,91,85,-1,85,91,92,-1,85,92,83,-1,76,93,77,-1,77,93,94,-1,77,94,95,-1,96,97,98,-1,98,97,99,-1,98,99,100,-1,101,89,102,-1,102,89,103,-1,102,103,98,-1,98,103,104,-1,98,104,96,-1,101,105,89,-1,89,105,106,-1,89,106,79,-1,79,106,107,-1,79,107,81,-1,84,108,85,-1,85,108,109,-1,85,109,110,-1,111,112,113,-1,113,112,114,-1,113,114,77,-1,77,114,115,-1,77,115,82,-1,95,116,77,-1,77,116,117,-1,77,117,118,-1,119,120,70,-1,120,121,70,-1,70,121,122,-1,70,122,123,-1,123,124,70,-1,70,124,125,-1,70,125,126,-1,126,125,111,-1,126,111,127,-1,127,111,113,-1,128,129,77,-1,77,129,130,-1,77,130,79,-1,79,130,131,-1,79,131,86,-1,118,132,77,-1,77,132,133,-1,77,133,128,-1,134,135,136,-1,135,137,136,-1,136,137,138,-1,136,138,139,-1,88,136,89,-1,89,136,140,-1,89,140,141,-1,142,143,88,-1,88,143,144,-1,88,144,136,-1,136,144,145,-1,136,145,134,-1,146,147,88,-1,88,147,148,-1,88,148,142,-1,149,150,151,-1,151,150,152,-1,151,152,153,-1,139,138,154,-1,154,138,155,-1,154,155,156,-1,156,155,157,-1,156,157,158,-1,141,159,89,-1,89,159,151,-1,89,151,160,-1,160,151,153,-1,161,162,163,-1,164,165,166,-1,166,165,167,-1,166,167,168,-1,163,162,169,-1,169,162,170,-1,169,170,171,-1,171,172,169,-1,169,172,173,-1,169,173,174,-1,175,176,177,-1,178,179,166,-1,180,181,166,-1,166,181,182,-1,166,182,164,-1,180,166,177,-1,177,166,179,-1,177,179,175,-1,183,184,185,-1,185,184,169,-1,185,169,186,-1,186,169,174,-1,174,187,186,-1,186,187,188,-1,186,188,189,-1,189,190,186,-1,186,190,191,-1,186,191,180,-1,180,191,192,-1,180,192,181,-1,193,194,195,-1,195,194,196,-1,195,196,197,-1,197,196,198,-1,199,200,201,-1,201,200,163,-1,201,163,202,-1,202,163,203,-1,204,205,206,-1,206,205,207,-1,208,209,210,-1,210,209,211,-1,207,205,212,-1,212,205,213,-1,212,213,214,-1,214,213,215,-1,214,215,14,-1,14,215,216,-1,14,216,12,-1,210,215,208,-1,208,215,213,-1,208,213,217,-1,217,213,218,-1,217,218,219,-1,219,218,220,-1,219,220,221,-1,221,220,222,-1,211,209,223,-1,223,209,224,-1,223,224,222,-1,225,226,227,-1,227,226,221,-1,227,221,228,-1,228,221,229,-1,230,231,232,-1,232,231,233,-1,230,234,231,-1,231,234,235,-1,231,235,236,-1,236,235,237,-1,238,239,231,-1,231,239,240,-1,231,240,241,-1,222,224,221,-1,221,224,242,-1,221,242,229,-1,229,242,243,-1,229,243,231,-1,231,243,244,-1,231,244,238,-1,241,245,231,-1,231,245,246,-1,231,246,233,-1,247,248,249,-1,250,251,235,-1,235,251,252,-1,235,252,237,-1,247,249,235,-1,235,249,253,-1,235,253,250,-1,254,255,256,-1,256,255,257,-1,256,257,224,-1,224,257,258,-1,224,258,242,-1,259,260,261,-1,261,260,262,-1,262,260,263,-1,262,263,254,-1,259,264,265,-1,265,264,266,-1,267,268,264,-1,264,268,269,-1,264,269,266,-1,270,271,264,-1,264,271,272,-1,264,272,267,-1,273,274,275,-1,275,274,276,-1,275,276,270,-1,270,276,277,-1,270,277,271,-1,278,279,280,-1,279,281,280,-1,280,281,282,-1,280,282,283,-1,225,284,226,-1,226,284,285,-1,226,285,280,-1,280,285,286,-1,280,286,278,-1,287,288,289,-1,289,288,290,-1,291,292,293,-1,294,295,296,-1,297,298,226,-1,226,298,299,-1,226,299,300,-1,287,301,288,-1,288,301,302,-1,288,302,303,-1,303,302,304,-1,305,306,304,-1,304,306,307,-1,304,307,303,-1,308,309,294,-1,294,309,310,-1,294,310,295,-1,311,312,293,-1,293,312,313,-1,293,313,314,-1,300,315,226,-1,226,315,316,-1,226,316,317,-1,296,318,294,-1,294,318,319,-1,294,319,280,-1,280,319,290,-1,280,290,320,-1,320,290,288,-1,320,321,280,-1,280,321,322,-1,280,322,226,-1,226,322,323,-1,226,323,297,-1,324,325,304,-1,304,325,326,-1,304,326,327,-1,327,328,304,-1,304,328,329,-1,304,329,305,-1,314,330,293,-1,293,330,331,-1,293,331,291,-1,291,331,332,-1,333,334,335,-1,335,334,336,-1,335,336,294,-1,294,336,337,-1,294,337,308,-1,338,339,291,-1,291,339,340,-1,341,342,226,-1,343,344,340,-1,345,346,347,-1,343,340,348,-1,344,341,340,-1,340,341,226,-1,340,226,291,-1,291,226,317,-1,291,317,292,-1,345,347,340,-1,340,347,349,-1,340,349,348,-1,350,351,352,-1,352,351,353,-1,352,353,354,-1,354,353,10,-1,10,353,355,-1,10,355,11,-1,356,357,11,-1,358,359,221,-1,342,360,226,-1,226,360,361,-1,226,361,221,-1,221,361,362,-1,221,362,358,-1,363,364,11,-1,11,364,365,-1,359,366,221,-1,221,366,367,-1,221,367,219,-1,219,367,368,-1,219,368,356,-1,369,370,357,-1,357,370,371,-1,357,371,11,-1,11,371,372,-1,11,372,363,-1,365,373,11,-1,11,373,374,-1,11,374,9,-1,375,376,377,-1,377,376,378,-1,377,378,379,-1,377,380,375,-1,375,380,381,-1,375,381,382,-1,382,383,375,-1,375,383,384,-1,375,384,385,-1,385,384,386,-1,385,386,387,-1,387,386,388,-1,387,388,357,-1,357,388,389,-1,357,389,369,-1,390,391,379,-1,379,391,392,-1,379,392,377,-1,393,394,346,-1,346,394,395,-1,346,395,347,-1,393,396,394,-1,394,396,397,-1,394,397,398,-1,398,397,399,-1,398,400,401,-1,399,402,398,-1,398,402,403,-1,398,403,404,-1,404,405,398,-1,398,405,406,-1,398,406,400,-1,401,407,398,-1,398,407,408,-1,398,408,409,-1,410,411,200,-1,412,413,414,-1,414,413,415,-1,416,417,418,-1,419,217,420,-1,420,217,421,-1,420,421,422,-1,422,421,416,-1,422,416,423,-1,423,416,418,-1,424,425,11,-1,356,11,219,-1,219,11,425,-1,219,425,217,-1,217,425,426,-1,217,426,421,-1,427,428,424,-1,429,430,431,-1,431,430,432,-1,431,432,427,-1,427,424,431,-1,431,424,11,-1,431,11,433,-1,433,11,355,-1,433,355,434,-1,433,435,431,-1,431,435,436,-1,431,436,437,-1,438,439,440,-1,440,439,441,-1,440,441,355,-1,355,441,442,-1,355,442,434,-1,437,443,431,-1,431,443,444,-1,431,444,429,-1,445,446,447,-1,445,447,448,-1,446,449,447,-1,447,449,450,-1,447,450,440,-1,440,450,451,-1,440,451,438,-1,452,453,454,-1,454,453,455,-1,456,457,163,-1,163,457,458,-1,163,458,161,-1,161,458,459,-1,200,411,163,-1,163,411,460,-1,163,460,456,-1,455,453,461,-1,461,453,457,-1,461,457,462,-1,462,457,456,-1,462,456,8,-1,8,456,463,-1,8,463,6,-1,60,464,61,-1,61,464,85,-1,61,85,70,-1,70,85,110,-1,70,110,119,-1,465,466,335,-1,335,466,332,-1,335,332,333,-1,333,332,331,-1,467,447,468,-1,468,447,440,-1,468,440,469,-1,469,440,355,-1,469,355,470,-1,470,355,353,-1,470,353,471,-1,466,471,332,-1,332,471,353,-1,332,353,291,-1,291,353,351,-1,291,351,338,-1,338,351,350,-1,457,412,458,-1,458,412,414,-1,458,414,472,-1,467,473,472,-1,472,473,474,-1,472,474,458,-1,458,474,166,-1,458,166,459,-1,459,166,168,-1,473,475,474,-1,474,475,476,-1,474,476,166,-1,166,476,183,-1,166,183,178,-1,178,183,185,-1,477,478,479,-1,478,477,480,-1,480,477,275,-1,480,275,481,-1,464,477,85,-1,85,477,479,-1,85,479,20,-1,20,479,482,-1,20,482,275,-1,275,482,483,-1,275,483,481,-1,484,485,486,-1,486,485,480,-1,486,480,487,-1,487,480,481,-1,487,481,488,-1,488,481,489,-1,60,465,464,-1,464,465,335,-1,464,335,477,-1,477,335,294,-1,477,294,275,-1,275,294,280,-1,275,280,273,-1,273,280,283,-1,490,491,492,-1,493,494,17,-1,17,494,490,-1,17,490,270,-1,270,490,492,-1,270,492,275,-1,275,492,495,-1,275,495,20,-1,20,495,493,-1,20,493,17,-1,496,497,498,-1,498,497,208,-1,467,472,447,-1,447,472,414,-1,447,414,448,-1,448,414,415,-1,448,415,419,-1,419,415,410,-1,419,410,217,-1,217,410,200,-1,217,200,499,-1,500,501,200,-1,200,501,502,-1,200,502,503,-1,499,504,217,-1,217,504,505,-1,217,505,208,-1,208,505,506,-1,208,506,498,-1,496,507,497,-1,497,507,508,-1,497,508,509,-1,503,510,200,-1,200,510,511,-1,200,511,499,-1,509,512,497,-1,497,512,513,-1,497,513,514,-1,193,195,199,-1,199,195,497,-1,199,497,200,-1,200,497,514,-1,200,514,500,-1,515,203,516,-1,516,203,163,-1,516,163,198,-1,198,163,169,-1,198,169,197,-1,197,169,184,-1,197,184,517,-1,259,261,264,-1,264,261,518,-1,264,518,270,-1,270,518,5,-1,270,5,17,-1,17,5,27,-1,17,27,15,-1,254,256,262,-1,262,256,224,-1,262,224,519,-1,519,224,209,-1,519,209,520,-1,520,209,208,-1,520,208,521,-1,521,208,497,-1,521,497,522,-1,522,497,195,-1,522,195,523,-1,523,195,197,-1,523,197,524,-1,524,197,517,-1,524,517,525,-1,526,527,525,-1,525,527,528,-1,525,528,529,-1,1,530,2,-1,2,530,531,-1,2,531,532,-1,3,5,533,-1,533,5,518,-1,533,518,534,-1,534,518,261,-1,534,261,535,-1,535,261,262,-1,535,262,536,-1,536,262,519,-1,536,519,537,-1,537,519,520,-1,537,520,538,-1,538,520,521,-1,538,521,539,-1,539,521,522,-1,539,522,540,-1,540,522,523,-1,540,523,541,-1,541,523,524,-1,541,524,542,-1,542,524,525,-1,542,525,2,-1,2,525,529,-1,2,529,0,-1,532,543,2,-1,2,543,544,-1,2,544,545,-1,545,544,546,-1,545,546,547,-1,547,548,545,-1,545,548,549,-1,545,549,550,-1,550,551,545,-1,545,551,552,-1,545,552,553,-1,552,554,553,-1,553,554,555,-1,553,555,556,-1,557,526,553,-1,553,526,525,-1,553,525,558,-1,558,525,517,-1,558,517,559,-1,559,517,184,-1,559,184,560,-1,560,184,183,-1,560,183,561,-1,561,183,476,-1,561,476,562,-1,562,476,475,-1,556,563,553,-1,553,563,564,-1,553,564,557,-1,562,565,561,-1,561,565,566,-1,561,566,560,-1,560,566,567,-1,560,567,559,-1,559,567,568,-1,559,568,558,-1,558,568,569,-1,558,569,553,-1,553,569,570,-1,553,570,545,-1,545,570,571,-1,572,573,574,-1,575,576,577,-1,578,579,580,-1,581,582,583,-1,583,582,584,-1,585,586,587,-1,587,586,588,-1,580,589,578,-1,578,589,590,-1,578,590,591,-1,592,593,594,-1,594,593,595,-1,596,582,597,-1,597,582,598,-1,599,600,601,-1,602,603,604,-1,605,606,607,-1,607,606,608,-1,607,608,609,-1,610,611,612,-1,612,611,613,-1,612,613,588,-1,588,613,614,-1,588,614,587,-1,587,614,615,-1,587,615,616,-1,616,615,617,-1,618,619,620,-1,620,619,621,-1,622,623,624,-1,624,623,600,-1,625,626,627,-1,609,628,607,-1,607,628,629,-1,607,629,630,-1,631,593,632,-1,632,593,633,-1,634,635,636,-1,637,638,578,-1,578,638,639,-1,578,639,640,-1,641,642,643,-1,643,642,644,-1,643,644,645,-1,646,623,647,-1,647,623,582,-1,647,582,648,-1,648,582,596,-1,599,601,649,-1,650,651,652,-1,604,603,653,-1,654,603,655,-1,655,603,656,-1,655,656,657,-1,658,659,660,-1,660,659,661,-1,662,663,664,-1,664,663,665,-1,664,665,666,-1,667,635,668,-1,640,669,578,-1,578,669,670,-1,578,670,579,-1,671,672,673,-1,673,672,674,-1,673,674,675,-1,676,652,675,-1,675,652,677,-1,675,677,673,-1,676,678,652,-1,652,678,679,-1,652,679,619,-1,680,681,652,-1,652,681,682,-1,625,683,626,-1,626,683,684,-1,626,684,685,-1,686,687,654,-1,654,687,688,-1,654,688,689,-1,690,691,664,-1,692,615,693,-1,693,615,694,-1,695,667,696,-1,696,667,593,-1,696,593,697,-1,697,593,631,-1,634,636,698,-1,668,699,667,-1,667,699,700,-1,667,700,701,-1,702,703,704,-1,704,703,621,-1,704,621,705,-1,705,621,619,-1,705,619,706,-1,706,619,679,-1,702,707,708,-1,708,707,709,-1,709,707,710,-1,709,710,711,-1,646,712,623,-1,623,712,713,-1,623,713,714,-1,714,715,623,-1,623,715,716,-1,623,716,600,-1,600,716,717,-1,600,717,601,-1,718,719,720,-1,721,722,652,-1,652,722,723,-1,652,723,650,-1,651,724,652,-1,652,724,725,-1,652,725,677,-1,726,727,728,-1,728,727,626,-1,728,626,729,-1,729,626,685,-1,730,659,731,-1,731,659,732,-1,655,733,734,-1,735,736,737,-1,735,738,736,-1,736,738,739,-1,736,739,740,-1,655,741,742,-1,742,743,655,-1,655,743,744,-1,655,744,659,-1,659,744,745,-1,659,745,661,-1,686,746,747,-1,748,749,687,-1,687,749,750,-1,687,750,751,-1,752,753,754,-1,754,753,755,-1,754,755,607,-1,607,755,615,-1,607,615,605,-1,605,615,614,-1,618,756,619,-1,619,756,757,-1,619,757,758,-1,758,759,619,-1,619,759,760,-1,619,760,761,-1,762,763,764,-1,764,763,765,-1,764,765,766,-1,619,767,768,-1,667,619,769,-1,708,770,702,-1,702,770,771,-1,702,771,772,-1,645,644,710,-1,710,644,773,-1,710,773,711,-1,774,775,776,-1,776,775,718,-1,776,718,777,-1,777,718,720,-1,778,779,780,-1,781,782,652,-1,652,782,783,-1,652,783,680,-1,730,784,659,-1,659,784,785,-1,659,785,655,-1,655,785,786,-1,655,786,733,-1,627,787,625,-1,625,787,788,-1,625,788,734,-1,734,788,789,-1,734,789,655,-1,655,789,790,-1,655,790,791,-1,792,793,794,-1,795,796,623,-1,796,797,623,-1,623,797,798,-1,623,798,799,-1,800,801,802,-1,803,804,805,-1,805,804,806,-1,657,807,655,-1,655,807,808,-1,655,808,741,-1,741,808,809,-1,741,809,810,-1,810,809,804,-1,810,804,811,-1,811,804,803,-1,664,691,686,-1,686,691,812,-1,686,812,813,-1,814,815,816,-1,747,817,686,-1,686,817,818,-1,686,818,687,-1,687,818,819,-1,687,819,748,-1,820,821,822,-1,823,824,664,-1,664,824,825,-1,664,825,662,-1,662,825,826,-1,662,826,827,-1,630,828,607,-1,607,828,829,-1,607,829,577,-1,577,829,830,-1,577,830,575,-1,695,831,667,-1,667,831,832,-1,667,832,833,-1,833,834,667,-1,667,834,835,-1,667,835,635,-1,635,835,836,-1,635,836,636,-1,700,837,701,-1,701,837,838,-1,701,838,754,-1,754,838,839,-1,754,839,840,-1,841,619,842,-1,842,619,761,-1,842,761,843,-1,843,761,844,-1,845,846,847,-1,764,848,762,-1,762,848,849,-1,762,849,850,-1,850,849,851,-1,852,853,854,-1,854,853,855,-1,854,855,601,-1,601,855,856,-1,601,856,649,-1,779,857,780,-1,780,857,858,-1,780,858,859,-1,860,861,652,-1,652,861,862,-1,652,862,863,-1,864,721,865,-1,865,721,652,-1,865,652,866,-1,866,652,682,-1,737,867,735,-1,735,867,792,-1,735,792,868,-1,868,792,794,-1,740,795,736,-1,736,795,623,-1,736,623,869,-1,869,623,655,-1,869,655,870,-1,870,655,791,-1,689,871,654,-1,654,871,872,-1,654,872,603,-1,603,872,873,-1,603,873,653,-1,874,875,876,-1,877,666,878,-1,879,880,840,-1,840,880,881,-1,840,881,754,-1,754,881,882,-1,754,882,883,-1,884,885,886,-1,887,888,769,-1,769,888,889,-1,769,889,890,-1,891,892,893,-1,894,667,895,-1,895,667,893,-1,772,896,702,-1,702,896,897,-1,702,897,703,-1,703,897,898,-1,703,898,899,-1,622,900,623,-1,623,900,901,-1,623,901,902,-1,903,904,905,-1,905,904,906,-1,907,908,909,-1,910,911,912,-1,719,859,623,-1,623,859,858,-1,623,858,652,-1,781,913,782,-1,782,913,914,-1,782,914,915,-1,916,917,864,-1,864,917,918,-1,864,918,721,-1,919,920,801,-1,801,920,921,-1,801,921,802,-1,804,922,806,-1,806,922,874,-1,806,874,923,-1,923,874,876,-1,666,877,664,-1,664,877,924,-1,664,924,690,-1,814,816,813,-1,813,816,925,-1,813,925,686,-1,686,925,926,-1,686,926,746,-1,827,927,662,-1,662,927,928,-1,662,928,929,-1,930,931,932,-1,932,931,933,-1,932,933,636,-1,636,933,934,-1,636,934,698,-1,935,936,937,-1,844,938,843,-1,843,938,884,-1,843,884,939,-1,939,884,886,-1,768,940,619,-1,619,940,941,-1,619,941,769,-1,769,941,942,-1,769,942,887,-1,769,943,667,-1,667,943,944,-1,667,944,945,-1,946,947,948,-1,948,947,703,-1,948,703,949,-1,949,703,899,-1,903,950,904,-1,904,950,951,-1,904,951,902,-1,902,951,952,-1,902,952,623,-1,623,952,953,-1,623,953,719,-1,719,953,954,-1,719,954,720,-1,909,955,907,-1,907,955,956,-1,907,956,776,-1,776,956,957,-1,776,957,774,-1,858,958,652,-1,652,958,959,-1,652,959,860,-1,860,959,960,-1,915,961,782,-1,782,961,962,-1,782,962,963,-1,964,965,966,-1,967,623,968,-1,968,623,969,-1,970,623,971,-1,971,623,972,-1,973,974,975,-1,975,974,976,-1,975,976,977,-1,977,976,978,-1,977,978,604,-1,604,978,979,-1,604,979,602,-1,878,980,877,-1,877,980,981,-1,877,981,982,-1,982,981,983,-1,982,983,984,-1,985,986,987,-1,988,989,990,-1,990,989,991,-1,990,991,750,-1,750,991,992,-1,750,992,751,-1,993,994,995,-1,995,994,996,-1,995,996,997,-1,997,996,693,-1,997,693,998,-1,998,693,694,-1,822,999,820,-1,820,999,1000,-1,820,1000,664,-1,664,1000,1001,-1,664,1001,823,-1,692,662,615,-1,615,662,929,-1,615,929,617,-1,617,929,572,-1,617,572,578,-1,578,572,574,-1,578,574,637,-1,883,1002,754,-1,754,1002,1003,-1,754,1003,1004,-1,937,1005,935,-1,935,1005,1006,-1,935,1006,840,-1,840,1006,1007,-1,840,1007,879,-1,1008,1009,846,-1,846,1009,1010,-1,846,1010,847,-1,1011,1012,1013,-1,945,1014,667,-1,667,1014,1015,-1,667,1015,893,-1,893,1015,1016,-1,893,1016,891,-1,1017,1018,1019,-1,778,780,912,-1,912,780,1020,-1,912,1020,910,-1,1021,1022,1023,-1,959,1024,960,-1,960,1024,1022,-1,960,1022,1025,-1,1025,1022,1021,-1,1026,863,1027,-1,1027,863,1028,-1,1027,1028,1029,-1,1026,1030,863,-1,863,1030,1031,-1,863,1031,652,-1,652,1031,1032,-1,652,1032,781,-1,1033,1034,1035,-1,919,1036,920,-1,920,1036,964,-1,920,964,1037,-1,1037,964,966,-1,799,1038,1039,-1,1039,1038,1040,-1,1039,1040,1041,-1,1042,623,1043,-1,1043,623,1044,-1,1045,1046,1047,-1,1042,1048,623,-1,623,1048,1049,-1,623,1049,1050,-1,1050,1049,1051,-1,1050,1051,1052,-1,815,1053,816,-1,816,1053,985,-1,816,985,1054,-1,1054,985,987,-1,1055,1056,1004,-1,1004,1056,1057,-1,1057,1058,1004,-1,1004,1058,1059,-1,1004,1059,754,-1,754,1059,1060,-1,754,1060,752,-1,1061,1062,846,-1,846,1062,1063,-1,846,1063,1008,-1,1013,1064,1011,-1,1011,1064,1065,-1,1011,1065,890,-1,890,1065,1066,-1,890,1066,769,-1,1067,1068,892,-1,892,1068,1069,-1,892,1069,893,-1,894,1070,667,-1,667,1070,1071,-1,667,1071,593,-1,593,1071,1072,-1,593,1072,595,-1,904,1073,906,-1,906,1073,1017,-1,906,1017,1074,-1,1074,1017,1019,-1,1075,1076,1077,-1,1077,1076,1078,-1,1077,1078,962,-1,962,1078,1079,-1,962,1079,963,-1,864,1080,916,-1,916,1080,1033,-1,916,1033,1081,-1,1081,1033,1035,-1,1039,1082,799,-1,799,1082,1083,-1,799,1083,623,-1,623,1083,1084,-1,623,1084,969,-1,1085,1086,1087,-1,1047,1088,1045,-1,1045,1088,1089,-1,1045,1089,1052,-1,1052,1089,1090,-1,1052,1090,1050,-1,1050,1091,623,-1,623,1091,1092,-1,623,1092,1093,-1,1094,1095,623,-1,623,1095,1096,-1,623,1096,582,-1,582,1096,1097,-1,582,1097,584,-1,841,1098,619,-1,619,1098,1099,-1,619,1099,1100,-1,1101,1102,1103,-1,1103,1102,1104,-1,1103,1104,1105,-1,1105,1104,1106,-1,1107,1108,1109,-1,1109,1108,1110,-1,1111,1112,1113,-1,1114,1115,1116,-1,1117,1118,1119,-1,1119,1118,1120,-1,1119,1120,849,-1,849,1120,1121,-1,849,1121,851,-1,1122,1123,1124,-1,1124,1123,1125,-1,1124,1125,911,-1,911,1125,1126,-1,911,1126,912,-1,1127,1128,1129,-1,1130,1131,967,-1,967,1131,1132,-1,967,1132,623,-1,623,1132,1133,-1,623,1133,972,-1,1134,1135,802,-1,802,1135,1136,-1,802,1136,800,-1,1093,1137,623,-1,623,1137,1138,-1,623,1138,1139,-1,1140,1141,1142,-1,1142,1141,1143,-1,1142,1143,1144,-1,1145,1146,1147,-1,1147,1146,1148,-1,1110,1149,1109,-1,1109,1149,1111,-1,1109,1111,1150,-1,1150,1111,1113,-1,1061,1151,1062,-1,1062,1151,1114,-1,1062,1114,1152,-1,1152,1114,1116,-1,1153,1154,1155,-1,1155,1154,1156,-1,1155,1156,892,-1,892,1156,1157,-1,892,1157,1067,-1,1029,1158,1027,-1,1027,1158,1127,-1,1027,1127,1159,-1,1159,1127,1129,-1,1160,1161,1162,-1,1162,1161,1163,-1,1162,1163,1040,-1,1040,1163,1164,-1,1040,1164,1041,-1,1165,1166,967,-1,967,1166,1167,-1,967,1167,1130,-1,1168,623,1169,-1,1169,623,970,-1,1169,970,1170,-1,1170,970,1171,-1,1094,623,1172,-1,1172,623,1139,-1,1172,1139,1144,-1,1144,1139,1173,-1,1144,1173,1142,-1,1174,1175,1176,-1,1177,1178,1179,-1,1100,1180,619,-1,619,1180,1181,-1,619,1181,1101,-1,1145,1147,1182,-1,1182,1147,1183,-1,1182,1183,1184,-1,1185,1186,1187,-1,1187,1186,1188,-1,1187,1188,1023,-1,1023,1188,1189,-1,1023,1189,1021,-1,1190,1191,1192,-1,1193,1194,1086,-1,1086,1194,1195,-1,1086,1195,1087,-1,1196,1197,970,-1,970,1197,1198,-1,970,1198,1171,-1,1134,1044,1135,-1,1135,1044,623,-1,1135,623,1199,-1,1199,623,1168,-1,1199,1168,1087,-1,1087,1168,1200,-1,1087,1200,1085,-1,1201,1202,1203,-1,1203,1202,1204,-1,1203,1204,1142,-1,1142,1204,1205,-1,1142,1205,1140,-1,983,1206,984,-1,984,1206,1174,-1,984,1174,1207,-1,1207,1174,1176,-1,1055,1208,1056,-1,1056,1208,1177,-1,1056,1177,1209,-1,1209,1177,1179,-1,1103,1210,1101,-1,1101,1210,1211,-1,1101,1211,619,-1,619,1211,1212,-1,619,1212,1147,-1,1165,1213,1166,-1,1166,1213,1190,-1,1166,1190,1214,-1,1214,1190,1192,-1,1215,1216,1217,-1,1148,1218,1147,-1,1147,1218,1219,-1,1147,1219,619,-1,619,1219,1220,-1,1196,1221,1197,-1,1197,1221,1215,-1,1197,1215,1222,-1,1222,1215,1217,-1,1223,619,847,-1,847,619,1220,-1,847,1220,845,-1,1109,1224,1107,-1,1107,1224,767,-1,1107,767,1225,-1,1225,767,619,-1,1225,619,765,-1,765,619,1223,-1,765,1223,766,-1,1226,1227,1228,-1,1229,1230,1231,-1,1231,1230,1232,-1,1231,1232,1104,-1,1104,1232,1233,-1,1104,1233,1106,-1,1234,1235,1236,-1,1236,1235,1237,-1,1236,1237,1238,-1,1238,1237,1193,-1,1238,1193,1239,-1,1239,1193,1086,-1,1184,1240,1182,-1,1182,1240,1226,-1,1182,1226,1241,-1,1241,1226,1228,-1,1242,1243,1244,-1,1245,1246,1242,-1,1242,1246,1247,-1,1244,1248,1242,-1,1242,1248,1249,-1,1242,1249,1245,-1,1250,1251,1242,-1,1242,1251,1252,-1,1242,1252,1253,-1,1247,1254,1242,-1,1242,1254,1255,-1,1242,1255,1250,-1,1256,1257,1258,-1,1258,1257,1259,-1,64,3,1260,-1,1260,3,1261,-1,1262,1235,1234,-1,1263,1192,1191,-1,1264,1265,64,-1,582,581,3,-1,3,581,1266,-1,3,1266,1267,-1,1191,1264,1263,-1,1263,1264,64,-1,1263,64,1268,-1,1268,64,1260,-1,1268,1260,1216,-1,1216,1260,1217,-1,1202,1201,1267,-1,1267,1201,1269,-1,1267,1269,3,-1,3,1269,1270,-1,1271,794,793,-1,1272,1273,64,-1,1047,1046,1270,-1,1270,1046,1274,-1,1270,1274,3,-1,3,1274,1275,-1,793,1272,1271,-1,1271,1272,64,-1,1271,64,1276,-1,1276,64,1265,-1,1276,1265,1160,-1,1160,1265,1161,-1,966,965,1275,-1,1275,965,1277,-1,1275,1277,3,-1,3,1277,1262,-1,3,1262,1261,-1,1261,1262,1234,-1,732,659,1278,-1,1278,659,64,-1,1278,64,1279,-1,1279,64,1273,-1,1279,1273,726,-1,726,1273,727,-1,565,64,1280,-1,1280,64,1281,-1,1282,987,986,-1,1283,994,993,-1,1284,1285,565,-1,659,658,64,-1,64,658,1286,-1,64,1286,1287,-1,993,1284,1283,-1,1283,1284,565,-1,1283,565,1288,-1,1288,565,1280,-1,1288,1280,1175,-1,1175,1280,1176,-1,876,875,1287,-1,1287,875,1289,-1,1287,1289,64,-1,64,1289,1290,-1,1291,937,936,-1,1292,1293,565,-1,974,973,1290,-1,1290,973,1294,-1,1290,1294,64,-1,64,1294,1295,-1,936,1292,1291,-1,1291,1292,565,-1,1291,565,1296,-1,1296,565,1285,-1,1296,1285,1178,-1,1178,1285,1179,-1,989,988,1295,-1,1295,988,1297,-1,1295,1297,64,-1,64,1297,1282,-1,64,1282,1281,-1,1281,1282,986,-1,633,593,1298,-1,1298,593,565,-1,1298,565,1299,-1,1299,565,1293,-1,1299,1293,930,-1,930,1293,931,-1,571,565,1300,-1,1300,565,1301,-1,1302,1118,1117,-1,1303,1228,1227,-1,1304,1305,571,-1,593,592,565,-1,565,592,1306,-1,565,1306,1307,-1,1227,1304,1303,-1,1303,1304,571,-1,1303,571,1308,-1,1308,571,1300,-1,1308,1300,1115,-1,1115,1300,1116,-1,1154,1153,1307,-1,1307,1153,1309,-1,1307,1309,565,-1,565,1309,1310,-1,1311,886,885,-1,1312,1313,571,-1,1013,1012,1310,-1,1310,1012,1314,-1,1310,1314,565,-1,565,1314,1315,-1,885,1312,1311,-1,1311,1312,571,-1,1311,571,1316,-1,1316,571,1305,-1,1316,1305,1229,-1,1229,1305,1230,-1,1113,1112,1315,-1,1315,1112,1317,-1,1315,1317,565,-1,565,1317,1302,-1,565,1302,1301,-1,1301,1302,1117,-1,644,642,1318,-1,1318,642,571,-1,1318,571,1319,-1,1319,571,1313,-1,1319,1313,946,-1,946,1313,947,-1,642,641,571,-1,571,641,1320,-1,571,1320,1321,-1,1035,1034,1322,-1,1322,1034,1323,-1,672,671,1321,-1,1321,671,1324,-1,1321,1324,571,-1,571,1324,1322,-1,571,1322,3,-1,3,1322,1323,-1,3,1323,1325,-1,1326,1129,1128,-1,1327,1328,3,-1,1128,1327,1326,-1,1326,1327,3,-1,1326,3,1329,-1,1329,3,1325,-1,1329,1325,1075,-1,1075,1325,1076,-1,1330,1123,1122,-1,1331,1332,3,-1,1122,1331,1330,-1,1330,1331,3,-1,1330,3,1333,-1,1333,3,1328,-1,1333,1328,1185,-1,1185,1328,1186,-1,1334,1019,1018,-1,1335,1336,3,-1,1018,1335,1334,-1,1334,1335,3,-1,1334,3,1337,-1,1337,3,1332,-1,1337,1332,908,-1,908,1332,909,-1,598,582,1338,-1,1338,582,3,-1,1338,3,1339,-1,1339,3,1336,-1,1339,1336,852,-1,852,1336,853,-1,
        ]
    }
}
Shape{
    appearance Appearance {
        material  Material 	{
            diffuseColor 1.0 1.0 1.0
            specularColor 0.5019607843137255 0.5019607843137255 0.5019607843137255
            ambientIntensity 1.0
            transparency 0.0
            shininess 0.5
        }
    }
    geometry IndexedFaceSet {
        ccw TRUE
        solid FALSE
        coord DEF co Coordinate {
            point [
                0.0492 -1.185 0.0945, 0.1476 -1.185 0.0945, 0.0492 -1.1811 0.0945, 0.1476 -1.1811 0.0945, 0.1476 -1.0728 0.0079, 0.1476 -1.0728 0.0, 0.146 -1.0601 0.0, 0.146 -1.0601 0.0079, 0.141 -1.0482 0.0, 0.141 -1.0482 0.0079, 0.1332 -1.038 0.0, 0.1332 -1.038 0.0079, 0.123 -1.0302 0.0, 0.123 -1.0302 0.0079, 0.1112 -1.0253 0.0, 0.1112 -1.0253 0.0079, 0.0984 -1.0236 0.0, 0.0984 -1.0236 0.0079, 0.0857 -1.0253 0.0, 0.0857 -1.0253 0.0079, 0.0738 -1.0302 0.0, 0.0738 -1.0302 0.0079, 0.0636 -1.038 0.0, 0.0636 -1.038 0.0079, 0.0558 -1.0482 0.0, 0.0558 -1.0482 0.0079, 0.0509 -1.0601 0.0, 0.0509 -1.0601 0.0079, 0.0492 -1.0728 0.0, 0.0492 -1.0728 0.0079, 0.0492 -1.1811 0.0079, 0.0492 -1.185 0.0, 0.1476 -1.1811 0.0079, 0.1476 -1.185 0.0, 0.6398 -1.1811 0.0945, 0.6398 -1.185 0.0945, 0.7382 -1.1811 0.0945, 0.7382 -1.185 0.0945, 0.7382 -1.0728 0.0079, 0.7382 -1.0728 0.0, 0.7365 -1.0601 0.0, 0.7365 -1.0601 0.0079, 0.7316 -1.0482 0.0, 0.7316 -1.0482 0.0079, 0.7238 -1.038 0.0, 0.7238 -1.038 0.0079, 0.7136 -1.0302 0.0, 0.7136 -1.0302 0.0079, 0.7017 -1.0253 0.0, 0.7017 -1.0253 0.0079, 0.689 -1.0236 0.0, 0.689 -1.0236 0.0079, 0.6762 -1.0253 0.0, 0.6762 -1.0253 0.0079, 0.6644 -1.0302 0.0, 0.6644 -1.0302 0.0079, 0.6542 -1.038 0.0, 0.6542 -1.038 0.0079, 0.6463 -1.0482 0.0, 0.6463 -1.0482 0.0079, 0.6414 -1.0601 0.0, 0.6414 -1.0601 0.0079, 0.6398 -1.0728 0.0, 0.6398 -1.0728 0.0079, 0.6398 -1.1811 0.0079, 0.6398 -1.185 0.0, 0.7382 -1.1811 0.0079, 0.7382 -1.185 0.0, -0.1476 -1.185 0.0945, -0.0492 -1.185 0.0945, -0.1476 -1.1811 0.0945, -0.0492 -1.1811 0.0945, -0.0492 -1.0728 0.0079, -0.0492 -1.0728 0.0, -0.0509 -1.0601 0.0, -0.0509 -1.0601 0.0079, -0.0558 -1.0482 0.0, -0.0558 -1.0482 0.0079, -0.0636 -1.038 0.0, -0.0636 -1.038 0.0079, -0.0738 -1.0302 0.0, -0.0738 -1.0302 0.0079, -0.0857 -1.0253 0.0, -0.0857 -1.0253 0.0079, -0.0984 -1.0236 0.0, -0.0984 -1.0236 0.0079, -0.1112 -1.0253 0.0, -0.1112 -1.0253 0.0079, -0.123 -1.0302 0.0, -0.123 -1.0302 0.0079, -0.1332 -1.038 0.0, -0.1332 -1.038 0.0079, -0.1411 -1.0482 0.0, -0.1411 -1.0482 0.0079, -0.146 -1.0601 0.0, -0.146 -1.0601 0.0079, -0.1476 -1.0728 0.0, -0.1476 -1.0728 0.0079, -0.1476 -1.1811 0.0079, -0.1476 -1.185 0.0, -0.0492 -1.1811 0.0079, -0.0492 -1.185 0.0, -0.3445 -1.185 0.0945, -0.2461 -1.185 0.0945, -0.3445 -1.1811 0.0945, -0.2461 -1.1811 0.0945, -0.2461 -1.0728 0.0079, -0.2461 -1.0728 0.0, -0.2477 -1.0601 0.0, -0.2477 -1.0601 0.0079, -0.2527 -1.0482 0.0, -0.2527 -1.0482 0.0079, -0.2605 -1.038 0.0, -0.2605 -1.038 0.0079, -0.2707 -1.0302 0.0, -0.2707 -1.0302 0.0079, -0.2825 -1.0253 0.0, -0.2825 -1.0253 0.0079, -0.2953 -1.0236 0.0, -0.2953 -1.0236 0.0079, -0.308 -1.0253 0.0, -0.308 -1.0253 0.0079, -0.3199 -1.0302 0.0, -0.3199 -1.0302 0.0079, -0.3301 -1.038 0.0, -0.3301 -1.038 0.0079, -0.3379 -1.0482 0.0, -0.3379 -1.0482 0.0079, -0.3428 -1.0601 0.0, -0.3428 -1.0601 0.0079, -0.3445 -1.0728 0.0, -0.3445 -1.0728 0.0079, -0.3445 -1.1811 0.0079, -0.3445 -1.185 0.0, -0.2461 -1.1811 0.0079, -0.2461 -1.185 0.0, -0.5413 -1.185 0.0945, -0.4429 -1.185 0.0945, -0.5413 -1.1811 0.0945, -0.4429 -1.1811 0.0945, -0.4429 -1.0728 0.0079, -0.4429 -1.0728 0.0, -0.4446 -1.0601 0.0, -0.4446 -1.0601 0.0079, -0.4495 -1.0482 0.0, -0.4495 -1.0482 0.0079, -0.4573 -1.038 0.0, -0.4573 -1.038 0.0079, -0.4675 -1.0302 0.0, -0.4675 -1.0302 0.0079, -0.4794 -1.0253 0.0, -0.4794 -1.0253 0.0079, -0.4921 -1.0236 0.0, -0.4921 -1.0236 0.0079, -0.5049 -1.0253 0.0, -0.5049 -1.0253 0.0079, -0.5167 -1.0302 0.0, -0.5167 -1.0302 0.0079, -0.5269 -1.038 0.0, -0.5269 -1.038 0.0079, -0.5348 -1.0482 0.0, -0.5348 -1.0482 0.0079, -0.5397 -1.0601 0.0, -0.5397 -1.0601 0.0079, -0.5413 -1.0728 0.0, -0.5413 -1.0728 0.0079, -0.5413 -1.1811 0.0079, -0.5413 -1.185 0.0, -0.4429 -1.1811 0.0079, -0.4429 -1.185 0.0, 0.4429 -1.1811 0.0945, 0.4429 -1.185 0.0945, 0.5413 -1.1811 0.0945, 0.5413 -1.185 0.0945, 0.5413 -1.0728 0.0079, 0.5413 -1.0728 0.0, 0.5397 -1.0601 0.0, 0.5397 -1.0601 0.0079, 0.5347 -1.0482 0.0, 0.5347 -1.0482 0.0079, 0.5269 -1.038 0.0, 0.5269 -1.038 0.0079, 0.5167 -1.0302 0.0, 0.5167 -1.0302 0.0079, 0.5049 -1.0253 0.0, 0.5049 -1.0253 0.0079, 0.4921 -1.0236 0.0, 0.4921 -1.0236 0.0079, 0.4794 -1.0253 0.0, 0.4794 -1.0253 0.0079, 0.4675 -1.0302 0.0, 0.4675 -1.0302 0.0079, 0.4573 -1.038 0.0, 0.4573 -1.038 0.0079, 0.4495 -1.0482 0.0, 0.4495 -1.0482 0.0079, 0.4446 -1.0601 0.0, 0.4446 -1.0601 0.0079, 0.4429 -1.0728 0.0, 0.4429 -1.0728 0.0079, 0.4429 -1.1811 0.0079, 0.4429 -1.185 0.0, 0.5413 -1.1811 0.0079, 0.5413 -1.185 0.0, 0.2461 -1.1811 0.0945, 0.2461 -1.185 0.0945, 0.3445 -1.1811 0.0945, 0.3445 -1.185 0.0945, 0.3445 -1.0728 0.0079, 0.3445 -1.0728 0.0, 0.3428 -1.0601 0.0, 0.3428 -1.0601 0.0079, 0.3379 -1.0482 0.0, 0.3379 -1.0482 0.0079, 0.3301 -1.038 0.0, 0.3301 -1.038 0.0079, 0.3199 -1.0302 0.0, 0.3199 -1.0302 0.0079, 0.308 -1.0253 0.0, 0.308 -1.0253 0.0079, 0.2953 -1.0236 0.0, 0.2953 -1.0236 0.0079, 0.2825 -1.0253 0.0, 0.2825 -1.0253 0.0079, 0.2707 -1.0302 0.0, 0.2707 -1.0302 0.0079, 0.2605 -1.038 0.0, 0.2605 -1.038 0.0079, 0.2526 -1.0482 0.0, 0.2526 -1.0482 0.0079, 0.2477 -1.0601 0.0, 0.2477 -1.0601 0.0079, 0.2461 -1.0728 0.0, 0.2461 -1.0728 0.0079, 0.2461 -1.1811 0.0079, 0.2461 -1.185 0.0, 0.3445 -1.1811 0.0079, 0.3445 -1.185 0.0, 0.1476 1.1811 0.0945, 0.1476 1.185 0.0945, 0.0492 1.1811 0.0945, 0.0492 1.185 0.0945, 0.0492 1.0728 0.0079, 0.0492 1.0728 0.0, 0.0509 1.0601 0.0, 0.0509 1.0601 0.0079, 0.0558 1.0482 0.0, 0.0558 1.0482 0.0079, 0.0636 1.038 0.0, 0.0636 1.038 0.0079, 0.0738 1.0302 0.0, 0.0738 1.0302 0.0079, 0.0857 1.0253 0.0, 0.0857 1.0253 0.0079, 0.0984 1.0236 0.0, 0.0984 1.0236 0.0079, 0.1112 1.0253 0.0, 0.1112 1.0253 0.0079, 0.123 1.0302 0.0, 0.123 1.0302 0.0079, 0.1332 1.038 0.0, 0.1332 1.038 0.0079, 0.141 1.0482 0.0, 0.141 1.0482 0.0079, 0.146 1.0601 0.0, 0.146 1.0601 0.0079, 0.1476 1.0728 0.0, 0.1476 1.0728 0.0079, 0.1476 1.1811 0.0079, 0.1476 1.185 0.0, 0.0492 1.1811 0.0079, 0.0492 1.185 0.0, -0.6398 1.1811 0.0945, -0.6398 1.185 0.0945, -0.7382 1.1811 0.0945, -0.7382 1.185 0.0945, -0.7382 1.0728 0.0079, -0.7382 1.0728 0.0, -0.7365 1.0601 0.0, -0.7365 1.0601 0.0079, -0.7316 1.0482 0.0, -0.7316 1.0482 0.0079, -0.7238 1.038 0.0, -0.7238 1.038 0.0079, -0.7136 1.0302 0.0, -0.7136 1.0302 0.0079, -0.7017 1.0253 0.0, -0.7017 1.0253 0.0079, -0.689 1.0236 0.0, -0.689 1.0236 0.0079, -0.6762 1.0253 0.0, -0.6762 1.0253 0.0079, -0.6644 1.0302 0.0, -0.6644 1.0302 0.0079, -0.6542 1.038 0.0, -0.6542 1.038 0.0079, -0.6464 1.0482 0.0, -0.6464 1.0482 0.0079, -0.6415 1.0601 0.0, -0.6415 1.0601 0.0079, -0.6398 1.0728 0.0, -0.6398 1.0728 0.0079, -0.6398 1.1811 0.0079, -0.6398 1.185 0.0, -0.7382 1.1811 0.0079, -0.7382 1.185 0.0, 1.185 0.0492 0.0945, 1.185 0.1476 0.0945, 1.1811 0.0492 0.0945, 1.1811 0.1476 0.0945, 1.1811 0.1476 0.0079, 1.185 0.1476 0.0, 1.0728 0.1476 0.0079, 1.0728 0.1476 0.0, 1.0601 0.146 0.0, 1.0601 0.146 0.0079, 1.0482 0.1411 0.0, 1.0482 0.1411 0.0079, 1.038 0.1332 0.0, 1.038 0.1332 0.0079, 1.0302 0.123 0.0, 1.0302 0.123 0.0079, 1.0253 0.1112 0.0, 1.0253 0.1112 0.0079, 1.0236 0.0984 0.0, 1.0236 0.0984 0.0079, 1.0253 0.0857 0.0, 1.0253 0.0857 0.0079, 1.0302 0.0738 0.0, 1.0302 0.0738 0.0079, 1.038 0.0636 0.0, 1.038 0.0636 0.0079, 1.0482 0.0558 0.0, 1.0482 0.0558 0.0079, 1.0601 0.0509 0.0, 1.0601 0.0509 0.0079, 1.0728 0.0492 0.0, 1.0728 0.0492 0.0079, 1.1811 0.0492 0.0079, 1.185 0.0492 0.0, 1.185 0.2461 0.0945, 1.185 0.3445 0.0945, 1.1811 0.2461 0.0945, 1.1811 0.3445 0.0945, 1.1811 0.3445 0.0079, 1.185 0.3445 0.0, 1.0728 0.3445 0.0079, 1.0728 0.3445 0.0, 1.0601 0.3428 0.0, 1.0601 0.3428 0.0079, 1.0482 0.3379 0.0, 1.0482 0.3379 0.0079, 1.038 0.3301 0.0, 1.038 0.3301 0.0079, 1.0302 0.3199 0.0, 1.0302 0.3199 0.0079, 1.0253 0.308 0.0, 1.0253 0.308 0.0079, 1.0236 0.2953 0.0, 1.0236 0.2953 0.0079, 1.0253 0.2825 0.0, 1.0253 0.2825 0.0079, 1.0302 0.2707 0.0, 1.0302 0.2707 0.0079, 1.038 0.2605 0.0, 1.038 0.2605 0.0079, 1.0482 0.2527 0.0, 1.0482 0.2527 0.0079, 1.0601 0.2477 0.0, 1.0601 0.2477 0.0079, 1.0728 0.2461 0.0, 1.0728 0.2461 0.0079, 1.1811 0.2461 0.0079, 1.185 0.2461 0.0, 1.185 0.4429 0.0945, 1.185 0.5413 0.0945, 1.1811 0.4429 0.0945, 1.1811 0.5413 0.0945, 1.1811 0.5413 0.0079, 1.185 0.5413 0.0, 1.0728 0.5413 0.0079, 1.0728 0.5413 0.0, 1.0601 0.5397 0.0, 1.0601 0.5397 0.0079, 1.0482 0.5348 0.0, 1.0482 0.5348 0.0079, 1.038 0.5269 0.0, 1.038 0.5269 0.0079, 1.0302 0.5167 0.0, 1.0302 0.5167 0.0079, 1.0253 0.5049 0.0, 1.0253 0.5049 0.0079, 1.0236 0.4921 0.0, 1.0236 0.4921 0.0079, 1.0253 0.4794 0.0, 1.0253 0.4794 0.0079, 1.0302 0.4675 0.0, 1.0302 0.4675 0.0079, 1.038 0.4573 0.0, 1.038 0.4573 0.0079, 1.0482 0.4495 0.0, 1.0482 0.4495 0.0079, 1.0601 0.4446 0.0, 1.0601 0.4446 0.0079, 1.0728 0.4429 0.0, 1.0728 0.4429 0.0079, 1.1811 0.4429 0.0079, 1.185 0.4429 0.0, 1.185 0.6398 0.0945, 1.185 0.7382 0.0945, 1.1811 0.6398 0.0945, 1.1811 0.7382 0.0945, 1.1811 0.7382 0.0079, 1.185 0.7382 0.0, 1.0728 0.7382 0.0079, 1.0728 0.7382 0.0, 1.0601 0.7365 0.0, 1.0601 0.7365 0.0079, 1.0482 0.7316 0.0, 1.0482 0.7316 0.0079, 1.038 0.7238 0.0, 1.038 0.7238 0.0079, 1.0302 0.7136 0.0, 1.0302 0.7136 0.0079, 1.0253 0.7017 0.0, 1.0253 0.7017 0.0079, 1.0236 0.689 0.0, 1.0236 0.689 0.0079, 1.0253 0.6762 0.0, 1.0253 0.6762 0.0079, 1.0302 0.6644 0.0, 1.0302 0.6644 0.0079, 1.038 0.6542 0.0, 1.038 0.6542 0.0079, 1.0482 0.6464 0.0, 1.0482 0.6464 0.0079, 1.0601 0.6415 0.0, 1.0601 0.6415 0.0079, 1.0728 0.6398 0.0, 1.0728 0.6398 0.0079, 1.1811 0.6398 0.0079, 1.185 0.6398 0.0, 1.185 0.8366 0.0945, 1.185 0.935 0.0945, 1.1811 0.8366 0.0945, 1.1811 0.935 0.0945, 1.1811 0.935 0.0079, 1.185 0.935 0.0, 1.0728 0.935 0.0079, 1.0728 0.935 0.0, 1.0601 0.9334 0.0, 1.0601 0.9334 0.0079, 1.0482 0.9285 0.0, 1.0482 0.9285 0.0079, 1.038 0.9206 0.0, 1.038 0.9206 0.0079, 1.0302 0.9104 0.0, 1.0302 0.9104 0.0079, 1.0253 0.8986 0.0, 1.0253 0.8986 0.0079, 1.0236 0.8858 0.0, 1.0236 0.8858 0.0079, 1.0253 0.8731 0.0, 1.0253 0.8731 0.0079, 1.0302 0.8612 0.0, 1.0302 0.8612 0.0079, 1.038 0.851 0.0, 1.038 0.851 0.0079, 1.0482 0.8432 0.0, 1.0482 0.8432 0.0079, 1.0601 0.8383 0.0, 1.0601 0.8383 0.0079, 1.0728 0.8366 0.0, 1.0728 0.8366 0.0079, 1.1811 0.8366 0.0079, 1.185 0.8366 0.0, 1.1811 -0.935 0.0945, 1.185 -0.935 0.0945, 1.1811 -0.8366 0.0945, 1.185 -0.8366 0.0945, 1.0728 -0.8366 0.0079, 1.0728 -0.8366 0.0, 1.0601 -0.8383 0.0, 1.0601 -0.8383 0.0079, 1.0482 -0.8432 0.0, 1.0482 -0.8432 0.0079, 1.038 -0.851 0.0, 1.038 -0.851 0.0079, 1.0302 -0.8612 0.0, 1.0302 -0.8612 0.0079, 1.0253 -0.8731 0.0, 1.0253 -0.8731 0.0079, 1.0236 -0.8858 0.0, 1.0236 -0.8858 0.0079, 1.0253 -0.8986 0.0, 1.0253 -0.8986 0.0079, 1.0302 -0.9104 0.0, 1.0302 -0.9104 0.0079, 1.038 -0.9206 0.0, 1.038 -0.9206 0.0079, 1.0482 -0.9284 0.0, 1.0482 -0.9284 0.0079, 1.0601 -0.9334 0.0, 1.0601 -0.9334 0.0079, 1.0728 -0.935 0.0, 1.0728 -0.935 0.0079, 1.1811 -0.935 0.0079, 1.185 -0.935 0.0, 1.1811 -0.8366 0.0079, 1.185 -0.8366 0.0, 1.1811 -0.7382 0.0945, 1.185 -0.7382 0.0945, 1.1811 -0.6398 0.0945, 1.185 -0.6398 0.0945, 1.0728 -0.6398 0.0079, 1.0728 -0.6398 0.0, 1.0601 -0.6414 0.0, 1.0601 -0.6414 0.0079, 1.0482 -0.6463 0.0, 1.0482 -0.6463 0.0079, 1.038 -0.6542 0.0, 1.038 -0.6542 0.0079, 1.0302 -0.6644 0.0, 1.0302 -0.6644 0.0079, 1.0253 -0.6762 0.0, 1.0253 -0.6762 0.0079, 1.0236 -0.689 0.0, 1.0236 -0.689 0.0079, 1.0253 -0.7017 0.0, 1.0253 -0.7017 0.0079, 1.0302 -0.7136 0.0, 1.0302 -0.7136 0.0079, 1.038 -0.7238 0.0, 1.038 -0.7238 0.0079, 1.0482 -0.7316 0.0, 1.0482 -0.7316 0.0079, 1.0601 -0.7365 0.0, 1.0601 -0.7365 0.0079, 1.0728 -0.7382 0.0, 1.0728 -0.7382 0.0079, 1.1811 -0.7382 0.0079, 1.185 -0.7382 0.0, 1.1811 -0.6398 0.0079, 1.185 -0.6398 0.0, 1.1811 -0.5413 0.0945, 1.185 -0.5413 0.0945, 1.1811 -0.4429 0.0945, 1.185 -0.4429 0.0945, 1.0728 -0.4429 0.0079, 1.0728 -0.4429 0.0, 1.0601 -0.4446 0.0, 1.0601 -0.4446 0.0079, 1.0482 -0.4495 0.0, 1.0482 -0.4495 0.0079, 1.038 -0.4573 0.0, 1.038 -0.4573 0.0079, 1.0302 -0.4675 0.0, 1.0302 -0.4675 0.0079, 1.0253 -0.4794 0.0, 1.0253 -0.4794 0.0079, 1.0236 -0.4921 0.0, 1.0236 -0.4921 0.0079, 1.0253 -0.5049 0.0, 1.0253 -0.5049 0.0079, 1.0302 -0.5167 0.0, 1.0302 -0.5167 0.0079, 1.038 -0.5269 0.0, 1.038 -0.5269 0.0079, 1.0482 -0.5347 0.0, 1.0482 -0.5347 0.0079, 1.0601 -0.5397 0.0, 1.0601 -0.5397 0.0079, 1.0728 -0.5413 0.0, 1.0728 -0.5413 0.0079, 1.1811 -0.5413 0.0079, 1.185 -0.5413 0.0, 1.1811 -0.4429 0.0079, 1.185 -0.4429 0.0, 1.1811 -0.3445 0.0945, 1.185 -0.3445 0.0945, 1.1811 -0.2461 0.0945, 1.185 -0.2461 0.0945, 1.0728 -0.2461 0.0079, 1.0728 -0.2461 0.0, 1.0601 -0.2477 0.0, 1.0601 -0.2477 0.0079, 1.0482 -0.2526 0.0, 1.0482 -0.2526 0.0079, 1.038 -0.2605 0.0, 1.038 -0.2605 0.0079, 1.0302 -0.2707 0.0, 1.0302 -0.2707 0.0079, 1.0253 -0.2825 0.0, 1.0253 -0.2825 0.0079, 1.0236 -0.2953 0.0, 1.0236 -0.2953 0.0079, 1.0253 -0.308 0.0, 1.0253 -0.308 0.0079, 1.0302 -0.3199 0.0, 1.0302 -0.3199 0.0079, 1.038 -0.3301 0.0, 1.038 -0.3301 0.0079, 1.0482 -0.3379 0.0, 1.0482 -0.3379 0.0079, 1.0601 -0.3428 0.0, 1.0601 -0.3428 0.0079, 1.0728 -0.3445 0.0, 1.0728 -0.3445 0.0079, 1.1811 -0.3445 0.0079, 1.185 -0.3445 0.0, 1.1811 -0.2461 0.0079, 1.185 -0.2461 0.0, 1.1811 -0.1476 0.0945, 1.185 -0.1476 0.0945, 1.1811 -0.0492 0.0945, 1.185 -0.0492 0.0945, 1.0728 -0.0492 0.0079, 1.0728 -0.0492 0.0, 1.0601 -0.0509 0.0, 1.0601 -0.0509 0.0079, 1.0482 -0.0558 0.0, 1.0482 -0.0558 0.0079, 1.038 -0.0636 0.0, 1.038 -0.0636 0.0079, 1.0302 -0.0738 0.0, 1.0302 -0.0738 0.0079, 1.0253 -0.0857 0.0, 1.0253 -0.0857 0.0079, 1.0236 -0.0984 0.0, 1.0236 -0.0984 0.0079, 1.0253 -0.1112 0.0, 1.0253 -0.1112 0.0079, 1.0302 -0.123 0.0, 1.0302 -0.123 0.0079, 1.038 -0.1332 0.0, 1.038 -0.1332 0.0079, 1.0482 -0.141 0.0, 1.0482 -0.141 0.0079, 1.0601 -0.146 0.0, 1.0601 -0.146 0.0079, 1.0728 -0.1476 0.0, 1.0728 -0.1476 0.0079, 1.1811 -0.1476 0.0079, 1.185 -0.1476 0.0, 1.1811 -0.0492 0.0079, 1.185 -0.0492 0.0, -1.185 -0.0492 0.0945, -1.185 -0.1476 0.0945, -1.1811 -0.0492 0.0945, -1.1811 -0.1476 0.0945, -1.0728 -0.1476 0.0079, -1.0728 -0.1476 0.0, -1.0601 -0.146 0.0, -1.0601 -0.146 0.0079, -1.0482 -0.141 0.0, -1.0482 -0.141 0.0079, -1.038 -0.1332 0.0, -1.038 -0.1332 0.0079, -1.0302 -0.123 0.0, -1.0302 -0.123 0.0079, -1.0253 -0.1112 0.0, -1.0253 -0.1112 0.0079, -1.0236 -0.0984 0.0, -1.0236 -0.0984 0.0079, -1.0253 -0.0857 0.0, -1.0253 -0.0857 0.0079, -1.0302 -0.0738 0.0, -1.0302 -0.0738 0.0079, -1.038 -0.0636 0.0, -1.038 -0.0636 0.0079, -1.0482 -0.0558 0.0, -1.0482 -0.0558 0.0079, -1.0601 -0.0509 0.0, -1.0601 -0.0509 0.0079, -1.0728 -0.0492 0.0, -1.0728 -0.0492 0.0079, -1.1811 -0.0492 0.0079, -1.185 -0.0492 0.0, -1.1811 -0.1476 0.0079, -1.185 -0.1476 0.0, -1.185 -0.2461 0.0945, -1.185 -0.3445 0.0945, -1.1811 -0.2461 0.0945, -1.1811 -0.3445 0.0945, -1.0728 -0.3445 0.0079, -1.0728 -0.3445 0.0, -1.0601 -0.3428 0.0, -1.0601 -0.3428 0.0079, -1.0482 -0.3379 0.0, -1.0482 -0.3379 0.0079, -1.038 -0.3301 0.0, -1.038 -0.3301 0.0079, -1.0302 -0.3199 0.0, -1.0302 -0.3199 0.0079, -1.0253 -0.308 0.0, -1.0253 -0.308 0.0079, -1.0236 -0.2953 0.0, -1.0236 -0.2953 0.0079, -1.0253 -0.2825 0.0, -1.0253 -0.2825 0.0079, -1.0302 -0.2707 0.0, -1.0302 -0.2707 0.0079, -1.038 -0.2605 0.0, -1.038 -0.2605 0.0079, -1.0482 -0.2526 0.0, -1.0482 -0.2526 0.0079, -1.0601 -0.2477 0.0, -1.0601 -0.2477 0.0079, -1.0728 -0.2461 0.0, -1.0728 -0.2461 0.0079, -1.1811 -0.2461 0.0079, -1.185 -0.2461 0.0, -1.1811 -0.3445 0.0079, -1.185 -0.3445 0.0, -1.185 -0.4429 0.0945, -1.185 -0.5413 0.0945, -1.1811 -0.4429 0.0945, -1.1811 -0.5413 0.0945, -1.0728 -0.5413 0.0079, -1.0728 -0.5413 0.0, -1.0601 -0.5397 0.0, -1.0601 -0.5397 0.0079, -1.0482 -0.5347 0.0, -1.0482 -0.5347 0.0079, -1.038 -0.5269 0.0, -1.038 -0.5269 0.0079, -1.0302 -0.5167 0.0, -1.0302 -0.5167 0.0079, -1.0253 -0.5049 0.0, -1.0253 -0.5049 0.0079, -1.0236 -0.4921 0.0, -1.0236 -0.4921 0.0079, -1.0253 -0.4794 0.0, -1.0253 -0.4794 0.0079, -1.0302 -0.4675 0.0, -1.0302 -0.4675 0.0079, -1.038 -0.4573 0.0, -1.038 -0.4573 0.0079, -1.0482 -0.4495 0.0, -1.0482 -0.4495 0.0079, -1.0601 -0.4446 0.0, -1.0601 -0.4446 0.0079, -1.0728 -0.4429 0.0, -1.0728 -0.4429 0.0079, -1.1811 -0.4429 0.0079, -1.185 -0.4429 0.0, -1.1811 -0.5413 0.0079, -1.185 -0.5413 0.0, -1.185 -0.6398 0.0945, -1.185 -0.7382 0.0945, -1.1811 -0.6398 0.0945, -1.1811 -0.7382 0.0945, -1.0728 -0.7382 0.0079, -1.0728 -0.7382 0.0, -1.0601 -0.7365 0.0, -1.0601 -0.7365 0.0079, -1.0482 -0.7316 0.0, -1.0482 -0.7316 0.0079, -1.038 -0.7238 0.0, -1.038 -0.7238 0.0079, -1.0302 -0.7136 0.0, -1.0302 -0.7136 0.0079, -1.0253 -0.7017 0.0, -1.0253 -0.7017 0.0079, -1.0236 -0.689 0.0, -1.0236 -0.689 0.0079, -1.0253 -0.6762 0.0, -1.0253 -0.6762 0.0079, -1.0302 -0.6644 0.0, -1.0302 -0.6644 0.0079, -1.038 -0.6542 0.0, -1.038 -0.6542 0.0079, -1.0482 -0.6463 0.0, -1.0482 -0.6463 0.0079, -1.0601 -0.6414 0.0, -1.0601 -0.6414 0.0079, -1.0728 -0.6398 0.0, -1.0728 -0.6398 0.0079, -1.1811 -0.6398 0.0079, -1.185 -0.6398 0.0, -1.1811 -0.7382 0.0079, -1.185 -0.7382 0.0, -1.185 -0.8366 0.0945, -1.185 -0.935 0.0945, -1.1811 -0.8366 0.0945, -1.1811 -0.935 0.0945, -1.0728 -0.935 0.0079, -1.0728 -0.935 0.0, -1.0601 -0.9334 0.0, -1.0601 -0.9334 0.0079, -1.0482 -0.9284 0.0, -1.0482 -0.9284 0.0079, -1.038 -0.9206 0.0, -1.038 -0.9206 0.0079, -1.0302 -0.9104 0.0, -1.0302 -0.9104 0.0079, -1.0253 -0.8986 0.0, -1.0253 -0.8986 0.0079, -1.0236 -0.8858 0.0, -1.0236 -0.8858 0.0079, -1.0253 -0.8731 0.0, -1.0253 -0.8731 0.0079, -1.0302 -0.8612 0.0, -1.0302 -0.8612 0.0079, -1.038 -0.851 0.0, -1.038 -0.851 0.0079, -1.0482 -0.8432 0.0, -1.0482 -0.8432 0.0079, -1.0601 -0.8383 0.0, -1.0601 -0.8383 0.0079, -1.0728 -0.8366 0.0, -1.0728 -0.8366 0.0079, -1.1811 -0.8366 0.0079, -1.185 -0.8366 0.0, -1.1811 -0.935 0.0079, -1.185 -0.935 0.0, -1.1811 0.935 0.0945, -1.185 0.935 0.0945, -1.1811 0.8366 0.0945, -1.185 0.8366 0.0945, -1.0728 0.8366 0.0079, -1.0728 0.8366 0.0, -1.0601 0.8383 0.0, -1.0601 0.8383 0.0079, -1.0482 0.8432 0.0, -1.0482 0.8432 0.0079, -1.038 0.851 0.0, -1.038 0.851 0.0079, -1.0302 0.8612 0.0, -1.0302 0.8612 0.0079, -1.0253 0.8731 0.0, -1.0253 0.8731 0.0079, -1.0236 0.8858 0.0, -1.0236 0.8858 0.0079, -1.0253 0.8986 0.0, -1.0253 0.8986 0.0079, -1.0302 0.9104 0.0, -1.0302 0.9104 0.0079, -1.038 0.9206 0.0, -1.038 0.9206 0.0079, -1.0482 0.9285 0.0, -1.0482 0.9285 0.0079, -1.0601 0.9334 0.0, -1.0601 0.9334 0.0079, -1.0728 0.935 0.0, -1.0728 0.935 0.0079, -1.1811 0.935 0.0079, -1.185 0.935 0.0, -1.1811 0.8366 0.0079, -1.185 0.8366 0.0, -1.1811 0.7382 0.0945, -1.185 0.7382 0.0945, -1.1811 0.6398 0.0945, -1.185 0.6398 0.0945, -1.0728 0.6398 0.0079, -1.0728 0.6398 0.0, -1.0601 0.6415 0.0, -1.0601 0.6415 0.0079, -1.0482 0.6464 0.0, -1.0482 0.6464 0.0079, -1.038 0.6542 0.0, -1.038 0.6542 0.0079, -1.0302 0.6644 0.0, -1.0302 0.6644 0.0079, -1.0253 0.6762 0.0, -1.0253 0.6762 0.0079, -1.0236 0.689 0.0, -1.0236 0.689 0.0079, -1.0253 0.7017 0.0, -1.0253 0.7017 0.0079, -1.0302 0.7136 0.0, -1.0302 0.7136 0.0079, -1.038 0.7238 0.0, -1.038 0.7238 0.0079, -1.0482 0.7316 0.0, -1.0482 0.7316 0.0079, -1.0601 0.7365 0.0, -1.0601 0.7365 0.0079, -1.0728 0.7382 0.0, -1.0728 0.7382 0.0079, -1.1811 0.7382 0.0079, -1.185 0.7382 0.0, -1.1811 0.6398 0.0079, -1.185 0.6398 0.0, -1.1811 0.5413 0.0945, -1.185 0.5413 0.0945, -1.1811 0.4429 0.0945, -1.185 0.4429 0.0945, -1.0728 0.4429 0.0079, -1.0728 0.4429 0.0, -1.0601 0.4446 0.0, -1.0601 0.4446 0.0079, -1.0482 0.4495 0.0, -1.0482 0.4495 0.0079, -1.038 0.4573 0.0, -1.038 0.4573 0.0079, -1.0302 0.4675 0.0, -1.0302 0.4675 0.0079, -1.0253 0.4794 0.0, -1.0253 0.4794 0.0079, -1.0236 0.4921 0.0, -1.0236 0.4921 0.0079, -1.0253 0.5049 0.0, -1.0253 0.5049 0.0079, -1.0302 0.5167 0.0, -1.0302 0.5167 0.0079, -1.038 0.5269 0.0, -1.038 0.5269 0.0079, -1.0482 0.5348 0.0, -1.0482 0.5348 0.0079, -1.0601 0.5397 0.0, -1.0601 0.5397 0.0079, -1.0728 0.5413 0.0, -1.0728 0.5413 0.0079, -1.1811 0.5413 0.0079, -1.185 0.5413 0.0, -1.1811 0.4429 0.0079, -1.185 0.4429 0.0, -1.1811 0.3445 0.0945, -1.185 0.3445 0.0945, -1.1811 0.2461 0.0945, -1.185 0.2461 0.0945, -1.0728 0.2461 0.0079, -1.0728 0.2461 0.0, -1.0601 0.2477 0.0, -1.0601 0.2477 0.0079, -1.0482 0.2527 0.0, -1.0482 0.2527 0.0079, -1.038 0.2605 0.0, -1.038 0.2605 0.0079, -1.0302 0.2707 0.0, -1.0302 0.2707 0.0079, -1.0253 0.2825 0.0, -1.0253 0.2825 0.0079, -1.0236 0.2953 0.0, -1.0236 0.2953 0.0079, -1.0253 0.308 0.0, -1.0253 0.308 0.0079, -1.0302 0.3199 0.0, -1.0302 0.3199 0.0079, -1.038 0.3301 0.0, -1.038 0.3301 0.0079, -1.0482 0.3379 0.0, -1.0482 0.3379 0.0079, -1.0601 0.3428 0.0, -1.0601 0.3428 0.0079, -1.0728 0.3445 0.0, -1.0728 0.3445 0.0079, -1.1811 0.3445 0.0079, -1.185 0.3445 0.0, -1.1811 0.2461 0.0079, -1.185 0.2461 0.0, -1.1811 0.1476 0.0945, -1.185 0.1476 0.0945, -1.1811 0.0492 0.0945, -1.185 0.0492 0.0945, -1.0728 0.0492 0.0079, -1.0728 0.0492 0.0, -1.0601 0.0509 0.0, -1.0601 0.0509 0.0079, -1.0482 0.0558 0.0, -1.0482 0.0558 0.0079, -1.038 0.0636 0.0, -1.038 0.0636 0.0079, -1.0302 0.0738 0.0, -1.0302 0.0738 0.0079, -1.0253 0.0857 0.0, -1.0253 0.0857 0.0079, -1.0236 0.0984 0.0, -1.0236 0.0984 0.0079, -1.0253 0.1112 0.0, -1.0253 0.1112 0.0079, -1.0302 0.123 0.0, -1.0302 0.123 0.0079, -1.038 0.1332 0.0, -1.038 0.1332 0.0079, -1.0482 0.1411 0.0, -1.0482 0.1411 0.0079, -1.0601 0.146 0.0, -1.0601 0.146 0.0079, -1.0728 0.1476 0.0, -1.0728 0.1476 0.0079, -1.1811 0.1476 0.0079, -1.185 0.1476 0.0, -1.1811 0.0492 0.0079, -1.185 0.0492 0.0, -0.8366 1.1811 0.0945, -0.8366 1.185 0.0945, -0.935 1.1811 0.0945, -0.935 1.185 0.0945, -0.935 1.0728 0.0079, -0.935 1.0728 0.0, -0.9334 1.0601 0.0, -0.9334 1.0601 0.0079, -0.9285 1.0482 0.0, -0.9285 1.0482 0.0079, -0.9206 1.038 0.0, -0.9206 1.038 0.0079, -0.9104 1.0302 0.0, -0.9104 1.0302 0.0079, -0.8986 1.0253 0.0, -0.8986 1.0253 0.0079, -0.8858 1.0236 0.0, -0.8858 1.0236 0.0079, -0.8731 1.0253 0.0, -0.8731 1.0253 0.0079, -0.8612 1.0302 0.0, -0.8612 1.0302 0.0079, -0.851 1.038 0.0, -0.851 1.038 0.0079, -0.8432 1.0482 0.0, -0.8432 1.0482 0.0079, -0.8383 1.0601 0.0, -0.8383 1.0601 0.0079, -0.8366 1.0728 0.0, -0.8366 1.0728 0.0079, -0.8366 1.1811 0.0079, -0.8366 1.185 0.0, -0.935 1.1811 0.0079, -0.935 1.185 0.0, 0.935 1.185 0.0945, 0.8366 1.185 0.0945, 0.935 1.1811 0.0945, 0.8366 1.1811 0.0945, 0.8366 1.0728 0.0079, 0.8366 1.0728 0.0, 0.8383 1.0601 0.0, 0.8383 1.0601 0.0079, 0.8432 1.0482 0.0, 0.8432 1.0482 0.0079, 0.851 1.038 0.0, 0.851 1.038 0.0079, 0.8612 1.0302 0.0, 0.8612 1.0302 0.0079, 0.8731 1.0253 0.0, 0.8731 1.0253 0.0079, 0.8858 1.0236 0.0, 0.8858 1.0236 0.0079, 0.8986 1.0253 0.0, 0.8986 1.0253 0.0079, 0.9104 1.0302 0.0, 0.9104 1.0302 0.0079, 0.9206 1.038 0.0, 0.9206 1.038 0.0079, 0.9284 1.0482 0.0, 0.9284 1.0482 0.0079, 0.9334 1.0601 0.0, 0.9334 1.0601 0.0079, 0.935 1.0728 0.0, 0.935 1.0728 0.0079, 0.935 1.1811 0.0079, 0.935 1.185 0.0, 0.8366 1.1811 0.0079, 0.8366 1.185 0.0, 0.3445 1.185 0.0945, 0.2461 1.185 0.0945, 0.3445 1.1811 0.0945, 0.2461 1.1811 0.0945, 0.2461 1.0728 0.0079, 0.2461 1.0728 0.0, 0.2477 1.0601 0.0, 0.2477 1.0601 0.0079, 0.2526 1.0482 0.0, 0.2526 1.0482 0.0079, 0.2605 1.038 0.0, 0.2605 1.038 0.0079, 0.2707 1.0302 0.0, 0.2707 1.0302 0.0079, 0.2825 1.0253 0.0, 0.2825 1.0253 0.0079, 0.2953 1.0236 0.0, 0.2953 1.0236 0.0079, 0.308 1.0253 0.0, 0.308 1.0253 0.0079, 0.3199 1.0302 0.0, 0.3199 1.0302 0.0079, 0.3301 1.038 0.0, 0.3301 1.038 0.0079, 0.3379 1.0482 0.0, 0.3379 1.0482 0.0079, 0.3428 1.0601 0.0, 0.3428 1.0601 0.0079, 0.3445 1.0728 0.0, 0.3445 1.0728 0.0079, 0.3445 1.1811 0.0079, 0.3445 1.185 0.0, 0.2461 1.1811 0.0079, 0.2461 1.185 0.0, 0.5413 1.185 0.0945, 0.4429 1.185 0.0945, 0.5413 1.1811 0.0945, 0.4429 1.1811 0.0945, 0.4429 1.0728 0.0079, 0.4429 1.0728 0.0, 0.4446 1.0601 0.0, 0.4446 1.0601 0.0079, 0.4495 1.0482 0.0, 0.4495 1.0482 0.0079, 0.4573 1.038 0.0, 0.4573 1.038 0.0079, 0.4675 1.0302 0.0, 0.4675 1.0302 0.0079, 0.4794 1.0253 0.0, 0.4794 1.0253 0.0079, 0.4921 1.0236 0.0, 0.4921 1.0236 0.0079, 0.5049 1.0253 0.0, 0.5049 1.0253 0.0079, 0.5167 1.0302 0.0, 0.5167 1.0302 0.0079, 0.5269 1.038 0.0, 0.5269 1.038 0.0079, 0.5347 1.0482 0.0, 0.5347 1.0482 0.0079, 0.5397 1.0601 0.0, 0.5397 1.0601 0.0079, 0.5413 1.0728 0.0, 0.5413 1.0728 0.0079, 0.5413 1.1811 0.0079, 0.5413 1.185 0.0, 0.4429 1.1811 0.0079, 0.4429 1.185 0.0, 0.7382 1.185 0.0945, 0.6398 1.185 0.0945, 0.7382 1.1811 0.0945, 0.6398 1.1811 0.0945, 0.6398 1.0728 0.0079, 0.6398 1.0728 0.0, 0.6414 1.0601 0.0, 0.6414 1.0601 0.0079, 0.6463 1.0482 0.0, 0.6463 1.0482 0.0079, 0.6542 1.038 0.0, 0.6542 1.038 0.0079, 0.6644 1.0302 0.0, 0.6644 1.0302 0.0079, 0.6762 1.0253 0.0, 0.6762 1.0253 0.0079, 0.689 1.0236 0.0, 0.689 1.0236 0.0079, 0.7017 1.0253 0.0, 0.7017 1.0253 0.0079, 0.7136 1.0302 0.0, 0.7136 1.0302 0.0079, 0.7238 1.038 0.0, 0.7238 1.038 0.0079, 0.7316 1.0482 0.0, 0.7316 1.0482 0.0079, 0.7365 1.0601 0.0, 0.7365 1.0601 0.0079, 0.7382 1.0728 0.0, 0.7382 1.0728 0.0079, 0.7382 1.1811 0.0079, 0.7382 1.185 0.0, 0.6398 1.1811 0.0079, 0.6398 1.185 0.0, -0.4429 1.1811 0.0945, -0.4429 1.185 0.0945, -0.5413 1.1811 0.0945, -0.5413 1.185 0.0945, -0.5413 1.0728 0.0079, -0.5413 1.0728 0.0, -0.5399 1.0611 0.0, -0.5399 1.0611 0.0079, -0.5357 1.05 0.0, -0.5357 1.05 0.0079, -0.529 1.0402 0.0, -0.529 1.0402 0.0079, -0.5201 1.0323 0.0, -0.5201 1.0323 0.0079, -0.5096 1.0268 0.0, -0.5096 1.0268 0.0079, -0.4981 1.024 0.0, -0.4981 1.024 0.0079, -0.4862 1.024 0.0, -0.4862 1.024 0.0079, -0.4747 1.0268 0.0, -0.4747 1.0268 0.0079, -0.4642 1.0323 0.0, -0.4642 1.0323 0.0079, -0.4553 1.0402 0.0, -0.4553 1.0402 0.0079, -0.4486 1.05 0.0, -0.4486 1.05 0.0079, -0.4444 1.0611 0.0, -0.4444 1.0611 0.0079, -0.4429 1.0728 0.0, -0.4429 1.0728 0.0079, -0.4429 1.1811 0.0079, -0.4429 1.185 0.0, -0.5413 1.1811 0.0079, -0.5413 1.185 0.0, -0.2461 1.1811 0.0945, -0.2461 1.185 0.0945, -0.3445 1.1811 0.0945, -0.3445 1.185 0.0945, -0.3445 1.0728 0.0079, -0.3445 1.0728 0.0, -0.3431 1.0611 0.0, -0.3431 1.0611 0.0079, -0.3389 1.05 0.0, -0.3389 1.05 0.0079, -0.3321 1.0402 0.0, -0.3321 1.0402 0.0079, -0.3232 1.0323 0.0, -0.3232 1.0323 0.0079, -0.3127 1.0268 0.0, -0.3127 1.0268 0.0079, -0.3012 1.024 0.0, -0.3012 1.024 0.0079, -0.2894 1.024 0.0, -0.2894 1.024 0.0079, -0.2778 1.0268 0.0, -0.2778 1.0268 0.0079, -0.2673 1.0323 0.0, -0.2673 1.0323 0.0079, -0.2584 1.0402 0.0, -0.2584 1.0402 0.0079, -0.2517 1.05 0.0, -0.2517 1.05 0.0079, -0.2475 1.0611 0.0, -0.2475 1.0611 0.0079, -0.2461 1.0728 0.0, -0.2461 1.0728 0.0079, -0.2461 1.1811 0.0079, -0.2461 1.185 0.0, -0.3445 1.1811 0.0079, -0.3445 1.185 0.0, -0.0492 1.1811 0.0945, -0.0492 1.185 0.0945, -0.1476 1.1811 0.0945, -0.1476 1.185 0.0945, -0.1476 1.0728 0.0079, -0.1476 1.0728 0.0, -0.146 1.0601 0.0, -0.146 1.0601 0.0079, -0.1411 1.0482 0.0, -0.1411 1.0482 0.0079, -0.1332 1.038 0.0, -0.1332 1.038 0.0079, -0.123 1.0302 0.0, -0.123 1.0302 0.0079, -0.1112 1.0253 0.0, -0.1112 1.0253 0.0079, -0.0984 1.0236 0.0, -0.0984 1.0236 0.0079, -0.0857 1.0253 0.0, -0.0857 1.0253 0.0079, -0.0738 1.0302 0.0, -0.0738 1.0302 0.0079, -0.0636 1.038 0.0, -0.0636 1.038 0.0079, -0.0558 1.0482 0.0, -0.0558 1.0482 0.0079, -0.0509 1.0601 0.0, -0.0509 1.0601 0.0079, -0.0492 1.0728 0.0, -0.0492 1.0728 0.0079, -0.0492 1.1811 0.0079, -0.0492 1.185 0.0, -0.1476 1.1811 0.0079, -0.1476 1.185 0.0, -0.935 -1.185 0.0945, -0.8366 -1.185 0.0945, -0.935 -1.1811 0.0945, -0.8366 -1.1811 0.0945, -0.8366 -1.0728 0.0079, -0.8366 -1.0728 0.0, -0.8383 -1.0601 0.0, -0.8383 -1.0601 0.0079, -0.8432 -1.0482 0.0, -0.8432 -1.0482 0.0079, -0.851 -1.038 0.0, -0.851 -1.038 0.0079, -0.8612 -1.0302 0.0, -0.8612 -1.0302 0.0079, -0.8731 -1.0253 0.0, -0.8731 -1.0253 0.0079, -0.8858 -1.0236 0.0, -0.8858 -1.0236 0.0079, -0.8986 -1.0253 0.0, -0.8986 -1.0253 0.0079, -0.9104 -1.0302 0.0, -0.9104 -1.0302 0.0079, -0.9206 -1.038 0.0, -0.9206 -1.038 0.0079, -0.9285 -1.0482 0.0, -0.9285 -1.0482 0.0079, -0.9334 -1.0601 0.0, -0.9334 -1.0601 0.0079, -0.935 -1.0728 0.0, -0.935 -1.0728 0.0079, -0.935 -1.1811 0.0079, -0.935 -1.185 0.0, -0.8366 -1.1811 0.0079, -0.8366 -1.185 0.0, 0.8366 -1.1811 0.0945, 0.8366 -1.185 0.0945, 0.935 -1.1811 0.0945, 0.935 -1.185 0.0945, 0.935 -1.0728 0.0079, 0.935 -1.0728 0.0, 0.9334 -1.0601 0.0, 0.9334 -1.0601 0.0079, 0.9284 -1.0482 0.0, 0.9284 -1.0482 0.0079, 0.9206 -1.038 0.0, 0.9206 -1.038 0.0079, 0.9104 -1.0302 0.0, 0.9104 -1.0302 0.0079, 0.8986 -1.0253 0.0, 0.8986 -1.0253 0.0079, 0.8858 -1.0236 0.0, 0.8858 -1.0236 0.0079, 0.8731 -1.0253 0.0, 0.8731 -1.0253 0.0079, 0.8612 -1.0302 0.0, 0.8612 -1.0302 0.0079, 0.851 -1.038 0.0, 0.851 -1.038 0.0079, 0.8432 -1.0482 0.0, 0.8432 -1.0482 0.0079, 0.8383 -1.0601 0.0, 0.8383 -1.0601 0.0079, 0.8366 -1.0728 0.0, 0.8366 -1.0728 0.0079, 0.8366 -1.1811 0.0079, 0.8366 -1.185 0.0, 0.935 -1.1811 0.0079, 0.935 -1.185 0.0, -0.7382 -1.185 0.0945, -0.6398 -1.185 0.0945, -0.7382 -1.1811 0.0945, -0.6398 -1.1811 0.0945, -0.6398 -1.0728 0.0079, -0.6398 -1.0728 0.0, -0.6415 -1.0601 0.0, -0.6415 -1.0601 0.0079, -0.6464 -1.0482 0.0, -0.6464 -1.0482 0.0079, -0.6542 -1.038 0.0, -0.6542 -1.038 0.0079, -0.6644 -1.0302 0.0, -0.6644 -1.0302 0.0079, -0.6762 -1.0253 0.0, -0.6762 -1.0253 0.0079, -0.689 -1.0236 0.0, -0.689 -1.0236 0.0079, -0.7017 -1.0253 0.0, -0.7017 -1.0253 0.0079, -0.7136 -1.0302 0.0, -0.7136 -1.0302 0.0079, -0.7238 -1.038 0.0, -0.7238 -1.038 0.0079, -0.7316 -1.0482 0.0, -0.7316 -1.0482 0.0079, -0.7365 -1.0601 0.0, -0.7365 -1.0601 0.0079, -0.7382 -1.0728 0.0, -0.7382 -1.0728 0.0079, -0.7382 -1.1811 0.0079, -0.7382 -1.185 0.0, -0.6398 -1.1811 0.0079, -0.6398 -1.185 0.0, -0.7284 0.7284 0.0079, -0.1763 0.7284 0.0079, -0.7284 0.7284 0.0, -0.1652 0.7284 0.0079, 0.7283 0.7284 0.0, -0.1278 0.7284 0.0079, -0.1168 0.7284 0.0079, -0.0974 0.7284 0.0079, -0.0846 0.7284 0.0079, -0.0525 0.7284 0.0079, -0.042 0.7284 0.0079, 0.0051 0.7284 0.0079, 0.0156 0.7284 0.0079, 0.0705 0.7284 0.0079, 0.0837 0.7284 0.0079, 0.1261 0.7284 0.0079, 0.1366 0.7284 0.0079, 0.7283 0.7284 0.0079, -0.7284 -0.6102 0.0, -0.7284 -0.6102 0.0079, -0.6102 -0.7283 0.0, -0.6102 -0.7283 0.0079, 0.7283 -0.7283 0.0, 0.7283 -0.7283 0.0079
            ]
        }
        coordIndex [
            0,1,2,-1,2,1,3,-1,4,5,6,-1,4,6,7,-1,7,6,8,-1,7,8,9,-1,9,8,10,-1,9,10,11,-1,11,10,12,-1,11,12,13,-1,13,12,14,-1,13,14,15,-1,15,14,16,-1,15,16,17,-1,17,16,18,-1,17,18,19,-1,19,18,20,-1,19,20,21,-1,21,20,22,-1,21,22,23,-1,23,22,24,-1,23,24,25,-1,25,24,26,-1,25,26,27,-1,27,26,28,-1,27,28,29,-1,29,28,30,-1,30,28,31,-1,30,31,2,-1,2,31,0,-1,3,1,32,-1,32,1,33,-1,32,33,4,-1,4,33,5,-1,33,1,31,-1,31,1,0,-1,33,31,5,-1,5,31,28,-1,5,28,26,-1,20,18,5,-1,5,18,16,-1,5,16,14,-1,26,24,5,-1,5,24,22,-1,5,22,20,-1,14,12,10,-1,10,8,14,-1,14,8,6,-1,14,6,5,-1,34,35,36,-1,36,35,37,-1,38,39,40,-1,38,40,41,-1,41,40,42,-1,41,42,43,-1,43,42,44,-1,43,44,45,-1,45,44,46,-1,45,46,47,-1,47,46,48,-1,47,48,49,-1,49,48,50,-1,49,50,51,-1,51,50,52,-1,51,52,53,-1,53,52,54,-1,53,54,55,-1,55,54,56,-1,55,56,57,-1,57,56,58,-1,57,58,59,-1,59,58,60,-1,59,60,61,-1,61,60,62,-1,61,62,63,-1,63,62,64,-1,64,62,65,-1,64,65,34,-1,34,65,35,-1,36,37,66,-1,66,37,67,-1,66,67,38,-1,38,67,39,-1,67,37,65,-1,65,37,35,-1,39,67,65,-1,65,62,39,-1,39,62,60,-1,39,60,58,-1,58,56,39,-1,39,56,54,-1,39,54,52,-1,42,48,44,-1,44,48,46,-1,52,50,39,-1,39,50,48,-1,39,48,40,-1,40,48,42,-1,68,69,70,-1,70,69,71,-1,72,73,74,-1,72,74,75,-1,75,74,76,-1,75,76,77,-1,77,76,78,-1,77,78,79,-1,79,78,80,-1,79,80,81,-1,81,80,82,-1,81,82,83,-1,83,82,84,-1,83,84,85,-1,85,84,86,-1,85,86,87,-1,87,86,88,-1,87,88,89,-1,89,88,90,-1,89,90,91,-1,91,90,92,-1,91,92,93,-1,93,92,94,-1,93,94,95,-1,95,94,96,-1,95,96,97,-1,97,96,98,-1,98,96,99,-1,98,99,70,-1,70,99,68,-1,71,69,100,-1,100,69,101,-1,100,101,72,-1,72,101,73,-1,101,69,99,-1,99,69,68,-1,101,99,73,-1,73,99,96,-1,73,96,94,-1,88,86,73,-1,73,86,84,-1,73,84,82,-1,94,92,73,-1,73,92,90,-1,73,90,88,-1,82,80,78,-1,78,76,82,-1,82,76,74,-1,82,74,73,-1,102,103,104,-1,104,103,105,-1,106,107,108,-1,106,108,109,-1,109,108,110,-1,109,110,111,-1,111,110,112,-1,111,112,113,-1,113,112,114,-1,113,114,115,-1,115,114,116,-1,115,116,117,-1,117,116,118,-1,117,118,119,-1,119,118,120,-1,119,120,121,-1,121,120,122,-1,121,122,123,-1,123,122,124,-1,123,124,125,-1,125,124,126,-1,125,126,127,-1,127,126,128,-1,127,128,129,-1,129,128,130,-1,129,130,131,-1,131,130,132,-1,132,130,133,-1,132,133,104,-1,104,133,102,-1,105,103,134,-1,134,103,135,-1,134,135,106,-1,106,135,107,-1,135,103,133,-1,133,103,102,-1,116,114,130,-1,130,114,112,-1,130,112,110,-1,128,120,130,-1,130,120,118,-1,130,118,116,-1,128,126,120,-1,120,126,124,-1,120,124,122,-1,135,133,107,-1,107,133,130,-1,107,130,108,-1,108,130,110,-1,136,137,138,-1,138,137,139,-1,140,141,142,-1,140,142,143,-1,143,142,144,-1,143,144,145,-1,145,144,146,-1,145,146,147,-1,147,146,148,-1,147,148,149,-1,149,148,150,-1,149,150,151,-1,151,150,152,-1,151,152,153,-1,153,152,154,-1,153,154,155,-1,155,154,156,-1,155,156,157,-1,157,156,158,-1,157,158,159,-1,159,158,160,-1,159,160,161,-1,161,160,162,-1,161,162,163,-1,163,162,164,-1,163,164,165,-1,165,164,166,-1,166,164,167,-1,166,167,138,-1,138,167,136,-1,139,137,168,-1,168,137,169,-1,168,169,140,-1,140,169,141,-1,169,137,167,-1,167,137,136,-1,141,169,167,-1,167,164,141,-1,141,164,162,-1,141,162,160,-1,160,158,141,-1,141,158,156,-1,141,156,154,-1,144,150,146,-1,146,150,148,-1,154,152,141,-1,141,152,150,-1,141,150,142,-1,142,150,144,-1,170,171,172,-1,172,171,173,-1,174,175,176,-1,174,176,177,-1,177,176,178,-1,177,178,179,-1,179,178,180,-1,179,180,181,-1,181,180,182,-1,181,182,183,-1,183,182,184,-1,183,184,185,-1,185,184,186,-1,185,186,187,-1,187,186,188,-1,187,188,189,-1,189,188,190,-1,189,190,191,-1,191,190,192,-1,191,192,193,-1,193,192,194,-1,193,194,195,-1,195,194,196,-1,195,196,197,-1,197,196,198,-1,197,198,199,-1,199,198,200,-1,200,198,201,-1,200,201,170,-1,170,201,171,-1,172,173,202,-1,202,173,203,-1,202,203,174,-1,174,203,175,-1,203,173,201,-1,201,173,171,-1,203,201,175,-1,175,201,198,-1,198,196,175,-1,175,196,194,-1,175,194,176,-1,194,192,190,-1,194,184,182,-1,190,188,194,-1,194,188,186,-1,194,186,184,-1,182,180,194,-1,194,180,178,-1,194,178,176,-1,204,205,206,-1,206,205,207,-1,208,209,210,-1,208,210,211,-1,211,210,212,-1,211,212,213,-1,213,212,214,-1,213,214,215,-1,215,214,216,-1,215,216,217,-1,217,216,218,-1,217,218,219,-1,219,218,220,-1,219,220,221,-1,221,220,222,-1,221,222,223,-1,223,222,224,-1,223,224,225,-1,225,224,226,-1,225,226,227,-1,227,226,228,-1,227,228,229,-1,229,228,230,-1,229,230,231,-1,231,230,232,-1,231,232,233,-1,233,232,234,-1,234,232,235,-1,234,235,204,-1,204,235,205,-1,206,207,236,-1,236,207,237,-1,236,237,208,-1,208,237,209,-1,237,207,235,-1,235,207,205,-1,218,216,232,-1,232,216,214,-1,232,214,212,-1,230,222,232,-1,232,222,220,-1,232,220,218,-1,230,228,222,-1,222,228,226,-1,222,226,224,-1,237,235,209,-1,209,235,232,-1,209,232,210,-1,210,232,212,-1,238,239,240,-1,240,239,241,-1,242,243,244,-1,242,244,245,-1,245,244,246,-1,245,246,247,-1,247,246,248,-1,247,248,249,-1,249,248,250,-1,249,250,251,-1,251,250,252,-1,251,252,253,-1,253,252,254,-1,253,254,255,-1,255,254,256,-1,255,256,257,-1,257,256,258,-1,257,258,259,-1,259,258,260,-1,259,260,261,-1,261,260,262,-1,261,262,263,-1,263,262,264,-1,263,264,265,-1,265,264,266,-1,265,266,267,-1,267,266,268,-1,268,266,269,-1,268,269,238,-1,238,269,239,-1,240,241,270,-1,270,241,271,-1,270,271,242,-1,242,271,243,-1,271,241,269,-1,269,241,239,-1,243,271,269,-1,269,266,243,-1,243,266,264,-1,243,264,262,-1,262,260,243,-1,243,260,258,-1,243,258,256,-1,256,254,243,-1,243,254,252,-1,243,252,250,-1,250,248,243,-1,243,248,246,-1,243,246,244,-1,272,273,274,-1,274,273,275,-1,276,277,278,-1,276,278,279,-1,279,278,280,-1,279,280,281,-1,281,280,282,-1,281,282,283,-1,283,282,284,-1,283,284,285,-1,285,284,286,-1,285,286,287,-1,287,286,288,-1,287,288,289,-1,289,288,290,-1,289,290,291,-1,291,290,292,-1,291,292,293,-1,293,292,294,-1,293,294,295,-1,295,294,296,-1,295,296,297,-1,297,296,298,-1,297,298,299,-1,299,298,300,-1,299,300,301,-1,301,300,302,-1,302,300,303,-1,302,303,272,-1,272,303,273,-1,274,275,304,-1,304,275,305,-1,304,305,276,-1,276,305,277,-1,305,275,303,-1,303,275,273,-1,277,305,303,-1,303,300,277,-1,277,300,298,-1,277,298,296,-1,296,294,277,-1,277,294,292,-1,277,292,290,-1,280,286,282,-1,282,286,284,-1,290,288,277,-1,277,288,286,-1,277,286,278,-1,278,286,280,-1,306,307,308,-1,308,307,309,-1,309,307,310,-1,310,307,311,-1,310,311,312,-1,312,311,313,-1,312,313,314,-1,312,314,315,-1,315,314,316,-1,315,316,317,-1,317,316,318,-1,317,318,319,-1,319,318,320,-1,319,320,321,-1,321,320,322,-1,321,322,323,-1,323,322,324,-1,323,324,325,-1,325,324,326,-1,325,326,327,-1,327,326,328,-1,327,328,329,-1,329,328,330,-1,329,330,331,-1,331,330,332,-1,331,332,333,-1,333,332,334,-1,333,334,335,-1,335,334,336,-1,335,336,337,-1,337,336,338,-1,338,336,339,-1,338,339,308,-1,308,339,306,-1,311,307,339,-1,339,307,306,-1,311,339,313,-1,313,339,336,-1,336,334,313,-1,313,334,332,-1,313,332,330,-1,330,328,313,-1,313,328,326,-1,313,326,324,-1,320,318,322,-1,322,318,316,-1,322,316,324,-1,324,316,314,-1,324,314,313,-1,340,341,342,-1,342,341,343,-1,343,341,344,-1,344,341,345,-1,344,345,346,-1,346,345,347,-1,346,347,348,-1,346,348,349,-1,349,348,350,-1,349,350,351,-1,351,350,352,-1,351,352,353,-1,353,352,354,-1,353,354,355,-1,355,354,356,-1,355,356,357,-1,357,356,358,-1,357,358,359,-1,359,358,360,-1,359,360,361,-1,361,360,362,-1,361,362,363,-1,363,362,364,-1,363,364,365,-1,365,364,366,-1,365,366,367,-1,367,366,368,-1,367,368,369,-1,369,368,370,-1,369,370,371,-1,371,370,372,-1,372,370,373,-1,372,373,342,-1,342,373,340,-1,345,341,373,-1,373,341,340,-1,347,345,373,-1,360,358,347,-1,373,370,347,-1,347,370,368,-1,347,368,366,-1,366,364,347,-1,347,364,362,-1,347,362,360,-1,354,352,356,-1,356,352,350,-1,356,350,358,-1,358,350,348,-1,358,348,347,-1,374,375,376,-1,376,375,377,-1,377,375,378,-1,378,375,379,-1,378,379,380,-1,380,379,381,-1,380,381,382,-1,380,382,383,-1,383,382,384,-1,383,384,385,-1,385,384,386,-1,385,386,387,-1,387,386,388,-1,387,388,389,-1,389,388,390,-1,389,390,391,-1,391,390,392,-1,391,392,393,-1,393,392,394,-1,393,394,395,-1,395,394,396,-1,395,396,397,-1,397,396,398,-1,397,398,399,-1,399,398,400,-1,399,400,401,-1,401,400,402,-1,401,402,403,-1,403,402,404,-1,403,404,405,-1,405,404,406,-1,406,404,407,-1,406,407,376,-1,376,407,374,-1,379,375,407,-1,407,375,374,-1,379,407,381,-1,381,407,404,-1,404,402,381,-1,381,402,400,-1,381,400,398,-1,388,386,384,-1,398,396,381,-1,381,396,394,-1,381,394,392,-1,392,390,381,-1,381,390,388,-1,381,388,382,-1,382,388,384,-1,408,409,410,-1,410,409,411,-1,411,409,412,-1,412,409,413,-1,412,413,414,-1,414,413,415,-1,414,415,416,-1,414,416,417,-1,417,416,418,-1,417,418,419,-1,419,418,420,-1,419,420,421,-1,421,420,422,-1,421,422,423,-1,423,422,424,-1,423,424,425,-1,425,424,426,-1,425,426,427,-1,427,426,428,-1,427,428,429,-1,429,428,430,-1,429,430,431,-1,431,430,432,-1,431,432,433,-1,433,432,434,-1,433,434,435,-1,435,434,436,-1,435,436,437,-1,437,436,438,-1,437,438,439,-1,439,438,440,-1,440,438,441,-1,440,441,410,-1,410,441,408,-1,413,409,441,-1,441,409,408,-1,413,441,415,-1,415,441,438,-1,438,436,415,-1,415,436,434,-1,415,434,432,-1,422,420,418,-1,432,430,415,-1,415,430,428,-1,415,428,426,-1,426,424,415,-1,415,424,422,-1,415,422,416,-1,416,422,418,-1,442,443,444,-1,444,443,445,-1,445,443,446,-1,446,443,447,-1,446,447,448,-1,448,447,449,-1,448,449,450,-1,448,450,451,-1,451,450,452,-1,451,452,453,-1,453,452,454,-1,453,454,455,-1,455,454,456,-1,455,456,457,-1,457,456,458,-1,457,458,459,-1,459,458,460,-1,459,460,461,-1,461,460,462,-1,461,462,463,-1,463,462,464,-1,463,464,465,-1,465,464,466,-1,465,466,467,-1,467,466,468,-1,467,468,469,-1,469,468,470,-1,469,470,471,-1,471,470,472,-1,471,472,473,-1,473,472,474,-1,474,472,475,-1,474,475,444,-1,444,475,442,-1,447,443,475,-1,475,443,442,-1,447,475,449,-1,449,475,472,-1,462,460,472,-1,468,466,464,-1,454,452,472,-1,472,452,450,-1,472,450,449,-1,460,458,472,-1,472,458,456,-1,472,456,454,-1,462,472,464,-1,464,472,470,-1,464,470,468,-1,476,477,478,-1,478,477,479,-1,480,481,482,-1,480,482,483,-1,483,482,484,-1,483,484,485,-1,485,484,486,-1,485,486,487,-1,487,486,488,-1,487,488,489,-1,489,488,490,-1,489,490,491,-1,491,490,492,-1,491,492,493,-1,493,492,494,-1,493,494,495,-1,495,494,496,-1,495,496,497,-1,497,496,498,-1,497,498,499,-1,499,498,500,-1,499,500,501,-1,501,500,502,-1,501,502,503,-1,503,502,504,-1,503,504,505,-1,505,504,506,-1,506,504,507,-1,506,507,476,-1,476,507,477,-1,478,479,508,-1,508,479,509,-1,508,509,480,-1,480,509,481,-1,509,479,507,-1,507,479,477,-1,509,507,481,-1,481,507,504,-1,494,492,504,-1,486,484,504,-1,504,484,482,-1,504,482,481,-1,504,502,500,-1,492,490,504,-1,504,490,488,-1,504,488,486,-1,500,498,504,-1,504,498,496,-1,504,496,494,-1,510,511,512,-1,512,511,513,-1,514,515,516,-1,514,516,517,-1,517,516,518,-1,517,518,519,-1,519,518,520,-1,519,520,521,-1,521,520,522,-1,521,522,523,-1,523,522,524,-1,523,524,525,-1,525,524,526,-1,525,526,527,-1,527,526,528,-1,527,528,529,-1,529,528,530,-1,529,530,531,-1,531,530,532,-1,531,532,533,-1,533,532,534,-1,533,534,535,-1,535,534,536,-1,535,536,537,-1,537,536,538,-1,537,538,539,-1,539,538,540,-1,540,538,541,-1,540,541,510,-1,510,541,511,-1,512,513,542,-1,542,513,543,-1,542,543,514,-1,514,543,515,-1,543,513,541,-1,541,513,511,-1,543,541,515,-1,515,541,538,-1,538,536,515,-1,515,536,534,-1,515,534,532,-1,522,520,518,-1,532,530,515,-1,515,530,528,-1,515,528,526,-1,526,524,515,-1,515,524,522,-1,515,522,516,-1,516,522,518,-1,544,545,546,-1,546,545,547,-1,548,549,550,-1,548,550,551,-1,551,550,552,-1,551,552,553,-1,553,552,554,-1,553,554,555,-1,555,554,556,-1,555,556,557,-1,557,556,558,-1,557,558,559,-1,559,558,560,-1,559,560,561,-1,561,560,562,-1,561,562,563,-1,563,562,564,-1,563,564,565,-1,565,564,566,-1,565,566,567,-1,567,566,568,-1,567,568,569,-1,569,568,570,-1,569,570,571,-1,571,570,572,-1,571,572,573,-1,573,572,574,-1,574,572,575,-1,574,575,544,-1,544,575,545,-1,546,547,576,-1,576,547,577,-1,576,577,548,-1,548,577,549,-1,577,547,575,-1,575,547,545,-1,577,575,549,-1,549,575,572,-1,572,570,549,-1,549,570,568,-1,549,568,566,-1,556,554,552,-1,566,564,549,-1,549,564,562,-1,549,562,560,-1,560,558,549,-1,549,558,556,-1,549,556,550,-1,550,556,552,-1,578,579,580,-1,580,579,581,-1,582,583,584,-1,582,584,585,-1,585,584,586,-1,585,586,587,-1,587,586,588,-1,587,588,589,-1,589,588,590,-1,589,590,591,-1,591,590,592,-1,591,592,593,-1,593,592,594,-1,593,594,595,-1,595,594,596,-1,595,596,597,-1,597,596,598,-1,597,598,599,-1,599,598,600,-1,599,600,601,-1,601,600,602,-1,601,602,603,-1,603,602,604,-1,603,604,605,-1,605,604,606,-1,605,606,607,-1,607,606,608,-1,608,606,609,-1,608,609,578,-1,578,609,579,-1,580,581,610,-1,610,581,611,-1,610,611,582,-1,582,611,583,-1,611,581,609,-1,609,581,579,-1,602,600,598,-1,596,594,606,-1,606,594,592,-1,611,609,583,-1,583,609,606,-1,583,606,584,-1,584,606,586,-1,596,606,598,-1,598,606,604,-1,598,604,602,-1,592,590,606,-1,606,590,588,-1,606,588,586,-1,612,613,614,-1,614,613,615,-1,616,617,618,-1,616,618,619,-1,619,618,620,-1,619,620,621,-1,621,620,622,-1,621,622,623,-1,623,622,624,-1,623,624,625,-1,625,624,626,-1,625,626,627,-1,627,626,628,-1,627,628,629,-1,629,628,630,-1,629,630,631,-1,631,630,632,-1,631,632,633,-1,633,632,634,-1,633,634,635,-1,635,634,636,-1,635,636,637,-1,637,636,638,-1,637,638,639,-1,639,638,640,-1,639,640,641,-1,641,640,642,-1,642,640,643,-1,642,643,612,-1,612,643,613,-1,614,615,644,-1,644,615,645,-1,644,645,616,-1,616,645,617,-1,645,615,643,-1,643,615,613,-1,636,634,632,-1,630,628,640,-1,640,628,626,-1,630,640,632,-1,632,640,638,-1,632,638,636,-1,626,624,640,-1,640,624,622,-1,640,622,620,-1,645,643,617,-1,617,643,640,-1,617,640,618,-1,618,640,620,-1,646,647,648,-1,648,647,649,-1,650,651,652,-1,650,652,653,-1,653,652,654,-1,653,654,655,-1,655,654,656,-1,655,656,657,-1,657,656,658,-1,657,658,659,-1,659,658,660,-1,659,660,661,-1,661,660,662,-1,661,662,663,-1,663,662,664,-1,663,664,665,-1,665,664,666,-1,665,666,667,-1,667,666,668,-1,667,668,669,-1,669,668,670,-1,669,670,671,-1,671,670,672,-1,671,672,673,-1,673,672,674,-1,673,674,675,-1,675,674,676,-1,676,674,677,-1,676,677,648,-1,648,677,646,-1,649,647,678,-1,678,647,679,-1,678,679,650,-1,650,679,651,-1,679,647,677,-1,677,647,646,-1,679,677,651,-1,651,677,674,-1,674,672,651,-1,651,672,670,-1,651,670,668,-1,668,666,651,-1,651,666,664,-1,651,664,662,-1,658,656,654,-1,662,660,651,-1,651,660,658,-1,651,658,652,-1,652,658,654,-1,680,681,682,-1,682,681,683,-1,684,685,686,-1,684,686,687,-1,687,686,688,-1,687,688,689,-1,689,688,690,-1,689,690,691,-1,691,690,692,-1,691,692,693,-1,693,692,694,-1,693,694,695,-1,695,694,696,-1,695,696,697,-1,697,696,698,-1,697,698,699,-1,699,698,700,-1,699,700,701,-1,701,700,702,-1,701,702,703,-1,703,702,704,-1,703,704,705,-1,705,704,706,-1,705,706,707,-1,707,706,708,-1,707,708,709,-1,709,708,710,-1,710,708,711,-1,710,711,682,-1,682,711,680,-1,683,681,712,-1,712,681,713,-1,712,713,684,-1,684,713,685,-1,713,681,711,-1,711,681,680,-1,713,711,685,-1,685,711,708,-1,688,694,690,-1,690,694,692,-1,688,686,694,-1,694,686,685,-1,694,685,696,-1,708,706,685,-1,685,706,704,-1,685,704,702,-1,702,700,685,-1,685,700,698,-1,685,698,696,-1,714,715,716,-1,716,715,717,-1,718,719,720,-1,718,720,721,-1,721,720,722,-1,721,722,723,-1,723,722,724,-1,723,724,725,-1,725,724,726,-1,725,726,727,-1,727,726,728,-1,727,728,729,-1,729,728,730,-1,729,730,731,-1,731,730,732,-1,731,732,733,-1,733,732,734,-1,733,734,735,-1,735,734,736,-1,735,736,737,-1,737,736,738,-1,737,738,739,-1,739,738,740,-1,739,740,741,-1,741,740,742,-1,741,742,743,-1,743,742,744,-1,744,742,745,-1,744,745,716,-1,716,745,714,-1,717,715,746,-1,746,715,747,-1,746,747,718,-1,718,747,719,-1,747,715,745,-1,745,715,714,-1,742,730,728,-1,728,726,742,-1,742,726,724,-1,742,724,722,-1,747,745,719,-1,719,745,742,-1,719,742,720,-1,720,742,722,-1,738,736,734,-1,742,740,730,-1,730,740,738,-1,730,738,732,-1,732,738,734,-1,748,749,750,-1,750,749,751,-1,752,753,754,-1,752,754,755,-1,755,754,756,-1,755,756,757,-1,757,756,758,-1,757,758,759,-1,759,758,760,-1,759,760,761,-1,761,760,762,-1,761,762,763,-1,763,762,764,-1,763,764,765,-1,765,764,766,-1,765,766,767,-1,767,766,768,-1,767,768,769,-1,769,768,770,-1,769,770,771,-1,771,770,772,-1,771,772,773,-1,773,772,774,-1,773,774,775,-1,775,774,776,-1,775,776,777,-1,777,776,778,-1,778,776,779,-1,778,779,750,-1,750,779,748,-1,751,749,780,-1,780,749,781,-1,780,781,752,-1,752,781,753,-1,781,749,779,-1,779,749,748,-1,776,764,762,-1,762,760,776,-1,776,760,758,-1,776,758,756,-1,781,779,753,-1,753,779,776,-1,753,776,754,-1,754,776,756,-1,772,770,768,-1,776,774,764,-1,764,774,772,-1,764,772,766,-1,766,772,768,-1,782,783,784,-1,784,783,785,-1,786,787,788,-1,786,788,789,-1,789,788,790,-1,789,790,791,-1,791,790,792,-1,791,792,793,-1,793,792,794,-1,793,794,795,-1,795,794,796,-1,795,796,797,-1,797,796,798,-1,797,798,799,-1,799,798,800,-1,799,800,801,-1,801,800,802,-1,801,802,803,-1,803,802,804,-1,803,804,805,-1,805,804,806,-1,805,806,807,-1,807,806,808,-1,807,808,809,-1,809,808,810,-1,809,810,811,-1,811,810,812,-1,812,810,813,-1,812,813,784,-1,784,813,782,-1,785,783,814,-1,814,783,815,-1,814,815,786,-1,786,815,787,-1,815,783,813,-1,813,783,782,-1,815,813,787,-1,787,813,810,-1,787,810,808,-1,790,804,792,-1,792,804,802,-1,808,806,787,-1,787,806,804,-1,787,804,788,-1,788,804,790,-1,796,794,798,-1,798,794,792,-1,798,792,800,-1,800,792,802,-1,816,817,818,-1,818,817,819,-1,820,821,822,-1,820,822,823,-1,823,822,824,-1,823,824,825,-1,825,824,826,-1,825,826,827,-1,827,826,828,-1,827,828,829,-1,829,828,830,-1,829,830,831,-1,831,830,832,-1,831,832,833,-1,833,832,834,-1,833,834,835,-1,835,834,836,-1,835,836,837,-1,837,836,838,-1,837,838,839,-1,839,838,840,-1,839,840,841,-1,841,840,842,-1,841,842,843,-1,843,842,844,-1,843,844,845,-1,845,844,846,-1,846,844,847,-1,846,847,816,-1,816,847,817,-1,818,819,848,-1,848,819,849,-1,848,849,820,-1,820,849,821,-1,849,819,847,-1,847,819,817,-1,849,847,821,-1,821,847,844,-1,844,842,821,-1,821,842,840,-1,821,840,838,-1,826,838,836,-1,826,824,838,-1,838,824,822,-1,838,822,821,-1,830,828,832,-1,832,828,826,-1,832,826,834,-1,834,826,836,-1,850,851,852,-1,852,851,853,-1,854,855,856,-1,854,856,857,-1,857,856,858,-1,857,858,859,-1,859,858,860,-1,859,860,861,-1,861,860,862,-1,861,862,863,-1,863,862,864,-1,863,864,865,-1,865,864,866,-1,865,866,867,-1,867,866,868,-1,867,868,869,-1,869,868,870,-1,869,870,871,-1,871,870,872,-1,871,872,873,-1,873,872,874,-1,873,874,875,-1,875,874,876,-1,875,876,877,-1,877,876,878,-1,877,878,879,-1,879,878,880,-1,880,878,881,-1,880,881,850,-1,850,881,851,-1,852,853,882,-1,882,853,883,-1,882,883,854,-1,854,883,855,-1,883,853,881,-1,881,853,851,-1,878,866,864,-1,864,862,878,-1,878,862,860,-1,878,860,858,-1,883,881,855,-1,855,881,878,-1,855,878,856,-1,856,878,858,-1,874,872,870,-1,878,876,866,-1,866,876,874,-1,866,874,868,-1,868,874,870,-1,884,885,886,-1,886,885,887,-1,888,889,890,-1,888,890,891,-1,891,890,892,-1,891,892,893,-1,893,892,894,-1,893,894,895,-1,895,894,896,-1,895,896,897,-1,897,896,898,-1,897,898,899,-1,899,898,900,-1,899,900,901,-1,901,900,902,-1,901,902,903,-1,903,902,904,-1,903,904,905,-1,905,904,906,-1,905,906,907,-1,907,906,908,-1,907,908,909,-1,909,908,910,-1,909,910,911,-1,911,910,912,-1,911,912,913,-1,913,912,914,-1,914,912,915,-1,914,915,884,-1,884,915,885,-1,886,887,916,-1,916,887,917,-1,916,917,888,-1,888,917,889,-1,917,887,915,-1,915,887,885,-1,912,900,898,-1,898,896,912,-1,912,896,894,-1,912,894,892,-1,917,915,889,-1,889,915,912,-1,889,912,890,-1,890,912,892,-1,908,906,904,-1,912,910,900,-1,900,910,908,-1,900,908,902,-1,902,908,904,-1,918,919,920,-1,920,919,921,-1,922,923,924,-1,922,924,925,-1,925,924,926,-1,925,926,927,-1,927,926,928,-1,927,928,929,-1,929,928,930,-1,929,930,931,-1,931,930,932,-1,931,932,933,-1,933,932,934,-1,933,934,935,-1,935,934,936,-1,935,936,937,-1,937,936,938,-1,937,938,939,-1,939,938,940,-1,939,940,941,-1,941,940,942,-1,941,942,943,-1,943,942,944,-1,943,944,945,-1,945,944,946,-1,945,946,947,-1,947,946,948,-1,948,946,949,-1,948,949,918,-1,918,949,919,-1,920,921,950,-1,950,921,951,-1,950,951,922,-1,922,951,923,-1,951,921,949,-1,949,921,919,-1,951,949,923,-1,923,949,946,-1,923,946,924,-1,924,946,926,-1,944,936,946,-1,946,936,934,-1,946,934,932,-1,944,942,936,-1,936,942,940,-1,936,940,938,-1,932,930,946,-1,946,930,928,-1,946,928,926,-1,952,953,954,-1,954,953,955,-1,956,957,958,-1,956,958,959,-1,959,958,960,-1,959,960,961,-1,961,960,962,-1,961,962,963,-1,963,962,964,-1,963,964,965,-1,965,964,966,-1,965,966,967,-1,967,966,968,-1,967,968,969,-1,969,968,970,-1,969,970,971,-1,971,970,972,-1,971,972,973,-1,973,972,974,-1,973,974,975,-1,975,974,976,-1,975,976,977,-1,977,976,978,-1,977,978,979,-1,979,978,980,-1,979,980,981,-1,981,980,982,-1,982,980,983,-1,982,983,952,-1,952,983,953,-1,954,955,984,-1,984,955,985,-1,984,985,956,-1,956,985,957,-1,985,955,983,-1,983,955,953,-1,985,983,957,-1,957,983,980,-1,980,978,957,-1,957,978,976,-1,957,976,974,-1,964,962,960,-1,974,972,957,-1,957,972,970,-1,957,970,968,-1,968,966,957,-1,957,966,964,-1,957,964,958,-1,958,964,960,-1,986,987,988,-1,988,987,989,-1,990,991,992,-1,990,992,993,-1,993,992,994,-1,993,994,995,-1,995,994,996,-1,995,996,997,-1,997,996,998,-1,997,998,999,-1,999,998,1000,-1,999,1000,1001,-1,1001,1000,1002,-1,1001,1002,1003,-1,1003,1002,1004,-1,1003,1004,1005,-1,1005,1004,1006,-1,1005,1006,1007,-1,1007,1006,1008,-1,1007,1008,1009,-1,1009,1008,1010,-1,1009,1010,1011,-1,1011,1010,1012,-1,1011,1012,1013,-1,1013,1012,1014,-1,1013,1014,1015,-1,1015,1014,1016,-1,1016,1014,1017,-1,1016,1017,986,-1,986,1017,987,-1,988,989,1018,-1,1018,989,1019,-1,1018,1019,990,-1,990,1019,991,-1,1019,989,1017,-1,1017,989,987,-1,991,1019,1017,-1,1017,1014,991,-1,991,1014,1012,-1,991,1012,1010,-1,1004,1002,991,-1,991,1002,1000,-1,991,1000,998,-1,1010,1008,991,-1,991,1008,1006,-1,991,1006,1004,-1,998,996,991,-1,991,996,994,-1,991,994,992,-1,1020,1021,1022,-1,1022,1021,1023,-1,1024,1025,1026,-1,1024,1026,1027,-1,1027,1026,1028,-1,1027,1028,1029,-1,1029,1028,1030,-1,1029,1030,1031,-1,1031,1030,1032,-1,1031,1032,1033,-1,1033,1032,1034,-1,1033,1034,1035,-1,1035,1034,1036,-1,1035,1036,1037,-1,1037,1036,1038,-1,1037,1038,1039,-1,1039,1038,1040,-1,1039,1040,1041,-1,1041,1040,1042,-1,1041,1042,1043,-1,1043,1042,1044,-1,1043,1044,1045,-1,1045,1044,1046,-1,1045,1046,1047,-1,1047,1046,1048,-1,1047,1048,1049,-1,1049,1048,1050,-1,1050,1048,1051,-1,1050,1051,1022,-1,1022,1051,1020,-1,1023,1021,1052,-1,1052,1021,1053,-1,1052,1053,1024,-1,1024,1053,1025,-1,1053,1021,1051,-1,1051,1021,1020,-1,1025,1053,1051,-1,1051,1048,1025,-1,1025,1048,1046,-1,1025,1046,1044,-1,1038,1036,1025,-1,1025,1036,1034,-1,1025,1034,1032,-1,1044,1042,1025,-1,1025,1042,1040,-1,1025,1040,1038,-1,1032,1030,1025,-1,1025,1030,1028,-1,1025,1028,1026,-1,1054,1055,1056,-1,1056,1055,1057,-1,1058,1059,1060,-1,1058,1060,1061,-1,1061,1060,1062,-1,1061,1062,1063,-1,1063,1062,1064,-1,1063,1064,1065,-1,1065,1064,1066,-1,1065,1066,1067,-1,1067,1066,1068,-1,1067,1068,1069,-1,1069,1068,1070,-1,1069,1070,1071,-1,1071,1070,1072,-1,1071,1072,1073,-1,1073,1072,1074,-1,1073,1074,1075,-1,1075,1074,1076,-1,1075,1076,1077,-1,1077,1076,1078,-1,1077,1078,1079,-1,1079,1078,1080,-1,1079,1080,1081,-1,1081,1080,1082,-1,1081,1082,1083,-1,1083,1082,1084,-1,1084,1082,1085,-1,1084,1085,1056,-1,1056,1085,1054,-1,1057,1055,1086,-1,1086,1055,1087,-1,1086,1087,1058,-1,1058,1087,1059,-1,1087,1055,1085,-1,1085,1055,1054,-1,1059,1087,1085,-1,1085,1082,1059,-1,1059,1082,1080,-1,1059,1080,1078,-1,1078,1076,1059,-1,1059,1076,1074,-1,1059,1074,1072,-1,1072,1070,1059,-1,1059,1070,1068,-1,1059,1068,1066,-1,1066,1064,1059,-1,1059,1064,1062,-1,1059,1062,1060,-1,1088,1089,1090,-1,1090,1089,1091,-1,1092,1093,1094,-1,1092,1094,1095,-1,1095,1094,1096,-1,1095,1096,1097,-1,1097,1096,1098,-1,1097,1098,1099,-1,1099,1098,1100,-1,1099,1100,1101,-1,1101,1100,1102,-1,1101,1102,1103,-1,1103,1102,1104,-1,1103,1104,1105,-1,1105,1104,1106,-1,1105,1106,1107,-1,1107,1106,1108,-1,1107,1108,1109,-1,1109,1108,1110,-1,1109,1110,1111,-1,1111,1110,1112,-1,1111,1112,1113,-1,1113,1112,1114,-1,1113,1114,1115,-1,1115,1114,1116,-1,1115,1116,1117,-1,1117,1116,1118,-1,1118,1116,1119,-1,1118,1119,1090,-1,1090,1119,1088,-1,1091,1089,1120,-1,1120,1089,1121,-1,1120,1121,1092,-1,1092,1121,1093,-1,1121,1089,1119,-1,1119,1089,1088,-1,1094,1093,1104,-1,1121,1119,1093,-1,1093,1119,1116,-1,1116,1114,1093,-1,1093,1114,1112,-1,1093,1112,1110,-1,1110,1108,1093,-1,1093,1108,1106,-1,1093,1106,1104,-1,1104,1102,1094,-1,1094,1102,1100,-1,1094,1100,1096,-1,1096,1100,1098,-1,1122,1123,1124,-1,1124,1123,1125,-1,1126,1127,1128,-1,1126,1128,1129,-1,1129,1128,1130,-1,1129,1130,1131,-1,1131,1130,1132,-1,1131,1132,1133,-1,1133,1132,1134,-1,1133,1134,1135,-1,1135,1134,1136,-1,1135,1136,1137,-1,1137,1136,1138,-1,1137,1138,1139,-1,1139,1138,1140,-1,1139,1140,1141,-1,1141,1140,1142,-1,1141,1142,1143,-1,1143,1142,1144,-1,1143,1144,1145,-1,1145,1144,1146,-1,1145,1146,1147,-1,1147,1146,1148,-1,1147,1148,1149,-1,1149,1148,1150,-1,1149,1150,1151,-1,1151,1150,1152,-1,1152,1150,1153,-1,1152,1153,1124,-1,1124,1153,1122,-1,1125,1123,1154,-1,1154,1123,1155,-1,1154,1155,1126,-1,1126,1155,1127,-1,1155,1123,1153,-1,1153,1123,1122,-1,1127,1155,1153,-1,1153,1150,1127,-1,1127,1150,1148,-1,1127,1148,1146,-1,1146,1144,1127,-1,1127,1144,1142,-1,1127,1142,1140,-1,1130,1136,1132,-1,1132,1136,1134,-1,1140,1138,1127,-1,1127,1138,1136,-1,1127,1136,1128,-1,1128,1136,1130,-1,1156,1157,1158,-1,1158,1157,1159,-1,1160,1161,1162,-1,1160,1162,1163,-1,1163,1162,1164,-1,1163,1164,1165,-1,1165,1164,1166,-1,1165,1166,1167,-1,1167,1166,1168,-1,1167,1168,1169,-1,1169,1168,1170,-1,1169,1170,1171,-1,1171,1170,1172,-1,1171,1172,1173,-1,1173,1172,1174,-1,1173,1174,1175,-1,1175,1174,1176,-1,1175,1176,1177,-1,1177,1176,1178,-1,1177,1178,1179,-1,1179,1178,1180,-1,1179,1180,1181,-1,1181,1180,1182,-1,1181,1182,1183,-1,1183,1182,1184,-1,1183,1184,1185,-1,1185,1184,1186,-1,1185,1186,1187,-1,1187,1186,1188,-1,1188,1186,1189,-1,1188,1189,1156,-1,1156,1189,1157,-1,1158,1159,1190,-1,1190,1159,1191,-1,1190,1191,1160,-1,1160,1191,1161,-1,1191,1159,1189,-1,1189,1159,1157,-1,1161,1191,1189,-1,1172,1170,1184,-1,1170,1168,1184,-1,1184,1168,1166,-1,1184,1166,1164,-1,1180,1178,1182,-1,1182,1178,1176,-1,1182,1176,1184,-1,1184,1176,1174,-1,1184,1174,1172,-1,1189,1186,1161,-1,1161,1186,1184,-1,1161,1184,1162,-1,1162,1184,1164,-1,1192,1193,1194,-1,1194,1193,1195,-1,1196,1197,1198,-1,1196,1198,1199,-1,1199,1198,1200,-1,1199,1200,1201,-1,1201,1200,1202,-1,1201,1202,1203,-1,1203,1202,1204,-1,1203,1204,1205,-1,1205,1204,1206,-1,1205,1206,1207,-1,1207,1206,1208,-1,1207,1208,1209,-1,1209,1208,1210,-1,1209,1210,1211,-1,1211,1210,1212,-1,1211,1212,1213,-1,1213,1212,1214,-1,1213,1214,1215,-1,1215,1214,1216,-1,1215,1216,1217,-1,1217,1216,1218,-1,1217,1218,1219,-1,1219,1218,1220,-1,1219,1220,1221,-1,1221,1220,1222,-1,1221,1222,1223,-1,1223,1222,1224,-1,1224,1222,1225,-1,1224,1225,1192,-1,1192,1225,1193,-1,1194,1195,1226,-1,1226,1195,1227,-1,1226,1227,1196,-1,1196,1227,1197,-1,1227,1195,1225,-1,1225,1195,1193,-1,1197,1227,1225,-1,1202,1200,1220,-1,1225,1222,1197,-1,1197,1222,1220,-1,1197,1220,1198,-1,1198,1220,1200,-1,1214,1206,1216,-1,1216,1206,1218,-1,1214,1212,1206,-1,1206,1212,1210,-1,1206,1210,1208,-1,1218,1206,1220,-1,1220,1206,1204,-1,1220,1204,1202,-1,1228,1229,1230,-1,1230,1229,1231,-1,1232,1233,1234,-1,1232,1234,1235,-1,1235,1234,1236,-1,1235,1236,1237,-1,1237,1236,1238,-1,1237,1238,1239,-1,1239,1238,1240,-1,1239,1240,1241,-1,1241,1240,1242,-1,1241,1242,1243,-1,1243,1242,1244,-1,1243,1244,1245,-1,1245,1244,1246,-1,1245,1246,1247,-1,1247,1246,1248,-1,1247,1248,1249,-1,1249,1248,1250,-1,1249,1250,1251,-1,1251,1250,1252,-1,1251,1252,1253,-1,1253,1252,1254,-1,1253,1254,1255,-1,1255,1254,1256,-1,1255,1256,1257,-1,1257,1256,1258,-1,1258,1256,1259,-1,1258,1259,1228,-1,1228,1259,1229,-1,1230,1231,1260,-1,1260,1231,1261,-1,1260,1261,1232,-1,1232,1261,1233,-1,1261,1231,1259,-1,1259,1231,1229,-1,1233,1261,1259,-1,1244,1242,1254,-1,1250,1248,1246,-1,1242,1240,1254,-1,1254,1240,1238,-1,1254,1238,1236,-1,1244,1254,1246,-1,1246,1254,1252,-1,1246,1252,1250,-1,1259,1256,1233,-1,1233,1256,1254,-1,1233,1254,1234,-1,1234,1254,1236,-1,1262,1263,1264,-1,1264,1263,1265,-1,1266,1267,1268,-1,1266,1268,1269,-1,1269,1268,1270,-1,1269,1270,1271,-1,1271,1270,1272,-1,1271,1272,1273,-1,1273,1272,1274,-1,1273,1274,1275,-1,1275,1274,1276,-1,1275,1276,1277,-1,1277,1276,1278,-1,1277,1278,1279,-1,1279,1278,1280,-1,1279,1280,1281,-1,1281,1280,1282,-1,1281,1282,1283,-1,1283,1282,1284,-1,1283,1284,1285,-1,1285,1284,1286,-1,1285,1286,1287,-1,1287,1286,1288,-1,1287,1288,1289,-1,1289,1288,1290,-1,1289,1290,1291,-1,1291,1290,1292,-1,1292,1290,1293,-1,1292,1293,1264,-1,1264,1293,1262,-1,1265,1263,1294,-1,1294,1263,1295,-1,1294,1295,1266,-1,1266,1295,1267,-1,1295,1263,1293,-1,1293,1263,1262,-1,1267,1295,1293,-1,1293,1290,1267,-1,1267,1290,1288,-1,1267,1288,1286,-1,1280,1278,1267,-1,1267,1278,1276,-1,1267,1276,1274,-1,1286,1284,1267,-1,1267,1284,1282,-1,1267,1282,1280,-1,1274,1272,1267,-1,1267,1272,1270,-1,1267,1270,1268,-1,1296,1297,1298,-1,1298,1297,1299,-1,1300,1301,1302,-1,1300,1302,1303,-1,1303,1302,1304,-1,1303,1304,1305,-1,1305,1304,1306,-1,1305,1306,1307,-1,1307,1306,1308,-1,1307,1308,1309,-1,1309,1308,1310,-1,1309,1310,1311,-1,1311,1310,1312,-1,1311,1312,1313,-1,1313,1312,1314,-1,1313,1314,1315,-1,1315,1314,1316,-1,1315,1316,1317,-1,1317,1316,1318,-1,1317,1318,1319,-1,1319,1318,1320,-1,1319,1320,1321,-1,1321,1320,1322,-1,1321,1322,1323,-1,1323,1322,1324,-1,1323,1324,1325,-1,1325,1324,1326,-1,1326,1324,1327,-1,1326,1327,1296,-1,1296,1327,1297,-1,1298,1299,1328,-1,1328,1299,1329,-1,1328,1329,1300,-1,1300,1329,1301,-1,1329,1299,1327,-1,1327,1299,1297,-1,1301,1329,1327,-1,1327,1324,1301,-1,1301,1324,1322,-1,1301,1322,1320,-1,1314,1312,1301,-1,1301,1312,1310,-1,1301,1310,1308,-1,1320,1318,1301,-1,1301,1318,1316,-1,1301,1316,1314,-1,1308,1306,1301,-1,1301,1306,1304,-1,1301,1304,1302,-1,1330,1331,1332,-1,1332,1331,1333,-1,1334,1335,1336,-1,1334,1336,1337,-1,1337,1336,1338,-1,1337,1338,1339,-1,1339,1338,1340,-1,1339,1340,1341,-1,1341,1340,1342,-1,1341,1342,1343,-1,1343,1342,1344,-1,1343,1344,1345,-1,1345,1344,1346,-1,1345,1346,1347,-1,1347,1346,1348,-1,1347,1348,1349,-1,1349,1348,1350,-1,1349,1350,1351,-1,1351,1350,1352,-1,1351,1352,1353,-1,1353,1352,1354,-1,1353,1354,1355,-1,1355,1354,1356,-1,1355,1356,1357,-1,1357,1356,1358,-1,1357,1358,1359,-1,1359,1358,1360,-1,1360,1358,1361,-1,1360,1361,1332,-1,1332,1361,1330,-1,1333,1331,1362,-1,1362,1331,1363,-1,1362,1363,1334,-1,1334,1363,1335,-1,1363,1331,1361,-1,1361,1331,1330,-1,1335,1363,1361,-1,1361,1358,1335,-1,1335,1358,1356,-1,1335,1356,1354,-1,1354,1352,1335,-1,1335,1352,1350,-1,1335,1350,1348,-1,1338,1344,1340,-1,1340,1344,1342,-1,1348,1346,1335,-1,1335,1346,1344,-1,1335,1344,1336,-1,1336,1344,1338,-1,1364,1365,1366,-1,1366,1365,1367,-1,1366,1367,1368,-1,1368,1367,1369,-1,1369,1370,1368,-1,1368,1370,1371,-1,1368,1371,1372,-1,1372,1373,1368,-1,1368,1373,1374,-1,1368,1374,1375,-1,1375,1376,1368,-1,1368,1376,1377,-1,1368,1377,1378,-1,1378,1379,1368,-1,1368,1379,1380,-1,1368,1380,1381,-1,1366,1382,1364,-1,1364,1382,1383,-1,1382,1384,1383,-1,1383,1384,1385,-1,1384,1386,1385,-1,1385,1386,1387,-1,1386,1368,1387,-1,1387,1368,1381,-1,1386,1384,1368,-1,1368,1384,1382,-1,1368,1382,1366,-1,
        ]
    }
}
Shape{
    appearance Appearance {
        material  Material 	{
            diffuseColor 0.0 0.0 0.0
            specularColor 0.0 0.0 0.0
            ambientIntensity 0.0
            transparency 0.0
            shininess 0.5
        }
    }
    geometry IndexedFaceSet {
        ccw TRUE
        solid FALSE
        coord DEF co Coordinate {
            point [
                -0.1706 0.7132 0.0079, -0.1652 0.7284 0.0079, -0.1822 0.7132 0.0079, -0.1763 0.7284 0.0079, -0.1514 0.792 0.0079, -0.1514 0.792 0.0083, -0.1822 0.7132 0.0083, -0.1706 0.7132 0.0083, -0.1627 0.7353 0.0083, -0.1627 0.7353 0.0079, -0.1302 0.7353 0.0083, -0.1302 0.7353 0.0079, -0.1278 0.7284 0.0079, -0.1226 0.7132 0.0083, -0.1226 0.7132 0.0079, -0.1111 0.7132 0.0083, -0.1111 0.7132 0.0079, -0.1168 0.7284 0.0079, -0.1409 0.792 0.0083, -0.1409 0.792 0.0079, -0.1328 0.744 0.0083, -0.1591 0.744 0.0083, -0.1446 0.7768 0.0083, -0.1453 0.7796 0.0083, -0.1458 0.7824 0.0083, -0.1461 0.7824 0.0083, -0.1466 0.7796 0.0083, -0.1473 0.7768 0.0083, -0.1328 0.744 0.0079, -0.1591 0.744 0.0079, -0.1446 0.7768 0.0079, -0.1453 0.7796 0.0079, -0.1458 0.7824 0.0079, -0.1461 0.7824 0.0079, -0.1466 0.7796 0.0079, -0.1473 0.7768 0.0079, -0.0634 0.7132 0.0083, -0.042 0.7132 0.0083, -0.0634 0.7132 0.0079, -0.042 0.7132 0.0079, -0.042 0.7284 0.0079, -0.042 0.792 0.0083, -0.042 0.792 0.0079, -0.0642 0.792 0.0083, -0.0642 0.792 0.0079, -0.1054 0.7536 0.0083, -0.1054 0.7536 0.0079, -0.1048 0.761 0.0079, -0.1048 0.761 0.0083, -0.1027 0.7688 0.0079, -0.1027 0.7688 0.0083, -0.099 0.7755 0.0079, -0.099 0.7755 0.0083, -0.0934 0.7817 0.0079, -0.0934 0.7817 0.0083, -0.0934 0.7818 0.0079, -0.0934 0.7818 0.0083, -0.0848 0.7875 0.0079, -0.0848 0.7875 0.0083, -0.0756 0.7908 0.0079, -0.0756 0.7908 0.0083, -0.0731 0.7141 0.0079, -0.0731 0.7141 0.0083, -0.0822 0.7168 0.0079, -0.0822 0.7168 0.0083, -0.0904 0.7216 0.0079, -0.0904 0.7216 0.0083, -0.0969 0.7278 0.0079, -0.0969 0.7278 0.0083, -0.0974 0.7284 0.0079, -0.1014 0.7348 0.0083, -0.1014 0.7348 0.0079, -0.1042 0.7431 0.0079, -0.1042 0.7431 0.0083, -0.0895 0.7723 0.0083, -0.0857 0.7763 0.0083, -0.08 0.7801 0.0083, -0.0735 0.7823 0.0083, -0.0642 0.7833 0.0083, -0.0525 0.7833 0.0083, -0.0525 0.7219 0.0083, -0.0637 0.7219 0.0083, -0.072 0.7226 0.0083, -0.0786 0.7247 0.0083, -0.084 0.7279 0.0083, -0.0884 0.7323 0.0083, -0.0918 0.7377 0.0083, -0.0941 0.7451 0.0083, -0.0948 0.7534 0.0083, -0.0941 0.7612 0.0083, -0.0923 0.7674 0.0083, -0.0525 0.7284 0.0079, -0.0525 0.7219 0.0079, -0.0637 0.7219 0.0079, -0.072 0.7226 0.0079, -0.0786 0.7247 0.0079, -0.084 0.7279 0.0079, -0.0846 0.7284 0.0079, -0.0642 0.7833 0.0079, -0.0525 0.7833 0.0079, -0.0735 0.7823 0.0079, -0.08 0.7801 0.0079, -0.0857 0.7763 0.0079, -0.0895 0.7723 0.0079, -0.0923 0.7674 0.0079, -0.0941 0.7612 0.0079, -0.0948 0.7534 0.0079, -0.0884 0.7323 0.0079, -0.0918 0.7377 0.0079, -0.0941 0.7451 0.0079, -0.0266 0.7219 0.0083, -0.0266 0.7132 0.0083, -0.0266 0.7219 0.0079, -0.0266 0.7132 0.0079, 0.0156 0.7132 0.0083, 0.0156 0.7132 0.0079, 0.0156 0.7284 0.0079, 0.0156 0.792 0.0083, 0.0156 0.792 0.0079, -0.0247 0.792 0.0083, -0.0247 0.792 0.0079, -0.0247 0.7833 0.0083, -0.0247 0.7833 0.0079, 0.0051 0.7833 0.0083, 0.0051 0.7833 0.0079, 0.0051 0.7574 0.0083, 0.0051 0.7574 0.0079, -0.0228 0.7574 0.0083, -0.0228 0.7574 0.0079, -0.0228 0.7488 0.0083, -0.0228 0.7488 0.0079, 0.0051 0.7488 0.0083, 0.0051 0.7488 0.0079, 0.0051 0.7284 0.0079, 0.0051 0.7219 0.0083, 0.0051 0.7219 0.0079, 0.031 0.726 0.0083, 0.031 0.7173 0.0083, 0.031 0.726 0.0079, 0.031 0.7173 0.0079, 0.0527 0.7123 0.0083, 0.0527 0.7123 0.0079, 0.0505 0.7123 0.0079, 0.0505 0.7123 0.0083, 0.0394 0.7139 0.0079, 0.0394 0.7139 0.0083, 0.0896 0.7511 0.0083, 0.0896 0.7511 0.0079, 0.0888 0.742 0.0079, 0.0888 0.742 0.0083, 0.0864 0.7337 0.0079, 0.0864 0.7337 0.0083, 0.0837 0.7284 0.0079, 0.0823 0.7262 0.0083, 0.0823 0.7262 0.0079, 0.0763 0.7199 0.0079, 0.0763 0.7199 0.0083, 0.07 0.7159 0.0079, 0.07 0.7159 0.0083, 0.0624 0.7133 0.0079, 0.0624 0.7133 0.0083, 0.0495 0.7929 0.0083, 0.0495 0.7929 0.0079, 0.0574 0.7923 0.0079, 0.0574 0.7923 0.0083, 0.0662 0.7897 0.0079, 0.0662 0.7897 0.0083, 0.0737 0.7854 0.0079, 0.0737 0.7854 0.0083, 0.0808 0.7786 0.0079, 0.0808 0.7786 0.0083, 0.0854 0.7712 0.0079, 0.0854 0.7712 0.0083, 0.0884 0.7623 0.0079, 0.0884 0.7623 0.0083, 0.031 0.7898 0.0083, 0.031 0.7898 0.0079, 0.0401 0.7923 0.0079, 0.0401 0.7923 0.0083, 0.031 0.7792 0.0083, 0.031 0.7792 0.0079, 0.0494 0.7843 0.0083, 0.0494 0.7843 0.0079, 0.0399 0.783 0.0079, 0.0399 0.783 0.0083, 0.079 0.7518 0.0083, 0.079 0.7518 0.0079, 0.0786 0.7579 0.0079, 0.0786 0.7579 0.0083, 0.0765 0.7663 0.0079, 0.0765 0.7663 0.0083, 0.0733 0.7724 0.0079, 0.0733 0.7724 0.0083, 0.0685 0.7776 0.0079, 0.0685 0.7776 0.0083, 0.0631 0.7813 0.0079, 0.0631 0.7813 0.0083, 0.0572 0.7834 0.0079, 0.0572 0.7834 0.0083, 0.0512 0.7209 0.0083, 0.0512 0.7209 0.0079, 0.0586 0.7217 0.0079, 0.0586 0.7217 0.0083, 0.0643 0.7238 0.0079, 0.0643 0.7238 0.0083, 0.0691 0.7271 0.0079, 0.0691 0.7271 0.0083, 0.0705 0.7284 0.0079, 0.0728 0.731 0.0083, 0.0728 0.731 0.0079, 0.0761 0.7365 0.0079, 0.0761 0.7365 0.0083, 0.0782 0.7432 0.0079, 0.0782 0.7432 0.0083, 0.0324 0.7252 0.0079, 0.0324 0.7252 0.0083, 0.0408 0.7221 0.0079, 0.0408 0.7221 0.0083, 0.0963 0.7219 0.0083, 0.0963 0.7132 0.0083, 0.0963 0.7219 0.0079, 0.0963 0.7132 0.0079, 0.1366 0.7132 0.0083, 0.1366 0.7132 0.0079, 0.1366 0.7284 0.0079, 0.1366 0.792 0.0083, 0.1366 0.792 0.0079, 0.1261 0.792 0.0083, 0.1261 0.792 0.0079, 0.1261 0.7284 0.0079, 0.1261 0.7219 0.0083, 0.1261 0.7219 0.0079
            ]
        }
        coordIndex [
            0,1,2,-1,2,1,3,-1,4,5,3,-1,3,5,6,-1,3,6,2,-1,6,7,2,-1,2,7,0,-1,0,7,1,-1,1,7,8,-1,1,8,9,-1,8,10,9,-1,9,10,11,-1,11,10,12,-1,12,10,13,-1,12,13,14,-1,13,15,14,-1,14,15,16,-1,16,15,17,-1,17,15,18,-1,17,18,19,-1,18,5,19,-1,19,5,4,-1,20,10,21,-1,21,10,8,-1,22,18,20,-1,20,18,15,-1,20,15,10,-1,10,15,13,-1,22,23,18,-1,18,23,24,-1,18,24,5,-1,5,24,25,-1,5,25,26,-1,26,27,5,-1,5,27,21,-1,5,21,6,-1,6,21,8,-1,6,8,7,-1,16,17,14,-1,14,17,12,-1,20,21,28,-1,28,21,29,-1,22,20,30,-1,30,20,28,-1,22,30,31,-1,22,31,23,-1,23,31,32,-1,23,32,24,-1,25,24,33,-1,33,24,32,-1,25,33,34,-1,25,34,26,-1,26,34,35,-1,26,35,27,-1,21,27,29,-1,29,27,35,-1,36,37,38,-1,38,37,39,-1,39,37,40,-1,40,37,41,-1,40,41,42,-1,41,43,42,-1,42,43,44,-1,45,46,47,-1,45,47,48,-1,48,47,49,-1,48,49,50,-1,50,49,51,-1,50,51,52,-1,52,51,53,-1,52,53,54,-1,54,53,55,-1,54,55,56,-1,56,55,57,-1,56,57,58,-1,58,57,59,-1,58,59,60,-1,60,59,44,-1,60,44,43,-1,36,38,61,-1,36,61,62,-1,62,61,63,-1,62,63,64,-1,64,63,65,-1,64,65,66,-1,66,65,67,-1,66,67,68,-1,68,67,69,-1,68,69,70,-1,69,71,70,-1,70,71,72,-1,70,72,73,-1,73,72,46,-1,73,46,45,-1,50,52,74,-1,74,52,54,-1,74,54,75,-1,75,54,56,-1,75,56,76,-1,76,56,58,-1,76,58,77,-1,77,58,60,-1,77,60,78,-1,78,60,43,-1,78,43,79,-1,79,43,41,-1,79,41,80,-1,80,41,37,-1,80,37,81,-1,81,37,36,-1,81,36,82,-1,82,36,62,-1,82,62,83,-1,83,62,64,-1,83,64,84,-1,84,64,66,-1,84,66,85,-1,85,66,68,-1,85,68,86,-1,86,68,70,-1,86,70,87,-1,87,70,73,-1,87,73,88,-1,88,73,45,-1,88,45,89,-1,89,45,48,-1,89,48,90,-1,90,48,50,-1,90,50,74,-1,40,91,39,-1,39,91,92,-1,39,92,38,-1,38,92,93,-1,38,93,61,-1,61,93,94,-1,61,94,63,-1,63,94,95,-1,63,95,65,-1,65,95,96,-1,65,96,67,-1,67,96,97,-1,67,97,69,-1,78,79,98,-1,98,79,99,-1,78,98,100,-1,78,100,77,-1,77,100,101,-1,77,101,76,-1,76,101,102,-1,76,102,75,-1,75,102,103,-1,75,103,74,-1,74,103,104,-1,74,104,90,-1,90,104,105,-1,90,105,89,-1,89,105,106,-1,89,106,88,-1,107,86,108,-1,108,86,87,-1,108,87,109,-1,109,87,88,-1,109,88,106,-1,97,84,107,-1,107,84,85,-1,107,85,86,-1,97,96,84,-1,84,96,95,-1,84,95,83,-1,83,95,94,-1,83,94,82,-1,82,94,93,-1,82,93,81,-1,80,81,92,-1,92,81,93,-1,99,79,91,-1,91,79,80,-1,91,80,92,-1,110,111,112,-1,112,111,113,-1,111,114,113,-1,113,114,115,-1,115,114,116,-1,116,114,117,-1,116,117,118,-1,117,119,118,-1,118,119,120,-1,119,121,120,-1,120,121,122,-1,121,123,122,-1,122,123,124,-1,123,125,124,-1,124,125,126,-1,125,127,126,-1,126,127,128,-1,127,129,128,-1,128,129,130,-1,129,131,130,-1,130,131,132,-1,132,131,133,-1,133,131,134,-1,133,134,135,-1,134,110,135,-1,135,110,112,-1,114,111,110,-1,110,134,114,-1,114,134,131,-1,114,131,117,-1,121,119,123,-1,123,119,117,-1,123,117,125,-1,125,117,131,-1,125,131,127,-1,127,131,129,-1,112,113,135,-1,135,113,115,-1,135,115,133,-1,133,115,116,-1,136,137,138,-1,138,137,139,-1,140,141,142,-1,140,142,143,-1,143,142,144,-1,143,144,145,-1,145,144,139,-1,145,139,137,-1,146,147,148,-1,146,148,149,-1,149,148,150,-1,149,150,151,-1,151,150,152,-1,151,152,153,-1,152,154,153,-1,153,154,155,-1,153,155,156,-1,156,155,157,-1,156,157,158,-1,158,157,159,-1,158,159,160,-1,160,159,141,-1,160,141,140,-1,161,162,163,-1,161,163,164,-1,164,163,165,-1,164,165,166,-1,166,165,167,-1,166,167,168,-1,168,167,169,-1,168,169,170,-1,170,169,171,-1,170,171,172,-1,172,171,173,-1,172,173,174,-1,174,173,147,-1,174,147,146,-1,175,176,177,-1,175,177,178,-1,178,177,162,-1,178,162,161,-1,175,179,176,-1,176,179,180,-1,181,182,183,-1,181,183,184,-1,184,183,180,-1,184,180,179,-1,185,186,187,-1,185,187,188,-1,188,187,189,-1,188,189,190,-1,190,189,191,-1,190,191,192,-1,192,191,193,-1,192,193,194,-1,194,193,195,-1,194,195,196,-1,196,195,197,-1,196,197,198,-1,198,197,182,-1,198,182,181,-1,199,200,201,-1,199,201,202,-1,202,201,203,-1,202,203,204,-1,204,203,205,-1,204,205,206,-1,206,205,207,-1,206,207,208,-1,207,209,208,-1,208,209,210,-1,208,210,211,-1,211,210,212,-1,211,212,213,-1,213,212,186,-1,213,186,185,-1,136,138,214,-1,136,214,215,-1,215,214,216,-1,215,216,217,-1,217,216,200,-1,217,200,199,-1,202,140,199,-1,199,140,143,-1,199,143,217,-1,217,143,145,-1,217,145,215,-1,215,145,137,-1,215,137,136,-1,179,175,184,-1,184,175,178,-1,184,178,181,-1,181,178,161,-1,181,161,198,-1,198,161,164,-1,198,164,196,-1,196,164,166,-1,196,166,194,-1,194,166,168,-1,194,168,192,-1,192,168,170,-1,192,170,190,-1,190,170,172,-1,190,172,188,-1,188,172,174,-1,188,174,185,-1,185,174,146,-1,185,146,213,-1,213,146,149,-1,213,149,211,-1,211,149,151,-1,211,151,208,-1,208,151,153,-1,208,153,206,-1,206,153,156,-1,206,156,204,-1,204,156,158,-1,204,158,202,-1,202,158,160,-1,202,160,140,-1,200,216,144,-1,144,216,139,-1,139,216,214,-1,139,214,138,-1,144,142,200,-1,200,142,141,-1,200,141,201,-1,201,141,159,-1,201,159,203,-1,203,159,157,-1,203,157,205,-1,205,157,155,-1,205,155,207,-1,207,155,154,-1,207,154,152,-1,218,219,220,-1,220,219,221,-1,219,222,221,-1,221,222,223,-1,223,222,224,-1,224,222,225,-1,224,225,226,-1,225,227,226,-1,226,227,228,-1,228,227,229,-1,229,227,230,-1,229,230,231,-1,230,218,231,-1,231,218,220,-1,227,225,230,-1,230,225,222,-1,230,222,218,-1,218,222,219,-1,220,221,231,-1,231,221,223,-1,231,223,229,-1,229,223,224,-1,28,29,30,-1,30,29,35,-1,30,35,31,-1,31,35,34,-1,31,34,32,-1,32,34,33,-1,
        ]
    }
}
Shape{
    appearance Appearance {
        material  Material 	{
            diffuseColor 0.5019607843137255 0.5019607843137255 0.5019607843137255
            specularColor 0.25098039215686274 0.25098039215686274 0.25098039215686274
            ambientIntensity 0.502
            transparency 0.0
            shininess 0.5
        }
    }
    geometry IndexedFaceSet {
        ccw TRUE
        solid FALSE
        coord DEF co Coordinate {
            point [
                -0.917 -0.9885 0.3583, -0.917 -0.9885 0.3622, -0.9197 -0.9679 0.3583, -0.9197 -0.9679 0.3622, -0.9277 -0.9487 0.3583, -0.9277 -0.9487 0.3622, -0.9403 -0.9322 0.3583, -0.9403 -0.9322 0.3622, -0.9568 -0.9196 0.3583, -0.9568 -0.9196 0.3622, -0.976 -0.9116 0.3583, -0.976 -0.9116 0.3622, -0.9966 -0.9089 0.3583, -0.9966 -0.9089 0.3622, -1.0172 -0.9116 0.3583, -1.0172 -0.9116 0.3622, -1.0363 -0.9196 0.3583, -1.0363 -0.9196 0.3622, -1.0528 -0.9322 0.3583, -1.0528 -0.9322 0.3622, -1.0655 -0.9487 0.3583, -1.0655 -0.9487 0.3622, -1.0734 -0.9679 0.3583, -1.0734 -0.9679 0.3622, -1.0761 -0.9885 0.3583, -1.0761 -0.9885 0.3622, -1.0734 -1.0091 0.3583, -1.0734 -1.0091 0.3622, -1.0655 -1.0282 0.3583, -1.0655 -1.0282 0.3622, -1.0528 -1.0447 0.3583, -1.0528 -1.0447 0.3622, -1.0363 -1.0574 0.3583, -1.0363 -1.0574 0.3622, -1.0172 -1.0653 0.3583, -1.0172 -1.0653 0.3622, -0.9966 -1.068 0.3583, -0.9966 -1.068 0.3622, -0.976 -1.0653 0.3583, -0.976 -1.0653 0.3622, -0.9568 -1.0574 0.3583, -0.9568 -1.0574 0.3622, -0.9403 -1.0447 0.3583, -0.9403 -1.0447 0.3622, -0.9277 -1.0282 0.3583, -0.9277 -1.0282 0.3622, -0.9197 -1.0091 0.3583, -0.9197 -1.0091 0.3622, -0.9966 -0.9885 0.3583
            ]
        }
        coordIndex [
            0,1,2,-1,2,1,3,-1,2,3,4,-1,4,3,5,-1,4,5,6,-1,6,5,7,-1,6,7,8,-1,8,7,9,-1,8,9,10,-1,10,9,11,-1,10,11,12,-1,12,11,13,-1,12,13,14,-1,14,13,15,-1,14,15,16,-1,16,15,17,-1,16,17,18,-1,18,17,19,-1,18,19,20,-1,20,19,21,-1,20,21,22,-1,22,21,23,-1,22,23,24,-1,24,23,25,-1,24,25,26,-1,26,25,27,-1,26,27,28,-1,28,27,29,-1,28,29,30,-1,30,29,31,-1,30,31,32,-1,32,31,33,-1,32,33,34,-1,34,33,35,-1,34,35,36,-1,36,35,37,-1,36,37,38,-1,38,37,39,-1,38,39,40,-1,40,39,41,-1,40,41,42,-1,42,41,43,-1,42,43,44,-1,44,43,45,-1,44,45,46,-1,46,45,47,-1,46,47,0,-1,0,47,1,-1,44,46,48,-1,48,46,0,-1,48,0,2,-1,38,40,48,-1,48,40,42,-1,48,42,44,-1,32,34,48,-1,48,34,36,-1,48,36,38,-1,26,28,48,-1,48,28,30,-1,48,30,32,-1,20,22,48,-1,48,22,24,-1,48,24,26,-1,14,16,48,-1,48,16,18,-1,48,18,20,-1,8,10,48,-1,48,10,12,-1,48,12,14,-1,2,4,48,-1,48,4,6,-1,48,6,8,-1,
        ]
    }
}
Shape{
    appearance Appearance {
        material  Material 	{
            diffuseColor 1.0 1.0 1.0
            specularColor 0.5019607843137255 0.5019607843137255 0.5019607843137255
            ambientIntensity 1.0
            transparency 0.0
            shininess 0.5
        }
    }
    geometry IndexedFaceSet {
        ccw TRUE
        solid FALSE
        coord DEF co Coordinate {
            point [
                0.854 0.977 0.3661, 0.854 0.9812 0.3661, 0.854 0.977 0.3622, 0.854 0.9812 0.3622, 0.8688 0.977 0.3661, 0.8688 0.977 0.3622, 0.8688 0.9441 0.3661, 0.8688 0.9441 0.3622, 0.8736 0.9441 0.3661, 0.8736 0.9441 0.3622, 0.8736 0.9812 0.3661, 0.8736 0.9812 0.3622, 0.8248 0.9797 0.3622, 0.8248 0.9797 0.3661, 0.8254 0.98 0.3661, 0.835 0.9818 0.3661, 0.835 0.9818 0.3622, 0.8294 0.9813 0.3622, 0.8294 0.9813 0.3661, 0.8263 0.9803 0.3622, 0.8254 0.98 0.3622, 0.8248 0.9751 0.3661, 0.8248 0.9751 0.3622, 0.8263 0.9758 0.3622, 0.8284 0.9767 0.3661, 0.8284 0.9767 0.3622, 0.8326 0.9775 0.3622, 0.8326 0.9775 0.3661, 0.8343 0.9776 0.3622, 0.8343 0.9776 0.3661, 0.8378 0.9772 0.3622, 0.8378 0.9772 0.3661, 0.8405 0.9762 0.3622, 0.8405 0.9762 0.3661, 0.843 0.9745 0.3622, 0.843 0.9745 0.3661, 0.8439 0.9736 0.3622, 0.8439 0.9736 0.3661, 0.8457 0.971 0.3622, 0.8457 0.971 0.3661, 0.8469 0.968 0.3622, 0.8469 0.968 0.3661, 0.8475 0.9634 0.3622, 0.8475 0.9634 0.3661, 0.8475 0.9631 0.3622, 0.8475 0.9631 0.3661, 0.847 0.9584 0.3622, 0.847 0.9584 0.3661, 0.8458 0.9551 0.3622, 0.8458 0.9551 0.3661, 0.8441 0.9525 0.3622, 0.8441 0.9525 0.3661, 0.8436 0.9519 0.3622, 0.8436 0.9519 0.3661, 0.8412 0.9499 0.3622, 0.8412 0.9499 0.3661, 0.8383 0.9486 0.3622, 0.8383 0.9486 0.3661, 0.8351 0.9479 0.3622, 0.8351 0.9479 0.3661, 0.8335 0.9478 0.3622, 0.8335 0.9478 0.3661, 0.8248 0.95 0.3622, 0.8248 0.95 0.3661, 0.8253 0.9497 0.3661, 0.8291 0.9483 0.3622, 0.8291 0.9483 0.3661, 0.8263 0.9493 0.3622, 0.8253 0.9497 0.3622, 0.8248 0.945 0.3661, 0.8248 0.945 0.3622, 0.8335 0.9435 0.3622, 0.8335 0.9435 0.3661, 0.8332 0.9435 0.3661, 0.8263 0.9445 0.3622, 0.8284 0.9439 0.3661, 0.8284 0.9439 0.3622, 0.8297 0.9438 0.3622, 0.8332 0.9435 0.3622, 0.8365 0.9438 0.3622, 0.8383 0.944 0.3661, 0.8383 0.944 0.3622, 0.8423 0.9454 0.3622, 0.8423 0.9454 0.3661, 0.8459 0.9478 0.3622, 0.8459 0.9478 0.3661, 0.8472 0.949 0.3622, 0.8472 0.949 0.3661, 0.8497 0.9523 0.3622, 0.8497 0.9523 0.3661, 0.8509 0.9548 0.3622, 0.8516 0.9564 0.3661, 0.8516 0.9564 0.3622, 0.8524 0.9612 0.3622, 0.8524 0.9612 0.3661, 0.8525 0.9634 0.3622, 0.8525 0.9634 0.3661, 0.852 0.9684 0.3622, 0.852 0.9684 0.3661, 0.8509 0.9719 0.3622, 0.8507 0.9725 0.3661, 0.8507 0.9725 0.3622, 0.8486 0.9758 0.3622, 0.8486 0.9758 0.3661, 0.8478 0.9768 0.3622, 0.8478 0.9768 0.3661, 0.8447 0.9793 0.3622, 0.8447 0.9793 0.3661, 0.8412 0.9809 0.3622, 0.8412 0.9809 0.3661, 0.8372 0.9817 0.3622, 0.8372 0.9817 0.3661, 0.7974 0.977 0.3661, 0.7974 0.9812 0.3661, 0.7974 0.977 0.3622, 0.7974 0.9812 0.3622, 0.8126 0.977 0.3622, 0.8126 0.977 0.3661, 0.8025 0.977 0.3622, 0.8126 0.9645 0.3661, 0.8126 0.9645 0.3622, 0.7993 0.9645 0.3661, 0.8025 0.9645 0.3622, 0.7993 0.9645 0.3622, 0.7993 0.9602 0.3661, 0.7993 0.9602 0.3622, 0.8126 0.9602 0.3622, 0.8126 0.9602 0.3661, 0.8025 0.9602 0.3622, 0.8126 0.9484 0.3661, 0.8126 0.9484 0.3622, 0.7983 0.9484 0.3661, 0.8025 0.9484 0.3622, 0.7983 0.9484 0.3622, 0.7983 0.9441 0.3661, 0.7983 0.9441 0.3622, 0.8173 0.9441 0.3622, 0.8173 0.9441 0.3661, 0.8025 0.9441 0.3622, 0.8173 0.9812 0.3661, 0.8173 0.9812 0.3622, 0.8025 0.9812 0.3622, 0.7654 0.9644 0.3661, 0.7604 0.9647 0.3661, 0.7653 0.9623 0.3661, 0.7602 0.9622 0.3661, 0.7658 0.9579 0.3661, 0.7607 0.9576 0.3661, 0.7668 0.9551 0.3661, 0.762 0.9539 0.3661, 0.7682 0.953 0.3661, 0.7642 0.9506 0.3661, 0.7693 0.9519 0.3661, 0.7658 0.949 0.3661, 0.7722 0.95 0.3661, 0.7694 0.9465 0.3661, 0.7754 0.9489 0.3661, 0.7738 0.9448 0.3661, 0.78 0.9484 0.3661, 0.7798 0.9441 0.3661, 0.7856 0.9484 0.3661, 0.7904 0.9441 0.3661, 0.7856 0.977 0.3661, 0.7904 0.9812 0.3661, 0.7802 0.977 0.3661, 0.7802 0.9812 0.3661, 0.7756 0.9765 0.3661, 0.774 0.9804 0.3661, 0.7724 0.9753 0.3661, 0.7698 0.9788 0.3661, 0.7699 0.9737 0.3661, 0.7662 0.9763 0.3661, 0.7692 0.9731 0.3661, 0.7658 0.976 0.3661, 0.7673 0.9707 0.3661, 0.7631 0.9728 0.3661, 0.766 0.9679 0.3661, 0.7613 0.969 0.3661, 0.7802 0.9812 0.3622, 0.7904 0.9812 0.3622, 0.774 0.9804 0.3622, 0.7698 0.9788 0.3622, 0.7662 0.9763 0.3622, 0.7658 0.976 0.3622, 0.7631 0.9728 0.3622, 0.7613 0.969 0.3622, 0.7604 0.9647 0.3622, 0.7602 0.9622 0.3622, 0.7607 0.9576 0.3622, 0.762 0.9539 0.3622, 0.7642 0.9506 0.3622, 0.7658 0.949 0.3622, 0.7694 0.9465 0.3622, 0.7738 0.9448 0.3622, 0.7798 0.9441 0.3622, 0.7904 0.9441 0.3622, 0.78 0.9484 0.3622, 0.7856 0.9484 0.3622, 0.7856 0.977 0.3622, 0.7802 0.977 0.3622, 0.7692 0.9731 0.3622, 0.7699 0.9737 0.3622, 0.7724 0.9753 0.3622, 0.7756 0.9765 0.3622, 0.7653 0.9623 0.3622, 0.7654 0.9644 0.3622, 0.766 0.9679 0.3622, 0.7673 0.9707 0.3622, 0.7693 0.9519 0.3622, 0.7682 0.953 0.3622, 0.7668 0.9551 0.3622, 0.7658 0.9579 0.3622, 0.7754 0.9489 0.3622, 0.7722 0.95 0.3622
            ]
        }
        coordIndex [
            0,1,2,-1,2,1,3,-1,4,0,5,-1,5,0,2,-1,6,4,7,-1,7,4,5,-1,8,6,9,-1,9,6,7,-1,10,8,11,-1,11,8,9,-1,1,10,3,-1,3,10,11,-1,6,8,4,-1,4,8,10,-1,4,10,0,-1,0,10,1,-1,12,13,14,-1,15,16,17,-1,15,17,18,-1,18,17,19,-1,18,19,14,-1,14,19,20,-1,14,20,12,-1,21,13,22,-1,22,13,12,-1,21,22,23,-1,21,23,24,-1,23,25,24,-1,24,25,26,-1,24,26,27,-1,27,26,28,-1,27,28,29,-1,29,28,30,-1,29,30,31,-1,31,30,32,-1,31,32,33,-1,33,32,34,-1,33,34,35,-1,35,34,36,-1,35,36,37,-1,37,36,38,-1,37,38,39,-1,39,38,40,-1,39,40,41,-1,41,40,42,-1,41,42,43,-1,43,42,44,-1,43,44,45,-1,45,44,46,-1,45,46,47,-1,47,46,48,-1,47,48,49,-1,49,48,50,-1,49,50,51,-1,51,50,52,-1,51,52,53,-1,53,52,54,-1,53,54,55,-1,55,54,56,-1,55,56,57,-1,57,56,58,-1,57,58,59,-1,59,58,60,-1,59,60,61,-1,62,63,64,-1,61,60,65,-1,61,65,66,-1,66,65,67,-1,66,67,64,-1,64,67,68,-1,64,68,62,-1,69,63,70,-1,70,63,62,-1,71,72,73,-1,69,70,74,-1,69,74,75,-1,74,76,75,-1,75,76,77,-1,75,77,73,-1,73,77,78,-1,73,78,71,-1,71,79,72,-1,72,79,80,-1,79,81,80,-1,80,81,82,-1,80,82,83,-1,83,82,84,-1,83,84,85,-1,85,84,86,-1,85,86,87,-1,87,86,88,-1,87,88,89,-1,89,88,90,-1,89,90,91,-1,90,92,91,-1,91,92,93,-1,91,93,94,-1,94,93,95,-1,94,95,96,-1,96,95,97,-1,96,97,98,-1,98,97,99,-1,98,99,100,-1,99,101,100,-1,100,101,102,-1,100,102,103,-1,103,102,104,-1,103,104,105,-1,105,104,106,-1,105,106,107,-1,107,106,108,-1,107,108,109,-1,109,108,110,-1,109,110,111,-1,111,110,16,-1,111,16,15,-1,64,63,69,-1,39,41,98,-1,47,49,89,-1,98,41,96,-1,89,49,87,-1,64,69,66,-1,66,69,75,-1,66,75,61,-1,61,75,73,-1,61,73,59,-1,59,73,72,-1,59,72,57,-1,57,72,80,-1,57,80,55,-1,80,83,55,-1,55,83,85,-1,55,85,53,-1,53,85,87,-1,53,87,51,-1,51,87,49,-1,98,100,39,-1,39,100,103,-1,39,103,37,-1,37,103,105,-1,37,105,35,-1,35,105,107,-1,35,107,33,-1,33,107,109,-1,33,109,31,-1,31,109,111,-1,31,111,29,-1,29,111,15,-1,29,15,27,-1,27,15,18,-1,27,18,24,-1,24,18,14,-1,24,14,21,-1,21,14,13,-1,41,43,96,-1,96,43,45,-1,96,45,94,-1,94,45,47,-1,94,47,91,-1,91,47,89,-1,112,113,114,-1,114,113,115,-1,116,117,118,-1,118,117,112,-1,118,112,114,-1,119,117,120,-1,120,117,116,-1,119,120,121,-1,121,120,122,-1,121,122,123,-1,124,121,125,-1,125,121,123,-1,126,127,128,-1,128,127,124,-1,128,124,125,-1,129,127,130,-1,130,127,126,-1,129,130,131,-1,131,130,132,-1,131,132,133,-1,134,131,135,-1,135,131,133,-1,136,137,138,-1,138,137,134,-1,138,134,135,-1,139,137,140,-1,140,137,136,-1,139,140,113,-1,113,140,141,-1,113,141,115,-1,131,134,129,-1,129,134,137,-1,129,137,127,-1,113,112,139,-1,139,112,117,-1,139,117,119,-1,121,124,119,-1,119,124,127,-1,119,127,139,-1,139,127,137,-1,142,143,144,-1,144,143,145,-1,144,145,146,-1,146,145,147,-1,146,147,148,-1,148,147,149,-1,148,149,150,-1,150,149,151,-1,150,151,152,-1,152,151,153,-1,152,153,154,-1,154,153,155,-1,154,155,156,-1,156,155,157,-1,156,157,158,-1,158,157,159,-1,158,159,160,-1,160,159,161,-1,160,161,162,-1,162,161,163,-1,162,163,164,-1,164,163,165,-1,164,165,166,-1,166,165,167,-1,166,167,168,-1,168,167,169,-1,168,169,170,-1,170,169,171,-1,170,171,172,-1,172,171,173,-1,172,173,174,-1,174,173,175,-1,174,175,176,-1,176,175,177,-1,176,177,142,-1,142,177,143,-1,165,163,178,-1,178,163,179,-1,165,178,180,-1,165,180,167,-1,167,180,181,-1,167,181,169,-1,169,181,182,-1,169,182,171,-1,171,182,183,-1,171,183,173,-1,173,183,184,-1,173,184,175,-1,175,184,185,-1,175,185,177,-1,177,185,186,-1,177,186,143,-1,143,186,187,-1,143,187,145,-1,145,187,188,-1,145,188,147,-1,147,188,189,-1,147,189,149,-1,149,189,190,-1,149,190,151,-1,151,190,191,-1,151,191,153,-1,153,191,192,-1,153,192,155,-1,155,192,193,-1,155,193,157,-1,157,193,194,-1,157,194,159,-1,161,159,195,-1,195,159,194,-1,163,161,179,-1,179,161,195,-1,158,160,196,-1,196,160,197,-1,160,162,197,-1,197,162,198,-1,162,164,198,-1,198,164,199,-1,172,200,201,-1,172,201,170,-1,170,201,202,-1,170,202,168,-1,168,202,203,-1,168,203,166,-1,166,203,199,-1,166,199,164,-1,144,204,205,-1,144,205,142,-1,142,205,206,-1,142,206,176,-1,176,206,207,-1,176,207,174,-1,174,207,200,-1,174,200,172,-1,152,208,209,-1,152,209,150,-1,150,209,210,-1,150,210,148,-1,148,210,211,-1,148,211,146,-1,146,211,204,-1,146,204,144,-1,158,196,212,-1,158,212,156,-1,156,212,213,-1,156,213,154,-1,154,213,208,-1,154,208,152,-1,
        ]
    }
}
Shape{
    appearance Appearance {
        material  Material 	{
            diffuseColor 0.0 0.0 0.0
            specularColor 0.0 0.0 0.0
            ambientIntensity 0.0
            transparency 0.0
            shininess 0.5
        }
    }
    geometry IndexedFaceSet {
        ccw TRUE
        solid FALSE
        coord DEF co Coordinate {
            point [
                0.7856 0.9484 0.3622, 0.7856 0.977 0.3622, 0.78 0.9484 0.3622, 0.7802 0.977 0.3622, 0.7756 0.9765 0.3622, 0.7724 0.9753 0.3622, 0.7699 0.9737 0.3622, 0.7692 0.9731 0.3622, 0.7673 0.9707 0.3622, 0.766 0.9679 0.3622, 0.7654 0.9644 0.3622, 0.7653 0.9623 0.3622, 0.7658 0.9579 0.3622, 0.7668 0.9551 0.3622, 0.7682 0.953 0.3622, 0.7693 0.9519 0.3622, 0.7754 0.9489 0.3622, 0.7722 0.95 0.3622
            ]
        }
        coordIndex [
            0,1,2,-1,2,1,3,-1,2,3,4,-1,4,5,2,-1,2,5,6,-1,2,6,7,-1,7,8,2,-1,2,8,9,-1,2,9,10,-1,10,11,2,-1,2,11,12,-1,2,12,13,-1,13,14,2,-1,2,14,15,-1,2,15,16,-1,16,15,17,-1,
        ]
    }
}
Shape{
    appearance Appearance {
        material  Material 	{
            diffuseColor 1.0 1.0 1.0
            specularColor 0.5019607843137255 0.5019607843137255 0.5019607843137255
            ambientIntensity 1.0
            transparency 0.0
            shininess 0.5
        }
    }
    geometry IndexedFaceSet {
        ccw TRUE
        solid FALSE
        coord DEF co Coordinate {
            point [
                0.7478 0.9669 0.3661, 0.7493 0.9711 0.3661, 0.7354 0.9669 0.3661, 0.7339 0.9711 0.3661, 0.7423 0.9515 0.3661, 0.7441 0.9441 0.3661, 0.7582 0.9812 0.3661, 0.7529 0.9812 0.3661, 0.7419 0.9503 0.3661, 0.7417 0.9489 0.3661, 0.7389 0.9441 0.3661, 0.7415 0.9489 0.3661, 0.7412 0.9504 0.3661, 0.741 0.9515 0.3661, 0.7248 0.9812 0.3661, 0.7301 0.9812 0.3661, 0.7389 0.9441 0.3622, 0.7248 0.9812 0.3622, 0.7441 0.9441 0.3622, 0.7582 0.9812 0.3622, 0.7475 0.9531 0.3622, 0.7529 0.9812 0.3622, 0.7493 0.9711 0.3622, 0.7339 0.9711 0.3622, 0.7475 0.9711 0.3622, 0.7301 0.9812 0.3622, 0.7478 0.9669 0.3622, 0.7354 0.9669 0.3622, 0.741 0.9515 0.3622, 0.7415 0.9489 0.3622, 0.7412 0.9504 0.3622, 0.7417 0.9489 0.3622, 0.7423 0.9515 0.3622, 0.7419 0.9503 0.3622
            ]
        }
        coordIndex [
            0,1,2,-1,2,1,3,-1,4,5,0,-1,0,5,6,-1,0,6,1,-1,1,6,7,-1,4,8,5,-1,5,8,9,-1,5,9,10,-1,10,9,11,-1,10,11,12,-1,12,13,10,-1,10,13,2,-1,10,2,14,-1,14,2,3,-1,14,3,15,-1,10,14,16,-1,16,14,17,-1,5,10,18,-1,18,10,16,-1,19,6,20,-1,20,6,5,-1,20,5,18,-1,7,6,21,-1,21,6,19,-1,1,7,22,-1,22,7,21,-1,23,3,24,-1,24,3,1,-1,24,1,22,-1,15,3,25,-1,25,3,23,-1,14,15,17,-1,17,15,25,-1,0,2,26,-1,26,2,27,-1,2,13,27,-1,27,13,28,-1,11,29,30,-1,11,30,12,-1,12,30,28,-1,12,28,13,-1,11,9,29,-1,29,9,31,-1,4,32,33,-1,4,33,8,-1,8,33,31,-1,8,31,9,-1,4,0,32,-1,32,0,26,-1,
        ]
    }
}
Shape{
    appearance Appearance {
        material  Material 	{
            diffuseColor 0.0 0.0 0.0
            specularColor 0.0 0.0 0.0
            ambientIntensity 0.0
            transparency 0.0
            shininess 0.5
        }
    }
    geometry IndexedFaceSet {
        ccw TRUE
        solid FALSE
        coord DEF co Coordinate {
            point [
                0.7415 0.9489 0.3622, 0.7417 0.9489 0.3622, 0.7412 0.9504 0.3622, 0.7419 0.9503 0.3622, 0.741 0.9515 0.3622, 0.7423 0.9515 0.3622, 0.7354 0.9669 0.3622, 0.7478 0.9669 0.3622
            ]
        }
        coordIndex [
            0,1,2,-1,2,1,3,-1,2,3,4,-1,4,3,5,-1,4,5,6,-1,6,5,7,-1,
        ]
    }
}
Shape{
    appearance Appearance {
        material  Material 	{
            diffuseColor 1.0 1.0 1.0
            specularColor 0.5019607843137255 0.5019607843137255 0.5019607843137255
            ambientIntensity 1.0
            transparency 0.0
            shininess 0.5
        }
    }
    geometry IndexedFaceSet {
        ccw TRUE
        solid FALSE
        coord DEF co Coordinate {
            point [
                0.8536 1.0358 0.3661, 0.8536 1.04 0.3661, 0.8536 1.0358 0.3622, 0.8536 1.04 0.3622, 0.8688 1.0358 0.3661, 0.8688 1.0358 0.3622, 0.8688 1.0233 0.3661, 0.8688 1.0233 0.3622, 0.8555 1.0233 0.3661, 0.8555 1.0233 0.3622, 0.8555 1.0191 0.3661, 0.8555 1.0191 0.3622, 0.8688 1.0191 0.3661, 0.8688 1.0191 0.3622, 0.8688 1.0072 0.3661, 0.8688 1.0072 0.3622, 0.8545 1.0072 0.3661, 0.8545 1.0072 0.3622, 0.8545 1.0029 0.3661, 0.8545 1.0029 0.3622, 0.8736 1.0029 0.3661, 0.8736 1.0029 0.3622, 0.8736 1.04 0.3661, 0.8736 1.04 0.3622, 0.8439 1.0251 0.3661, 0.8459 1.0261 0.3661, 0.8433 1.0292 0.3661, 0.8327 1.0359 0.3661, 0.8326 1.0359 0.3661, 0.8329 1.0316 0.3661, 0.8438 1.0299 0.3661, 0.8473 1.0274 0.3661, 0.8442 1.0307 0.3661, 0.8483 1.0287 0.3661, 0.8445 1.0318 0.3661, 0.8326 1.0296 0.3661, 0.8279 1.023 0.3661, 0.8326 1.0293 0.3661, 0.8326 1.0267 0.3661, 0.8326 1.04 0.3661, 0.8279 1.04 0.3661, 0.8426 1.0287 0.3661, 0.8414 1.0281 0.3661, 0.8404 1.0243 0.3661, 0.8388 1.0275 0.3661, 0.8326 1.0232 0.3661, 0.8489 1.0303 0.3661, 0.8492 1.0323 0.3661, 0.8445 1.0325 0.3661, 0.8492 1.0329 0.3661, 0.8444 1.0336 0.3661, 0.849 1.035 0.3661, 0.8441 1.0344 0.3661, 0.8484 1.0366 0.3661, 0.8435 1.0352 0.3661, 0.8327 1.0211 0.3661, 0.8283 1.0194 0.3661, 0.8332 1.0195 0.3661, 0.829 1.0173 0.3661, 0.8338 1.0185 0.3661, 0.83 1.0158 0.3661, 0.8345 1.0178 0.3661, 0.8312 1.0146 0.3661, 0.8353 1.0172 0.3661, 0.8328 1.0138 0.3661, 0.8364 1.0169 0.3661, 0.8347 1.0132 0.3661, 0.8379 1.0167 0.3661, 0.8375 1.0129 0.3661, 0.8407 1.017 0.3661, 0.8419 1.0134 0.3661, 0.8436 1.018 0.3661, 0.8454 1.0147 0.3661, 0.8466 1.0199 0.3661, 0.8466 1.0154 0.3661, 0.8336 1.0333 0.3661, 0.8346 1.0347 0.3661, 0.8334 1.037 0.3661, 0.8351 1.0352 0.3661, 0.8349 1.0386 0.3661, 0.8365 1.0361 0.3661, 0.8365 1.0397 0.3661, 0.8379 1.0366 0.3661, 0.8384 1.0404 0.3661, 0.8396 1.0368 0.3661, 0.8408 1.0406 0.3661, 0.8412 1.0366 0.3661, 0.8436 1.0403 0.3661, 0.8422 1.0363 0.3661, 0.8454 1.0396 0.3661, 0.8431 1.0356 0.3661, 0.8469 1.0385 0.3661, 0.8474 1.038 0.3661, 0.8375 1.0129 0.3622, 0.8419 1.0134 0.3622, 0.8454 1.0147 0.3622, 0.8466 1.0154 0.3622, 0.8466 1.0199 0.3622, 0.8436 1.018 0.3622, 0.8407 1.017 0.3622, 0.8379 1.0167 0.3622, 0.8364 1.0169 0.3622, 0.8353 1.0172 0.3622, 0.8345 1.0178 0.3622, 0.8338 1.0185 0.3622, 0.8332 1.0195 0.3622, 0.8327 1.0211 0.3622, 0.8326 1.0232 0.3622, 0.8404 1.0243 0.3622, 0.8439 1.0251 0.3622, 0.8459 1.0261 0.3622, 0.8473 1.0274 0.3622, 0.8483 1.0287 0.3622, 0.8489 1.0303 0.3622, 0.8492 1.0323 0.3622, 0.8492 1.0329 0.3622, 0.849 1.035 0.3622, 0.8484 1.0366 0.3622, 0.8474 1.038 0.3622, 0.8469 1.0385 0.3622, 0.8408 1.0406 0.3622, 0.8435 1.0403 0.3622, 0.8436 1.0403 0.3622, 0.8454 1.0396 0.3622, 0.8384 1.0404 0.3622, 0.8383 1.0403 0.3622, 0.8365 1.0397 0.3622, 0.8349 1.0386 0.3622, 0.8334 1.037 0.3622, 0.8327 1.0359 0.3622, 0.8326 1.0359 0.3622, 0.8326 1.04 0.3622, 0.8279 1.04 0.3622, 0.8279 1.023 0.3622, 0.8283 1.0194 0.3622, 0.829 1.0173 0.3622, 0.83 1.0158 0.3622, 0.8312 1.0146 0.3622, 0.8328 1.0138 0.3622, 0.8347 1.0132 0.3622, 0.8433 1.0292 0.3622, 0.8426 1.0287 0.3622, 0.8414 1.0281 0.3622, 0.8388 1.0275 0.3622, 0.8445 1.0325 0.3622, 0.8445 1.0318 0.3622, 0.8442 1.0307 0.3622, 0.8438 1.0299 0.3622, 0.8431 1.0356 0.3622, 0.8435 1.0352 0.3622, 0.8441 1.0344 0.3622, 0.8444 1.0336 0.3622, 0.8396 1.0368 0.3622, 0.8412 1.0366 0.3622, 0.8422 1.0363 0.3622, 0.8346 1.0347 0.3622, 0.8351 1.0352 0.3622, 0.8365 1.0361 0.3622, 0.8379 1.0366 0.3622, 0.8326 1.0293 0.3622, 0.8326 1.0296 0.3622, 0.8329 1.0316 0.3622, 0.8336 1.0333 0.3622, 0.8326 1.0267 0.3622
            ]
        }
        coordIndex [
            0,1,2,-1,2,1,3,-1,4,0,5,-1,5,0,2,-1,6,4,7,-1,7,4,5,-1,8,6,9,-1,9,6,7,-1,10,8,11,-1,11,8,9,-1,12,10,13,-1,13,10,11,-1,14,12,15,-1,15,12,13,-1,16,14,17,-1,17,14,15,-1,18,16,19,-1,19,16,17,-1,20,18,21,-1,21,18,19,-1,22,20,23,-1,23,20,21,-1,1,22,3,-1,3,22,23,-1,1,0,22,-1,22,0,4,-1,8,10,6,-1,6,10,12,-1,16,18,14,-1,14,18,20,-1,14,20,12,-1,12,20,22,-1,12,22,6,-1,6,22,4,-1,24,25,26,-1,27,28,29,-1,26,25,30,-1,30,25,31,-1,30,31,32,-1,32,31,33,-1,32,33,34,-1,35,36,37,-1,37,36,38,-1,39,40,28,-1,28,40,36,-1,28,36,29,-1,29,36,35,-1,26,41,24,-1,24,41,42,-1,24,42,43,-1,43,42,44,-1,43,44,45,-1,33,46,34,-1,34,46,47,-1,34,47,48,-1,48,47,49,-1,48,49,50,-1,50,49,51,-1,50,51,52,-1,52,51,53,-1,52,53,54,-1,44,38,45,-1,45,38,36,-1,45,36,55,-1,55,36,56,-1,55,56,57,-1,57,56,58,-1,57,58,59,-1,59,58,60,-1,59,60,61,-1,61,60,62,-1,61,62,63,-1,63,62,64,-1,63,64,65,-1,65,64,66,-1,65,66,67,-1,67,66,68,-1,67,68,69,-1,69,68,70,-1,69,70,71,-1,71,70,72,-1,71,72,73,-1,73,72,74,-1,29,75,27,-1,27,75,76,-1,27,76,77,-1,77,76,78,-1,77,78,79,-1,79,78,80,-1,79,80,81,-1,81,80,82,-1,81,82,83,-1,83,82,84,-1,83,84,85,-1,85,84,86,-1,85,86,87,-1,87,86,88,-1,87,88,89,-1,89,88,90,-1,89,90,91,-1,91,90,54,-1,91,54,92,-1,92,54,53,-1,68,93,94,-1,68,94,70,-1,70,94,95,-1,70,95,72,-1,72,95,96,-1,72,96,74,-1,73,74,97,-1,97,74,96,-1,73,97,98,-1,73,98,71,-1,71,98,99,-1,71,99,69,-1,69,99,100,-1,69,100,67,-1,67,100,101,-1,67,101,65,-1,65,101,102,-1,65,102,63,-1,63,102,103,-1,63,103,61,-1,61,103,104,-1,61,104,59,-1,59,104,105,-1,59,105,57,-1,57,105,106,-1,57,106,55,-1,55,106,107,-1,55,107,45,-1,43,45,108,-1,108,45,107,-1,43,108,109,-1,43,109,24,-1,24,109,110,-1,24,110,25,-1,25,110,111,-1,25,111,31,-1,31,111,112,-1,31,112,33,-1,33,112,113,-1,33,113,46,-1,46,113,114,-1,46,114,47,-1,47,114,115,-1,47,115,49,-1,49,115,116,-1,49,116,51,-1,51,116,117,-1,51,117,53,-1,53,117,118,-1,53,118,92,-1,92,118,119,-1,92,119,91,-1,120,85,121,-1,121,85,87,-1,121,87,122,-1,122,87,89,-1,122,89,123,-1,123,89,91,-1,123,91,119,-1,85,120,124,-1,85,124,83,-1,83,124,125,-1,83,125,81,-1,125,126,81,-1,81,126,127,-1,81,127,79,-1,79,127,128,-1,79,128,77,-1,77,128,129,-1,77,129,27,-1,28,27,130,-1,130,27,129,-1,39,28,131,-1,131,28,130,-1,40,39,132,-1,132,39,131,-1,36,40,133,-1,133,40,132,-1,36,133,134,-1,36,134,56,-1,56,134,135,-1,56,135,58,-1,58,135,136,-1,58,136,60,-1,60,136,137,-1,60,137,62,-1,62,137,138,-1,62,138,64,-1,64,138,139,-1,64,139,66,-1,66,139,93,-1,66,93,68,-1,26,140,141,-1,26,141,41,-1,41,141,142,-1,41,142,42,-1,42,142,143,-1,42,143,44,-1,48,144,145,-1,48,145,34,-1,34,145,146,-1,34,146,32,-1,32,146,147,-1,32,147,30,-1,30,147,140,-1,30,140,26,-1,90,148,149,-1,90,149,54,-1,54,149,150,-1,54,150,52,-1,52,150,151,-1,52,151,50,-1,50,151,144,-1,50,144,48,-1,84,152,153,-1,84,153,86,-1,86,153,154,-1,86,154,88,-1,88,154,148,-1,88,148,90,-1,76,155,156,-1,76,156,78,-1,78,156,157,-1,78,157,80,-1,80,157,158,-1,80,158,82,-1,82,158,152,-1,82,152,84,-1,37,159,160,-1,37,160,35,-1,35,160,161,-1,35,161,29,-1,29,161,162,-1,29,162,75,-1,75,162,155,-1,75,155,76,-1,37,38,159,-1,159,38,163,-1,38,44,163,-1,163,44,143,-1,
        ]
    }
}
Shape{
    appearance Appearance {
        material  Material 	{
            diffuseColor 0.0 0.0 0.0
            specularColor 0.0 0.0 0.0
            ambientIntensity 0.0
            transparency 0.0
            shininess 0.5
        }
    }
    geometry IndexedFaceSet {
        ccw TRUE
        solid FALSE
        coord DEF co Coordinate {
            point [
                0.8326 1.0267 0.3622, 0.8388 1.0275 0.3622, 0.8326 1.0293 0.3622, 0.8414 1.0281 0.3622, 0.8426 1.0287 0.3622, 0.8433 1.0292 0.3622, 0.8326 1.0296 0.3622, 0.8329 1.0316 0.3622, 0.8438 1.0299 0.3622, 0.8336 1.0333 0.3622, 0.8435 1.0352 0.3622, 0.8431 1.0356 0.3622, 0.8351 1.0352 0.3622, 0.8441 1.0344 0.3622, 0.8365 1.0361 0.3622, 0.8379 1.0366 0.3622, 0.8396 1.0368 0.3622, 0.8442 1.0307 0.3622, 0.8445 1.0318 0.3622, 0.8346 1.0347 0.3622, 0.8445 1.0325 0.3622, 0.8444 1.0336 0.3622, 0.8422 1.0363 0.3622, 0.8412 1.0366 0.3622
            ]
        }
        coordIndex [
            0,1,2,-1,2,1,3,-1,3,4,2,-1,2,4,5,-1,2,5,6,-1,6,5,7,-1,7,5,8,-1,7,8,9,-1,10,11,12,-1,10,12,13,-1,14,12,15,-1,15,12,16,-1,8,17,9,-1,9,17,18,-1,9,18,19,-1,19,18,20,-1,19,20,12,-1,12,20,21,-1,12,21,13,-1,11,22,12,-1,12,22,23,-1,12,23,16,-1,
        ]
    }
}
Shape{
    appearance Appearance {
        material  Material 	{
            diffuseColor 1.0 1.0 1.0
            specularColor 0.5019607843137255 0.5019607843137255 0.5019607843137255
            ambientIntensity 1.0
            transparency 0.0
            shininess 0.5
        }
    }
    geometry IndexedFaceSet {
        ccw TRUE
        solid FALSE
        coord DEF co Coordinate {
            point [
                0.8216 1.0343 0.3622, 0.8216 1.0343 0.3661, 0.8198 1.0354 0.3661, 0.814 1.0368 0.3661, 0.814 1.0368 0.3622, 0.8169 1.0365 0.3622, 0.8169 1.0365 0.3661, 0.8195 1.0355 0.3622, 0.8198 1.0354 0.3622, 0.8216 1.0391 0.3661, 0.8216 1.0391 0.3622, 0.8195 1.0398 0.3622, 0.8183 1.0402 0.3661, 0.8145 1.0406 0.3622, 0.8145 1.0406 0.3661, 0.8175 1.0403 0.3622, 0.8183 1.0402 0.3622, 0.8118 1.0403 0.3622, 0.8103 1.0401 0.3661, 0.8103 1.0401 0.3622, 0.8078 1.0392 0.3622, 0.8078 1.0392 0.3661, 0.8067 1.0385 0.3622, 0.8067 1.0385 0.3661, 0.8054 1.0374 0.3622, 0.8054 1.0374 0.3661, 0.8045 1.0361 0.3622, 0.8045 1.0361 0.3661, 0.804 1.0347 0.3622, 0.804 1.0347 0.3661, 0.8038 1.0328 0.3622, 0.8038 1.0328 0.3661, 0.804 1.0311 0.3622, 0.804 1.0311 0.3661, 0.8044 1.0297 0.3622, 0.8044 1.0297 0.3661, 0.8053 1.0284 0.3622, 0.8053 1.0284 0.3661, 0.8064 1.0274 0.3622, 0.8064 1.0274 0.3661, 0.8095 1.0257 0.3622, 0.8095 1.0257 0.3661, 0.8113 1.025 0.3622, 0.8113 1.025 0.3661, 0.8142 1.0237 0.3622, 0.8142 1.0237 0.3661, 0.8158 1.0227 0.3622, 0.8158 1.0227 0.3661, 0.8163 1.0222 0.3622, 0.8163 1.0222 0.3661, 0.8166 1.0216 0.3622, 0.8166 1.0216 0.3661, 0.8168 1.0209 0.3622, 0.8168 1.0209 0.3661, 0.8168 1.0202 0.3622, 0.8168 1.0202 0.3661, 0.8167 1.0195 0.3622, 0.8167 1.0195 0.3661, 0.8165 1.0189 0.3622, 0.8165 1.0189 0.3661, 0.8161 1.0183 0.3622, 0.8161 1.0183 0.3661, 0.8154 1.0177 0.3622, 0.8154 1.0177 0.3661, 0.8144 1.0171 0.3622, 0.8144 1.0171 0.3661, 0.8131 1.0168 0.3622, 0.8131 1.0168 0.3661, 0.8118 1.0167 0.3622, 0.8118 1.0167 0.3661, 0.8087 1.017 0.3622, 0.8087 1.017 0.3661, 0.8061 1.018 0.3622, 0.8061 1.018 0.3661, 0.805 1.0186 0.3622, 0.805 1.0186 0.3661, 0.805 1.0141 0.3661, 0.805 1.0141 0.3622, 0.8087 1.0131 0.3622, 0.8087 1.0131 0.3661, 0.8113 1.0129 0.3622, 0.8113 1.0129 0.3661, 0.8147 1.0133 0.3622, 0.8147 1.0133 0.3661, 0.8173 1.0142 0.3622, 0.8173 1.0142 0.3661, 0.8186 1.015 0.3622, 0.8186 1.015 0.3661, 0.8195 1.0158 0.3622, 0.82 1.0163 0.3661, 0.82 1.0163 0.3622, 0.8209 1.0175 0.3622, 0.8209 1.0175 0.3661, 0.8214 1.019 0.3622, 0.8214 1.019 0.3661, 0.8216 1.0207 0.3622, 0.8216 1.0207 0.3661, 0.8214 1.0225 0.3622, 0.8214 1.0225 0.3661, 0.8209 1.0239 0.3622, 0.8209 1.0239 0.3661, 0.8203 1.0249 0.3622, 0.8203 1.0249 0.3661, 0.8146 1.0284 0.3622, 0.8146 1.0284 0.3661, 0.8173 1.0271 0.3661, 0.8195 1.0256 0.3622, 0.8195 1.0256 0.3661, 0.8195 1.0257 0.3622, 0.8173 1.0271 0.3622, 0.8115 1.0296 0.3622, 0.8115 1.0296 0.3661, 0.8097 1.0307 0.3622, 0.8097 1.0307 0.3661, 0.8091 1.0313 0.3622, 0.8091 1.0313 0.3661, 0.8088 1.0319 0.3622, 0.8088 1.0319 0.3661, 0.8086 1.0327 0.3622, 0.8086 1.0327 0.3661, 0.8085 1.0332 0.3622, 0.8085 1.0332 0.3661, 0.8086 1.0341 0.3622, 0.8086 1.0341 0.3661, 0.8089 1.0348 0.3622, 0.8089 1.0348 0.3661, 0.8093 1.0354 0.3622, 0.8093 1.0354 0.3661, 0.8098 1.0359 0.3622, 0.8098 1.0359 0.3661, 0.8102 1.0361 0.3622, 0.8102 1.0361 0.3661, 0.8114 1.0366 0.3622, 0.8114 1.0366 0.3661, 0.8138 1.0368 0.3622, 0.8138 1.0368 0.3661, 0.7807 1.0135 0.3661, 0.7759 1.0135 0.3661, 0.7807 1.0135 0.3622, 0.7759 1.0135 0.3622, 0.788 1.0335 0.3661, 0.788 1.0335 0.3622, 0.7883 1.0347 0.3622, 0.7883 1.0347 0.3661, 0.7885 1.0356 0.3622, 0.7885 1.0356 0.3661, 0.7887 1.0356 0.3661, 0.7887 1.0356 0.3622, 0.7892 1.0334 0.3661, 0.7892 1.0334 0.3622, 0.7961 1.0135 0.3661, 0.7939 1.02 0.3622, 0.7961 1.0135 0.3622, 0.8013 1.0135 0.3661, 0.8013 1.0135 0.3622, 0.791 1.0399 0.3661, 0.7939 1.0324 0.3622, 0.791 1.0399 0.3622, 0.793 1.0448 0.3622, 0.793 1.0448 0.3661, 0.7911 1.0403 0.3622, 0.7939 1.0464 0.3622, 0.7939 1.0464 0.3622, 0.7948 1.0474 0.3661, 0.7939 1.0464 0.3661, 0.7948 1.0474 0.3622, 0.7956 1.048 0.3622, 0.7956 1.048 0.3661, 0.7966 1.0484 0.3622, 0.7966 1.0484 0.3661, 0.7978 1.0485 0.3622, 0.7978 1.0485 0.3661, 0.7994 1.0483 0.3622, 0.7994 1.0483 0.3661, 0.8004 1.048 0.3622, 0.8004 1.048 0.3661, 0.8004 1.0521 0.3661, 0.8004 1.0521 0.3622, 0.7984 1.0524 0.3622, 0.7984 1.0524 0.3661, 0.7974 1.0525 0.3622, 0.7974 1.0525 0.3661, 0.7955 1.0523 0.3622, 0.7955 1.0523 0.3661, 0.7939 1.0516 0.3622, 0.7937 1.0516 0.3661, 0.7937 1.0516 0.3622, 0.7921 1.0504 0.3622, 0.7921 1.0504 0.3661, 0.7917 1.0501 0.3622, 0.7917 1.0501 0.3661, 0.79 1.0481 0.3622, 0.79 1.0481 0.3661, 0.7879 1.044 0.3622, 0.7879 1.044 0.3661, 0.7865 1.0403 0.3622, 0.751 1.0358 0.3661, 0.751 1.04 0.3661, 0.751 1.0358 0.3622, 0.751 1.04 0.3622, 0.7661 1.0358 0.3661, 0.7592 1.0358 0.3622, 0.7661 1.0358 0.3622, 0.7661 1.0233 0.3661, 0.7661 1.0233 0.3622, 0.7529 1.0233 0.3661, 0.7592 1.0233 0.3622, 0.7529 1.0233 0.3622, 0.7529 1.0191 0.3661, 0.7529 1.0191 0.3622, 0.7661 1.0191 0.3622, 0.7661 1.0191 0.3661, 0.7592 1.0191 0.3622, 0.7661 1.0072 0.3661, 0.7661 1.0072 0.3622, 0.7518 1.0072 0.3622, 0.7518 1.0072 0.3661, 0.7592 1.0072 0.3622, 0.7518 1.0029 0.3661, 0.7518 1.0029 0.3622, 0.7709 1.0029 0.3622, 0.7709 1.0029 0.3661, 0.7592 1.0029 0.3622, 0.7709 1.04 0.3661, 0.7709 1.04 0.3622, 0.7592 1.04 0.3622, 0.7189 1.0232 0.3661, 0.7139 1.0235 0.3661, 0.7188 1.0211 0.3661, 0.7138 1.021 0.3661, 0.7193 1.0167 0.3661, 0.7143 1.0164 0.3661, 0.7204 1.0139 0.3661, 0.7156 1.0127 0.3661, 0.7218 1.0118 0.3661, 0.7178 1.0094 0.3661, 0.7229 1.0107 0.3661, 0.7194 1.0078 0.3661, 0.7258 1.0088 0.3661, 0.723 1.0054 0.3661, 0.729 1.0077 0.3661, 0.7274 1.0036 0.3661, 0.7336 1.0072 0.3661, 0.7334 1.0029 0.3661, 0.7392 1.0072 0.3661, 0.744 1.0029 0.3661, 0.7392 1.0358 0.3661, 0.744 1.04 0.3661, 0.7338 1.0358 0.3661, 0.7338 1.04 0.3661, 0.7291 1.0353 0.3661, 0.7276 1.0393 0.3661, 0.726 1.0341 0.3661, 0.7233 1.0376 0.3661, 0.7235 1.0325 0.3661, 0.7198 1.0351 0.3661, 0.7228 1.0319 0.3661, 0.7194 1.0348 0.3661, 0.7209 1.0295 0.3661, 0.7167 1.0316 0.3661, 0.7196 1.0267 0.3661, 0.7149 1.0278 0.3661, 0.7338 1.04 0.3622, 0.744 1.04 0.3622, 0.7276 1.0393 0.3622, 0.7233 1.0376 0.3622, 0.7198 1.0351 0.3622, 0.7194 1.0348 0.3622, 0.7193 1.0347 0.3622, 0.7167 1.0316 0.3622, 0.7149 1.0278 0.3622, 0.7139 1.0235 0.3622, 0.7138 1.021 0.3622, 0.7194 1.0078 0.3622, 0.7193 1.0079 0.3622, 0.7178 1.0094 0.3622, 0.7156 1.0127 0.3622, 0.7143 1.0164 0.3622, 0.723 1.0054 0.3622, 0.7274 1.0036 0.3622, 0.7334 1.0029 0.3622, 0.744 1.0029 0.3622, 0.7336 1.0072 0.3622, 0.7392 1.0072 0.3622, 0.7392 1.0358 0.3622, 0.7338 1.0358 0.3622, 0.7228 1.0319 0.3622, 0.7235 1.0325 0.3622, 0.726 1.0341 0.3622, 0.7291 1.0353 0.3622, 0.7188 1.0211 0.3622, 0.7189 1.0232 0.3622, 0.7196 1.0267 0.3622, 0.7209 1.0295 0.3622, 0.7229 1.0107 0.3622, 0.7218 1.0118 0.3622, 0.7204 1.0139 0.3622, 0.7193 1.0167 0.3622, 0.729 1.0077 0.3622, 0.7258 1.0088 0.3622
            ]
        }
        coordIndex [
            0,1,2,-1,3,4,5,-1,3,5,6,-1,6,5,7,-1,6,7,2,-1,2,7,8,-1,2,8,0,-1,9,1,10,-1,10,1,0,-1,10,11,9,-1,9,11,12,-1,13,14,15,-1,15,14,12,-1,15,12,16,-1,16,12,11,-1,13,17,14,-1,14,17,18,-1,17,19,18,-1,18,19,20,-1,18,20,21,-1,21,20,22,-1,21,22,23,-1,23,22,24,-1,23,24,25,-1,25,24,26,-1,25,26,27,-1,27,26,28,-1,27,28,29,-1,29,28,30,-1,29,30,31,-1,31,30,32,-1,31,32,33,-1,33,32,34,-1,33,34,35,-1,35,34,36,-1,35,36,37,-1,37,36,38,-1,37,38,39,-1,39,38,40,-1,39,40,41,-1,41,40,42,-1,41,42,43,-1,43,42,44,-1,43,44,45,-1,45,44,46,-1,45,46,47,-1,47,46,48,-1,47,48,49,-1,49,48,50,-1,49,50,51,-1,51,50,52,-1,51,52,53,-1,53,52,54,-1,53,54,55,-1,55,54,56,-1,55,56,57,-1,57,56,58,-1,57,58,59,-1,59,58,60,-1,59,60,61,-1,61,60,62,-1,61,62,63,-1,63,62,64,-1,63,64,65,-1,65,64,66,-1,65,66,67,-1,67,66,68,-1,67,68,69,-1,69,68,70,-1,69,70,71,-1,71,70,72,-1,71,72,73,-1,73,72,74,-1,73,74,75,-1,76,75,77,-1,77,75,74,-1,76,77,78,-1,76,78,79,-1,79,78,80,-1,79,80,81,-1,81,80,82,-1,81,82,83,-1,83,82,84,-1,83,84,85,-1,85,84,86,-1,85,86,87,-1,86,88,87,-1,87,88,89,-1,88,90,89,-1,89,90,91,-1,89,91,92,-1,92,91,93,-1,92,93,94,-1,94,93,95,-1,94,95,96,-1,96,95,97,-1,96,97,98,-1,98,97,99,-1,98,99,100,-1,100,99,101,-1,100,101,102,-1,103,104,105,-1,102,101,106,-1,102,106,107,-1,107,106,108,-1,107,108,105,-1,105,108,109,-1,105,109,103,-1,104,103,110,-1,104,110,111,-1,111,110,112,-1,111,112,113,-1,113,112,114,-1,113,114,115,-1,115,114,116,-1,115,116,117,-1,117,116,118,-1,117,118,119,-1,119,118,120,-1,119,120,121,-1,121,120,122,-1,121,122,123,-1,123,122,124,-1,123,124,125,-1,125,124,126,-1,125,126,127,-1,127,126,128,-1,127,128,129,-1,129,128,130,-1,129,130,131,-1,131,130,132,-1,131,132,133,-1,133,132,134,-1,133,134,135,-1,135,134,4,-1,135,4,3,-1,61,63,85,-1,85,63,83,-1,111,43,104,-1,104,43,45,-1,21,23,127,-1,127,23,25,-1,127,25,125,-1,125,25,27,-1,125,27,123,-1,123,27,29,-1,123,29,121,-1,121,29,31,-1,121,31,119,-1,119,31,33,-1,119,33,117,-1,117,33,35,-1,117,35,115,-1,115,35,37,-1,115,37,113,-1,113,37,39,-1,113,39,111,-1,111,39,41,-1,111,41,43,-1,14,3,12,-1,12,3,6,-1,12,6,9,-1,9,6,2,-1,9,2,1,-1,63,65,83,-1,83,65,67,-1,83,67,81,-1,81,67,69,-1,81,69,79,-1,79,69,71,-1,79,71,76,-1,76,71,73,-1,76,73,75,-1,127,129,21,-1,21,129,131,-1,21,131,18,-1,18,131,133,-1,18,133,14,-1,14,133,135,-1,14,135,3,-1,85,87,61,-1,61,87,89,-1,61,89,59,-1,59,89,92,-1,59,92,57,-1,57,92,94,-1,57,94,55,-1,55,94,96,-1,55,96,53,-1,53,96,98,-1,53,98,51,-1,51,98,100,-1,51,100,49,-1,49,100,102,-1,49,102,47,-1,47,102,107,-1,47,107,45,-1,45,107,105,-1,45,105,104,-1,136,137,138,-1,138,137,139,-1,140,136,141,-1,141,136,138,-1,140,141,142,-1,140,142,143,-1,143,142,144,-1,143,144,145,-1,146,145,147,-1,147,145,144,-1,148,146,149,-1,149,146,147,-1,148,149,150,-1,150,149,151,-1,150,151,152,-1,153,150,154,-1,154,150,152,-1,153,154,155,-1,155,154,156,-1,155,156,157,-1,158,159,160,-1,160,159,155,-1,160,155,157,-1,159,158,161,-1,162,163,161,-1,161,163,164,-1,161,164,159,-1,162,165,163,-1,163,165,166,-1,163,166,167,-1,167,166,168,-1,167,168,169,-1,169,168,170,-1,169,170,171,-1,171,170,172,-1,171,172,173,-1,173,172,174,-1,173,174,175,-1,176,175,177,-1,177,175,174,-1,176,177,178,-1,176,178,179,-1,179,178,180,-1,179,180,181,-1,181,180,182,-1,181,182,183,-1,183,182,184,-1,183,184,185,-1,184,186,185,-1,185,186,187,-1,185,187,188,-1,188,187,189,-1,188,189,190,-1,190,189,191,-1,190,191,192,-1,192,191,193,-1,192,193,194,-1,139,137,195,-1,195,137,194,-1,195,194,193,-1,143,145,194,-1,137,136,194,-1,194,136,140,-1,194,140,143,-1,150,153,148,-1,148,153,155,-1,148,155,146,-1,192,164,190,-1,190,164,163,-1,175,176,173,-1,173,176,179,-1,173,179,171,-1,171,179,181,-1,171,181,169,-1,169,181,183,-1,169,183,167,-1,167,183,185,-1,167,185,163,-1,163,185,188,-1,163,188,190,-1,145,146,194,-1,194,146,155,-1,194,155,192,-1,192,155,159,-1,192,159,164,-1,196,197,198,-1,198,197,199,-1,196,198,200,-1,200,198,201,-1,200,201,202,-1,203,200,204,-1,204,200,202,-1,203,204,205,-1,205,204,206,-1,205,206,207,-1,208,205,209,-1,209,205,207,-1,210,211,212,-1,212,211,208,-1,212,208,209,-1,213,211,214,-1,214,211,210,-1,215,216,217,-1,217,216,213,-1,217,213,214,-1,218,216,219,-1,219,216,215,-1,220,221,222,-1,222,221,218,-1,222,218,219,-1,223,221,224,-1,224,221,220,-1,223,224,197,-1,197,224,225,-1,197,225,199,-1,216,218,213,-1,213,218,221,-1,213,221,211,-1,197,196,223,-1,223,196,200,-1,223,200,203,-1,205,208,203,-1,203,208,211,-1,203,211,223,-1,223,211,221,-1,226,227,228,-1,228,227,229,-1,228,229,230,-1,230,229,231,-1,230,231,232,-1,232,231,233,-1,232,233,234,-1,234,233,235,-1,234,235,236,-1,236,235,237,-1,236,237,238,-1,238,237,239,-1,238,239,240,-1,240,239,241,-1,240,241,242,-1,242,241,243,-1,242,243,244,-1,244,243,245,-1,244,245,246,-1,246,245,247,-1,246,247,248,-1,248,247,249,-1,248,249,250,-1,250,249,251,-1,250,251,252,-1,252,251,253,-1,252,253,254,-1,254,253,255,-1,254,255,256,-1,256,255,257,-1,256,257,258,-1,258,257,259,-1,258,259,260,-1,260,259,261,-1,260,261,226,-1,226,261,227,-1,249,247,262,-1,262,247,263,-1,249,262,264,-1,249,264,251,-1,251,264,265,-1,251,265,253,-1,253,265,266,-1,253,266,255,-1,255,266,267,-1,255,267,257,-1,257,267,268,-1,257,268,259,-1,268,269,259,-1,259,269,270,-1,259,270,261,-1,261,270,271,-1,261,271,227,-1,227,271,272,-1,227,272,229,-1,273,237,274,-1,274,237,235,-1,274,235,275,-1,275,235,233,-1,275,233,276,-1,276,233,231,-1,276,231,277,-1,277,231,229,-1,277,229,272,-1,237,273,278,-1,237,278,239,-1,239,278,279,-1,239,279,241,-1,241,279,280,-1,241,280,243,-1,245,243,281,-1,281,243,280,-1,247,245,263,-1,263,245,281,-1,242,244,282,-1,282,244,283,-1,244,246,283,-1,283,246,284,-1,246,248,284,-1,284,248,285,-1,256,286,287,-1,256,287,254,-1,254,287,288,-1,254,288,252,-1,252,288,289,-1,252,289,250,-1,250,289,285,-1,250,285,248,-1,228,290,291,-1,228,291,226,-1,226,291,292,-1,226,292,260,-1,260,292,293,-1,260,293,258,-1,258,293,286,-1,258,286,256,-1,236,294,295,-1,236,295,234,-1,234,295,296,-1,234,296,232,-1,232,296,297,-1,232,297,230,-1,230,297,290,-1,230,290,228,-1,242,282,298,-1,242,298,240,-1,240,298,299,-1,240,299,238,-1,238,299,294,-1,238,294,236,-1,
        ]
    }
}
Shape{
    appearance Appearance {
        material  Material 	{
            diffuseColor 0.0 0.0 0.0
            specularColor 0.0 0.0 0.0
            ambientIntensity 0.0
            transparency 0.0
            shininess 0.5
        }
    }
    geometry IndexedFaceSet {
        ccw TRUE
        solid FALSE
        coord DEF co Coordinate {
            point [
                0.7392 1.0072 0.3622, 0.7392 1.0358 0.3622, 0.7336 1.0072 0.3622, 0.7338 1.0358 0.3622, 0.7291 1.0353 0.3622, 0.726 1.0341 0.3622, 0.7235 1.0325 0.3622, 0.7228 1.0319 0.3622, 0.7209 1.0295 0.3622, 0.7196 1.0267 0.3622, 0.7189 1.0232 0.3622, 0.7188 1.0211 0.3622, 0.7193 1.0167 0.3622, 0.7204 1.0139 0.3622, 0.7218 1.0118 0.3622, 0.7229 1.0107 0.3622, 0.729 1.0077 0.3622, 0.7258 1.0088 0.3622
            ]
        }
        coordIndex [
            0,1,2,-1,2,1,3,-1,2,3,4,-1,4,5,2,-1,2,5,6,-1,2,6,7,-1,7,8,2,-1,2,8,9,-1,2,9,10,-1,10,11,2,-1,2,11,12,-1,2,12,13,-1,13,14,2,-1,2,14,15,-1,2,15,16,-1,16,15,17,-1,
        ]
    }
}
Shape{
    appearance Appearance {
        material  Material 	{
            diffuseColor 1.0 1.0 1.0
            specularColor 0.5019607843137255 0.5019607843137255 0.5019607843137255
            ambientIntensity 1.0
            transparency 0.0
            shininess 0.5
        }
    }
    geometry IndexedFaceSet {
        ccw TRUE
        solid FALSE
        coord DEF co Coordinate {
            point [
                0.7014 1.0257 0.3661, 0.7029 1.0299 0.3661, 0.6889 1.0257 0.3661, 0.6875 1.0299 0.3661, 0.6958 1.0103 0.3661, 0.6976 1.0029 0.3661, 0.7117 1.04 0.3661, 0.7065 1.04 0.3661, 0.6955 1.0092 0.3661, 0.6952 1.0077 0.3661, 0.6925 1.0029 0.3661, 0.6951 1.0077 0.3661, 0.6948 1.0092 0.3661, 0.6945 1.0103 0.3661, 0.6784 1.04 0.3661, 0.6837 1.04 0.3661, 0.6925 1.0029 0.3622, 0.6784 1.04 0.3622, 0.6976 1.0029 0.3622, 0.7117 1.04 0.3622, 0.7065 1.04 0.3622, 0.7029 1.0299 0.3622, 0.6875 1.0299 0.3622, 0.6837 1.04 0.3622, 0.7014 1.0257 0.3622, 0.6889 1.0257 0.3622, 0.6945 1.0103 0.3622, 0.6951 1.0077 0.3622, 0.6948 1.0092 0.3622, 0.6952 1.0077 0.3622, 0.6958 1.0103 0.3622, 0.6955 1.0092 0.3622
            ]
        }
        coordIndex [
            0,1,2,-1,2,1,3,-1,4,5,0,-1,0,5,6,-1,0,6,1,-1,1,6,7,-1,4,8,5,-1,5,8,9,-1,5,9,10,-1,10,9,11,-1,10,11,12,-1,12,13,10,-1,10,13,2,-1,10,2,14,-1,14,2,3,-1,14,3,15,-1,10,14,16,-1,16,14,17,-1,5,10,18,-1,18,10,16,-1,6,5,19,-1,19,5,18,-1,7,6,20,-1,20,6,19,-1,1,7,21,-1,21,7,20,-1,3,1,22,-1,22,1,21,-1,15,3,23,-1,23,3,22,-1,14,15,17,-1,17,15,23,-1,0,2,24,-1,24,2,25,-1,2,13,25,-1,25,13,26,-1,11,27,28,-1,11,28,12,-1,12,28,26,-1,12,26,13,-1,11,9,27,-1,27,9,29,-1,4,30,31,-1,4,31,8,-1,8,31,29,-1,8,29,9,-1,4,0,30,-1,30,0,24,-1,
        ]
    }
}
Shape{
    appearance Appearance {
        material  Material 	{
            diffuseColor 0.0 0.0 0.0
            specularColor 0.0 0.0 0.0
            ambientIntensity 0.0
            transparency 0.0
            shininess 0.5
        }
    }
    geometry IndexedFaceSet {
        ccw TRUE
        solid FALSE
        coord DEF co Coordinate {
            point [
                0.6951 1.0077 0.3622, 0.6952 1.0077 0.3622, 0.6948 1.0092 0.3622, 0.6955 1.0092 0.3622, 0.6945 1.0103 0.3622, 0.6958 1.0103 0.3622, 0.6889 1.0257 0.3622, 0.7014 1.0257 0.3622
            ]
        }
        coordIndex [
            0,1,2,-1,2,1,3,-1,2,3,4,-1,4,3,5,-1,4,5,6,-1,6,5,7,-1,
        ]
    }
}
Shape{
    appearance Appearance {
        material  Material 	{
            diffuseColor 1.0 1.0 1.0
            specularColor 0.5019607843137255 0.5019607843137255 0.5019607843137255
            ambientIntensity 1.0
            transparency 0.0
            shininess 0.5
        }
    }
    geometry IndexedFaceSet {
        ccw TRUE
        solid FALSE
        coord DEF co Coordinate {
            point [
                1.0443 0.9762 0.3661, 1.0384 0.973 0.3661, 1.0398 0.9568 0.3661, 0.9934 1.0463 0.3661, 0.9903 1.0405 0.3661, 0.9887 1.034 0.3661, 1.0294 0.9555 0.3661, 1.018 1.0413 0.3661, 1.0204 1.0403 0.3661, 1.0399 1.0396 0.3661, 1.0224 1.0387 0.3661, 0.9516 1.009 0.3661, 0.9598 0.9951 0.3661, 0.9885 1.0285 0.3661, 0.9951 1.0135 0.3661, 0.9885 1.0312 0.3661, 1.0026 1.0545 0.3661, 0.9974 1.0508 0.3661, 1.0239 1.0369 0.3661, 1.0249 1.0347 0.3661, 1.0433 1.0386 0.3661, 1.0254 1.0322 0.3661, 1.0528 1.034 0.3661, 1.0319 0.9715 0.3661, 1.0291 0.9713 0.3661, 1.0264 0.9557 0.3661, 1.0229 0.9721 0.3661, 1.0233 0.9561 0.3661, 1.017 0.9743 0.3661, 1.0152 0.9753 0.3661, 1.0111 0.9669 0.3661, 1.0179 0.9498 0.3661, 1.0052 0.9599 0.3661, 1.0117 0.9445 0.3661, 0.9982 0.9547 0.3661, 1.0053 0.9405 0.3661, 1.0068 1.0374 0.3661, 1.0082 1.039 0.3661, 1.0102 1.0405 0.3661, 1.0085 1.0567 0.3661, 1.0125 1.0414 0.3661, 1.0149 1.0575 0.3661, 1.0152 1.0417 0.3661, 1.0159 1.0575 0.3661, 1.0156 1.0417 0.3661, 0.9209 1.0343 0.3661, 0.9317 1.022 0.3661, 0.9289 1.0383 0.3661, 0.9366 1.0237 0.3661, 0.9377 1.0401 0.3661, 0.9393 1.024 0.3661, 0.9532 1.0401 0.3661, 0.9511 1.024 0.3661, 0.9547 1.0399 0.3661, 1.0397 1.0219 0.3661, 1.0454 1.0184 0.3661, 1.061 1.0269 0.3661, 1.0502 1.0135 0.3661, 1.067 1.0184 0.3661, 1.0533 1.0083 0.3661, 1.0708 1.0086 0.3661, 1.0552 1.0018 0.3661, 1.0721 0.9982 0.3661, 1.0555 0.9977 0.3661, 1.072 0.9957 0.3661, 1.0547 0.9913 0.3661, 1.0056 1.0278 0.3661, 1.005 1.0302 0.3661, 1.005 1.0326 0.3661, 1.0056 1.0351 0.3661, 0.9429 0.9829 0.3661, 0.9408 0.9829 0.3661, 0.93 0.9687 0.3661, 0.9364 0.9834 0.3661, 0.9288 0.9691 0.3661, 0.9318 0.985 0.3661, 0.9209 0.973 0.3661, 0.9276 0.9878 0.3661, 0.9138 0.9791 0.3661, 0.9241 0.9915 0.3661, 0.9084 0.9865 0.3661, 0.9217 0.9961 0.3661, 0.9052 0.9946 0.3661, 0.9204 1.0011 0.3661, 0.9039 1.0032 0.3661, 0.9203 1.0035 0.3661, 0.9051 1.0126 0.3661, 0.9208 1.008 0.3661, 0.9085 1.021 0.3661, 0.9224 1.0127 0.3661, 0.9137 1.0283 0.3661, 0.9252 1.0169 0.3661, 0.9275 1.0192 0.3661, 0.9443 0.9479 0.3661, 0.9546 0.9599 0.3661, 0.9355 0.958 0.3661, 0.9487 0.967 0.3661, 0.9446 0.9755 0.3661, 1.0496 0.9606 0.3661, 1.0579 0.9665 0.3661, 1.0488 0.9802 0.3661, 1.0597 0.9682 0.3661, 1.0524 0.9854 0.3661, 1.0661 0.9763 0.3661, 1.0703 0.9858 0.3661, 1.0253 1.0296 0.3661, 1.0245 1.0271 0.3661, 1.0368 1.0163 0.3661, 1.0231 1.025 0.3661, 1.0324 1.0113 0.3661, 1.0221 1.0239 0.3661, 1.027 1.0076 0.3661, 1.02 1.0224 0.3661, 1.0212 1.0053 0.3661, 1.0177 1.0215 0.3661, 1.0149 1.0045 0.3661, 1.0152 1.0211 0.3661, 1.0117 1.0047 0.3661, 1.013 1.0214 0.3661, 1.0054 1.0063 0.3661, 1.0105 1.0223 0.3661, 0.9998 1.0093 0.3661, 1.0084 1.0237 0.3661, 1.0067 1.0256 0.3661, 1.0373 1.0453 0.3661, 1.0334 1.0501 0.3661, 1.0282 1.054 0.3661, 1.0221 1.0565 0.3661, 0.9932 0.9358 0.3661, 0.9896 0.9512 0.3661, 0.9801 0.9342 0.3661, 0.9798 0.95 0.3661, 0.9692 0.9353 0.3661, 0.9709 0.9511 0.3661, 0.956 0.94 0.3661, 0.9626 0.9543 0.3661, 0.9552 0.9594 0.3661, 0.9524 1.0238 0.3661, 0.9588 1.0374 0.3661, 0.9582 1.038 0.3661, 0.9517 1.024 0.3661, 0.9565 1.0392 0.3661, 0.9609 1.032 0.3661, 0.9606 1.0339 0.3661, 0.9599 1.0357 0.3661, 0.9547 1.024 0.3661, 0.9566 1.0248 0.3661, 0.9608 1.0309 0.3661, 0.9582 1.0259 0.3661, 0.9593 1.0271 0.3661, 0.9603 1.0289 0.3661, 0.9527 1.0238 0.3661, 0.9039 1.0032 0.3622, 0.9052 0.9946 0.3622, 0.906 0.9924 0.3622, 0.9084 0.9865 0.3622, 0.9138 0.9791 0.3622, 0.9209 0.973 0.3622, 0.9288 0.9691 0.3622, 0.93 0.9687 0.3622, 0.9355 0.958 0.3622, 0.9443 0.9479 0.3622, 0.9503 0.9438 0.3622, 0.956 0.94 0.3622, 0.9692 0.9353 0.3622, 0.9801 0.9342 0.3622, 1.0117 0.9445 0.3622, 1.0107 0.9438 0.3622, 1.0053 0.9405 0.3622, 0.9932 0.9358 0.3622, 1.0179 0.9498 0.3622, 1.0233 0.9561 0.3622, 1.0264 0.9557 0.3622, 1.0294 0.9555 0.3622, 1.0398 0.9568 0.3622, 1.0496 0.9606 0.3622, 1.0579 0.9665 0.3622, 1.0597 0.9682 0.3622, 1.0703 0.9858 0.3622, 1.0661 0.9763 0.3622, 1.0714 0.9924 0.3622, 1.072 0.9957 0.3622, 1.0721 0.9982 0.3622, 1.0708 1.0086 0.3622, 1.067 1.0184 0.3622, 1.061 1.0269 0.3622, 1.0528 1.034 0.3622, 1.0433 1.0386 0.3622, 1.0399 1.0396 0.3622, 1.0396 1.0403 0.3622, 1.0373 1.0453 0.3622, 1.0334 1.0501 0.3622, 1.0282 1.054 0.3622, 1.0258 1.055 0.3622, 1.0221 1.0565 0.3622, 1.0159 1.0575 0.3622, 1.0149 1.0575 0.3622, 0.9885 1.0312 0.3622, 1.0085 1.0567 0.3622, 1.004 1.055 0.3622, 1.0026 1.0545 0.3622, 0.9974 1.0508 0.3622, 0.9934 1.0463 0.3622, 0.9903 1.0405 0.3622, 0.9902 1.0403 0.3622, 0.9887 1.034 0.3622, 0.9885 1.0285 0.3622, 0.9516 1.009 0.3622, 0.9598 0.9951 0.3622, 0.9951 1.0135 0.3622, 0.9998 1.0093 0.3622, 1.0054 1.0063 0.3622, 1.0117 1.0047 0.3622, 1.0149 1.0045 0.3622, 1.0212 1.0053 0.3622, 1.027 1.0076 0.3622, 1.0324 1.0113 0.3622, 1.0368 1.0163 0.3622, 1.0397 1.0219 0.3622, 1.0454 1.0184 0.3622, 1.0502 1.0135 0.3622, 1.0533 1.0083 0.3622, 1.0552 1.0018 0.3622, 1.0555 0.9977 0.3622, 1.0548 0.9924 0.3622, 1.0547 0.9913 0.3622, 1.0524 0.9854 0.3622, 1.0488 0.9802 0.3622, 1.0443 0.9762 0.3622, 1.0384 0.973 0.3622, 1.0319 0.9715 0.3622, 1.0291 0.9713 0.3622, 1.0229 0.9721 0.3622, 1.017 0.9743 0.3622, 1.0152 0.9753 0.3622, 1.0111 0.9669 0.3622, 1.0052 0.9599 0.3622, 0.9982 0.9547 0.3622, 0.9896 0.9512 0.3622, 0.9798 0.95 0.3622, 0.9709 0.9511 0.3622, 0.9626 0.9543 0.3622, 0.9552 0.9594 0.3622, 0.9546 0.9599 0.3622, 0.9487 0.967 0.3622, 0.9446 0.9755 0.3622, 0.9429 0.9829 0.3622, 0.9408 0.9829 0.3622, 0.9364 0.9834 0.3622, 0.9318 0.985 0.3622, 0.9276 0.9878 0.3622, 0.9241 0.9915 0.3622, 0.9237 0.9924 0.3622, 0.9217 0.9961 0.3622, 0.9204 1.0011 0.3622, 0.9203 1.0035 0.3622, 0.9208 1.008 0.3622, 0.9224 1.0127 0.3622, 0.9252 1.0169 0.3622, 0.9275 1.0192 0.3622, 0.9317 1.022 0.3622, 0.9366 1.0237 0.3622, 0.9393 1.024 0.3622, 0.9511 1.024 0.3622, 0.9517 1.024 0.3622, 0.9524 1.0238 0.3622, 0.9527 1.0238 0.3622, 0.9547 1.024 0.3622, 0.9566 1.0248 0.3622, 0.9582 1.0259 0.3622, 0.9593 1.0271 0.3622, 0.9603 1.0289 0.3622, 0.9608 1.0309 0.3622, 0.9609 1.032 0.3622, 0.9606 1.0339 0.3622, 0.9599 1.0357 0.3622, 0.9588 1.0374 0.3622, 0.9582 1.038 0.3622, 0.9565 1.0392 0.3622, 0.9547 1.0399 0.3622, 0.9532 1.0401 0.3622, 0.9377 1.0401 0.3622, 0.9289 1.0383 0.3622, 0.9209 1.0343 0.3622, 0.9137 1.0283 0.3622, 0.9085 1.021 0.3622, 0.9051 1.0126 0.3622, 1.0152 1.0211 0.3622, 1.013 1.0214 0.3622, 1.0105 1.0223 0.3622, 1.0084 1.0237 0.3622, 1.0067 1.0256 0.3622, 1.0056 1.0278 0.3622, 1.005 1.0302 0.3622, 1.005 1.0326 0.3622, 1.0056 1.0351 0.3622, 1.0068 1.0374 0.3622, 1.0082 1.039 0.3622, 1.0102 1.0405 0.3622, 1.0125 1.0414 0.3622, 1.0152 1.0417 0.3622, 1.0156 1.0417 0.3622, 1.018 1.0413 0.3622, 1.0204 1.0403 0.3622, 1.0224 1.0387 0.3622, 1.0239 1.0369 0.3622, 1.0249 1.0347 0.3622, 1.0254 1.0322 0.3622, 1.0253 1.0296 0.3622, 1.0245 1.0271 0.3622, 1.0231 1.025 0.3622, 1.0221 1.0239 0.3622, 1.02 1.0224 0.3622, 1.0177 1.0215 0.3622
            ]
        }
        coordIndex [
            0,1,2,-1,3,4,5,-1,2,1,6,-1,7,8,9,-1,9,8,10,-1,11,12,13,-1,13,12,14,-1,13,14,15,-1,15,14,16,-1,15,16,5,-1,5,16,17,-1,5,17,3,-1,10,18,9,-1,9,18,19,-1,9,19,20,-1,20,19,21,-1,20,21,22,-1,1,23,6,-1,6,23,24,-1,6,24,25,-1,25,24,26,-1,25,26,27,-1,27,26,28,-1,28,29,27,-1,27,29,30,-1,27,30,31,-1,31,30,32,-1,31,32,33,-1,33,32,34,-1,33,34,35,-1,36,37,16,-1,16,37,38,-1,16,38,39,-1,39,38,40,-1,39,40,41,-1,41,40,42,-1,41,42,43,-1,43,42,44,-1,45,46,47,-1,47,46,48,-1,47,48,49,-1,49,48,50,-1,49,50,51,-1,51,50,52,-1,51,52,53,-1,21,54,22,-1,22,54,55,-1,22,55,56,-1,56,55,57,-1,56,57,58,-1,58,57,59,-1,58,59,60,-1,60,59,61,-1,60,61,62,-1,62,61,63,-1,62,63,64,-1,64,63,65,-1,66,67,14,-1,14,67,68,-1,14,68,16,-1,16,68,69,-1,16,69,36,-1,70,71,72,-1,72,71,73,-1,72,73,74,-1,74,73,75,-1,74,75,76,-1,76,75,77,-1,76,77,78,-1,78,77,79,-1,78,79,80,-1,80,79,81,-1,80,81,82,-1,82,81,83,-1,82,83,84,-1,84,83,85,-1,84,85,86,-1,86,85,87,-1,86,87,88,-1,88,87,89,-1,88,89,90,-1,90,89,91,-1,90,91,45,-1,45,91,92,-1,45,92,46,-1,93,94,95,-1,95,94,96,-1,95,96,72,-1,72,96,97,-1,72,97,70,-1,2,98,0,-1,0,98,99,-1,0,99,100,-1,100,99,101,-1,100,101,102,-1,102,101,103,-1,102,103,65,-1,65,103,104,-1,65,104,64,-1,21,105,54,-1,54,105,106,-1,54,106,107,-1,107,106,108,-1,107,108,109,-1,109,108,110,-1,109,110,111,-1,111,110,112,-1,111,112,113,-1,113,112,114,-1,113,114,115,-1,115,114,116,-1,115,116,117,-1,117,116,118,-1,117,118,119,-1,119,118,120,-1,119,120,121,-1,121,120,122,-1,121,122,14,-1,14,122,123,-1,14,123,66,-1,7,9,44,-1,44,9,124,-1,44,124,125,-1,125,126,44,-1,44,126,127,-1,44,127,43,-1,35,34,128,-1,128,34,129,-1,128,129,130,-1,130,129,131,-1,130,131,132,-1,132,131,133,-1,132,133,134,-1,134,133,135,-1,134,135,93,-1,93,135,136,-1,93,136,94,-1,137,138,139,-1,52,140,53,-1,53,140,137,-1,53,137,141,-1,141,137,139,-1,142,143,137,-1,137,143,144,-1,137,144,138,-1,145,146,147,-1,146,148,147,-1,147,148,149,-1,147,149,150,-1,142,137,147,-1,147,137,151,-1,147,151,145,-1,84,152,153,-1,84,153,82,-1,82,153,154,-1,82,154,80,-1,154,155,80,-1,80,155,156,-1,80,156,78,-1,78,156,157,-1,78,157,76,-1,76,157,158,-1,76,158,74,-1,74,158,159,-1,74,159,72,-1,72,159,160,-1,72,160,95,-1,95,160,161,-1,95,161,93,-1,93,161,134,-1,134,161,162,-1,162,163,134,-1,134,163,164,-1,134,164,132,-1,132,164,165,-1,132,165,130,-1,166,33,167,-1,167,33,35,-1,167,35,168,-1,168,35,128,-1,168,128,169,-1,169,128,130,-1,169,130,165,-1,33,166,170,-1,33,170,31,-1,31,170,171,-1,31,171,27,-1,27,171,172,-1,27,172,25,-1,25,172,173,-1,25,173,6,-1,6,173,174,-1,6,174,2,-1,2,174,175,-1,2,175,98,-1,98,175,176,-1,98,176,99,-1,99,176,177,-1,99,177,101,-1,178,103,179,-1,179,103,101,-1,179,101,177,-1,180,64,178,-1,178,64,104,-1,178,104,103,-1,180,181,64,-1,64,181,182,-1,64,182,62,-1,62,182,183,-1,62,183,60,-1,60,183,184,-1,60,184,58,-1,58,184,185,-1,58,185,56,-1,56,185,186,-1,56,186,22,-1,22,186,187,-1,22,187,20,-1,20,187,188,-1,20,188,9,-1,9,188,189,-1,9,189,124,-1,189,190,124,-1,124,190,191,-1,124,191,125,-1,125,191,192,-1,125,192,126,-1,126,192,193,-1,126,193,127,-1,193,194,127,-1,127,194,195,-1,127,195,43,-1,43,195,196,-1,43,196,41,-1,197,15,5,-1,41,196,198,-1,41,198,39,-1,39,198,199,-1,39,199,16,-1,199,200,16,-1,16,200,201,-1,16,201,17,-1,17,201,202,-1,17,202,3,-1,3,202,203,-1,3,203,4,-1,4,203,204,-1,4,204,5,-1,5,204,205,-1,5,205,197,-1,13,15,206,-1,206,15,197,-1,11,13,207,-1,207,13,206,-1,12,11,208,-1,208,11,207,-1,14,12,209,-1,209,12,208,-1,14,209,210,-1,14,210,121,-1,121,210,211,-1,121,211,119,-1,119,211,212,-1,119,212,117,-1,117,212,213,-1,117,213,115,-1,115,213,214,-1,115,214,113,-1,113,214,215,-1,113,215,111,-1,111,215,216,-1,111,216,109,-1,109,216,217,-1,109,217,107,-1,107,217,218,-1,107,218,54,-1,54,218,219,-1,54,219,55,-1,55,219,220,-1,55,220,57,-1,57,220,221,-1,57,221,59,-1,59,221,222,-1,59,222,61,-1,61,222,223,-1,61,223,63,-1,223,224,63,-1,63,224,65,-1,224,225,65,-1,65,225,226,-1,65,226,102,-1,102,226,227,-1,102,227,100,-1,100,227,228,-1,100,228,0,-1,0,228,229,-1,0,229,1,-1,1,229,230,-1,1,230,23,-1,23,230,231,-1,23,231,24,-1,24,231,232,-1,24,232,26,-1,26,232,233,-1,26,233,28,-1,28,233,234,-1,28,234,29,-1,29,234,235,-1,29,235,30,-1,30,235,236,-1,30,236,32,-1,32,236,237,-1,32,237,34,-1,34,237,238,-1,34,238,129,-1,129,238,239,-1,129,239,131,-1,131,239,240,-1,131,240,133,-1,133,240,241,-1,133,241,135,-1,135,241,242,-1,135,242,136,-1,136,242,243,-1,136,243,94,-1,94,243,244,-1,94,244,96,-1,96,244,245,-1,96,245,97,-1,97,245,246,-1,97,246,70,-1,71,70,247,-1,247,70,246,-1,71,247,248,-1,71,248,73,-1,73,248,249,-1,73,249,75,-1,75,249,250,-1,75,250,77,-1,77,250,251,-1,77,251,79,-1,79,251,252,-1,79,252,81,-1,252,253,81,-1,81,253,254,-1,81,254,83,-1,83,254,255,-1,83,255,85,-1,85,255,256,-1,85,256,87,-1,87,256,257,-1,87,257,89,-1,89,257,258,-1,89,258,91,-1,91,258,259,-1,91,259,92,-1,92,259,260,-1,92,260,46,-1,46,260,261,-1,46,261,48,-1,48,261,262,-1,48,262,50,-1,52,50,263,-1,263,50,262,-1,52,263,264,-1,52,264,140,-1,140,264,265,-1,140,265,137,-1,137,265,266,-1,137,266,151,-1,151,266,267,-1,151,267,145,-1,145,267,268,-1,145,268,146,-1,146,268,269,-1,146,269,148,-1,148,269,270,-1,148,270,149,-1,149,270,271,-1,149,271,150,-1,150,271,272,-1,150,272,147,-1,147,272,273,-1,147,273,142,-1,142,273,274,-1,142,274,143,-1,143,274,275,-1,143,275,144,-1,144,275,276,-1,144,276,138,-1,138,276,277,-1,138,277,139,-1,139,277,278,-1,139,278,141,-1,141,278,279,-1,141,279,53,-1,53,279,280,-1,53,280,51,-1,49,51,281,-1,281,51,280,-1,49,281,282,-1,49,282,47,-1,47,282,283,-1,47,283,45,-1,45,283,284,-1,45,284,90,-1,90,284,285,-1,90,285,88,-1,88,285,286,-1,88,286,86,-1,86,286,152,-1,86,152,84,-1,116,287,288,-1,116,288,118,-1,118,288,289,-1,118,289,120,-1,120,289,290,-1,120,290,122,-1,122,290,291,-1,122,291,123,-1,123,291,292,-1,123,292,66,-1,66,292,293,-1,66,293,67,-1,67,293,294,-1,67,294,68,-1,68,294,295,-1,68,295,69,-1,69,295,296,-1,69,296,36,-1,36,296,297,-1,36,297,37,-1,37,297,298,-1,37,298,38,-1,38,298,299,-1,38,299,40,-1,40,299,300,-1,40,300,42,-1,42,300,301,-1,42,301,44,-1,44,301,302,-1,44,302,7,-1,7,302,303,-1,7,303,8,-1,8,303,304,-1,8,304,10,-1,10,304,305,-1,10,305,18,-1,18,305,306,-1,18,306,19,-1,19,306,307,-1,19,307,21,-1,21,307,308,-1,21,308,105,-1,105,308,309,-1,105,309,106,-1,106,309,310,-1,106,310,108,-1,108,310,311,-1,108,311,110,-1,110,311,312,-1,110,312,112,-1,112,312,313,-1,112,313,114,-1,114,313,287,-1,114,287,116,-1,
        ]
    }
}
Shape{
    appearance Appearance {
        material  Material 	{
            diffuseColor 0.0 0.0 0.0
            specularColor 0.0 0.0 0.0
            ambientIntensity 0.0
            transparency 0.0
            shininess 0.5
        }
    }
    geometry IndexedFaceSet {
        ccw TRUE
        solid FALSE
        coord DEF co Coordinate {
            point [
                1.0156 1.0417 0.3622, 1.0221 1.0239 0.3622, 1.0231 1.025 0.3622, 1.0125 1.0414 0.3622, 1.0102 1.0405 0.3622, 1.013 1.0214 0.3622, 1.0152 1.0211 0.3622, 1.0177 1.0215 0.3622, 1.02 1.0224 0.3622, 1.0249 1.0347 0.3622, 1.0239 1.0369 0.3622, 1.0224 1.0387 0.3622, 1.0152 1.0417 0.3622, 1.0245 1.0271 0.3622, 1.0253 1.0296 0.3622, 1.0254 1.0322 0.3622, 1.0204 1.0403 0.3622, 1.018 1.0413 0.3622, 1.0082 1.039 0.3622, 1.0068 1.0374 0.3622, 1.0056 1.0351 0.3622, 1.005 1.0326 0.3622, 1.005 1.0302 0.3622, 1.0056 1.0278 0.3622, 1.0067 1.0256 0.3622, 1.0084 1.0237 0.3622, 1.0105 1.0223 0.3622
            ]
        }
        coordIndex [
            0,1,2,-1,3,4,5,-1,6,7,0,-1,0,7,8,-1,0,8,1,-1,9,10,2,-1,2,10,11,-1,6,0,5,-1,5,0,12,-1,5,12,3,-1,13,14,2,-1,2,14,15,-1,2,15,9,-1,11,16,2,-1,2,16,17,-1,2,17,0,-1,4,18,5,-1,5,18,19,-1,5,19,20,-1,20,21,5,-1,5,21,22,-1,5,22,23,-1,23,24,5,-1,5,24,25,-1,5,25,26,-1,
        ]
    }
}